kode_pegawai,jenis_kelamin,pendidikan,kelompok_pegawai,status_pegawai,golongan,sumber_data,aktif_sistem_baru,status_aktif,tahun,ada_data_tahun_ini,absensi_jumlah_hari,absensi_checkin_terisi,absensi_checkout_terisi,absensi_rata_jam_masuk,absensi_rata_durasi_jam,apel_jumlah_undangan,apel_hadir,apel_tidak_hadir,apel_persen_hadir,penugasan_jumlah,penugasan_kegiatan_unik,penugasan_terverifikasi,pelatihan_jumlah,pelatihan_bersertifikat,pelatihan_kumulatif_sd_tahun,pelatihan_tanpa_tahun,asesmen_integritas,asesmen_kerjasama,asesmen_komunikasi,asesmen_orientasi_hasil,asesmen_pelayanan_publik,asesmen_pengembangan_diri,asesmen_mengelola_perubahan,asesmen_pengambilan_keputusan,asesmen_perekat_bangsa,asesmen_total,asesmen_persen,asesmen_tersedia,skp_predikat,skp_sangat_baik,skp_jumlah_periode,skp_bulan_dinilai,skp_predikat_bervariasi,skp_tw1_predikat,skp_tw1_sangat_baik,skp_tw2_predikat,skp_tw2_sangat_baik,skp_jumlah_triwulan,skp_konsisten_sangat_baik,skp_jenis_penilaian,kelompok_usia
P001,Laki-laki,D3,PNS,Fungsional Umum,Penata/IIIc,sistem_lama,0,Tidak Terdaftar,2023,0,,,,,,0.0,0.0,0.0,,0.0,0.0,0.0,0.0,0.0,0.0,0.0,,,,,,,,,,,,0.0,,,,,,,,,,,,,60+
P001,Laki-laki,D3,PNS,Fungsional Umum,Penata/IIIc,sistem_lama,0,Tidak Terdaftar,2024,0,,,,,,0.0,0.0,0.0,,0.0,0.0,0.0,0.0,0.0,0.0,0.0,,,,,,,,,,,,0.0,,,,,,,,,,,,,60+
P001,Laki-laki,D3,PNS,Fungsional Umum,Penata/IIIc,sistem_lama,0,Tidak Terdaftar,2025,0,0.0,0.0,0.0,,,0.0,0.0,0.0,,0.0,0.0,0.0,0.0,0.0,0.0,0.0,,,,,,,,,,,,0.0,,,,,,,,,,,,,60+
P001,Laki-laki,D3,PNS,Fungsional Umum,Penata/IIIc,sistem_lama,0,Tidak Terdaftar,2026,0,0.0,0.0,0.0,,,0.0,0.0,0.0,,0.0,0.0,,0.0,0.0,0.0,0.0,,,,,,,,,,,,0.0,,,,,,,,,,0.0,,,60+
P002,Laki-laki,SMA/SMK,Pelaksana,PPPK,V,keduanya,1,Aktif,2023,1,,,,,,28.0,16.0,12.0,57.14,1.0,1.0,1.0,0.0,0.0,0.0,0.0,,,,,,,,,,,,0.0,,,,,,,,,,,,,<30
P002,Laki-laki,SMA/SMK,Pelaksana,PPPK,V,keduanya,1,Aktif,2024,1,,,,,,43.0,30.0,13.0,69.77,2.0,2.0,2.0,0.0,0.0,0.0,0.0,,,,,,,,,,,,0.0,,,,,,,,,,,,,<30
P002,Laki-laki,SMA/SMK,Pelaksana,PPPK,V,keduanya,1,Aktif,2025,1,60.0,60.0,54.0,6.62,8.37,34.0,32.0,2.0,94.12,2.0,2.0,2.0,0.0,0.0,0.0,0.0,,,,,,,,,,,,0.0,Baik,0.0,1.0,4.0,0.0,,,,,,,Tahunan,<30
P002,Laki-laki,SMA/SMK,Pelaksana,PPPK,V,keduanya,1,Aktif,2026,1,149.0,149.0,142.0,6.7,9.23,18.0,18.0,0.0,100.0,1.0,1.0,,1.0,0.0,1.0,0.0,,,,,,,,,,,,0.0,Baik,0.0,,,,Baik,0.0,Baik,0.0,2.0,0.0,Triwulan (terkini),<30
P003,Laki-laki,SMA/Sederajat,PNS,Fungsional Umum,Penata Muda Tk. I/IIIb,sistem_lama,0,Tidak Terdaftar,2023,0,,,,,,0.0,0.0,0.0,,0.0,0.0,0.0,0.0,0.0,0.0,0.0,,,,,,,,,,,,0.0,,,,,,,,,,,,,60+
P003,Laki-laki,SMA/Sederajat,PNS,Fungsional Umum,Penata Muda Tk. I/IIIb,sistem_lama,0,Tidak Terdaftar,2024,0,,,,,,0.0,0.0,0.0,,0.0,0.0,0.0,0.0,0.0,0.0,0.0,,,,,,,,,,,,0.0,,,,,,,,,,,,,60+
P003,Laki-laki,SMA/Sederajat,PNS,Fungsional Umum,Penata Muda Tk. I/IIIb,sistem_lama,0,Tidak Terdaftar,2025,0,0.0,0.0,0.0,,,0.0,0.0,0.0,,0.0,0.0,0.0,0.0,0.0,0.0,0.0,,,,,,,,,,,,0.0,,,,,,,,,,,,,60+
P003,Laki-laki,SMA/Sederajat,PNS,Fungsional Umum,Penata Muda Tk. I/IIIb,sistem_lama,0,Tidak Terdaftar,2026,0,0.0,0.0,0.0,,,0.0,0.0,0.0,,0.0,0.0,,0.0,0.0,0.0,0.0,,,,,,,,,,,,0.0,,,,,,,,,,0.0,,,60+
P004,Laki-laki,S1/D4,PNS,Pelaksana,Penata Tk. I/IIId,sistem_lama,0,Tidak Terdaftar,2023,1,,,,,,28.0,25.0,3.0,89.29,3.0,3.0,3.0,0.0,0.0,0.0,0.0,,,,,,,,,,,,0.0,,,,,,,,,,,,,50-59
P004,Laki-laki,S1/D4,PNS,Pelaksana,Penata Tk. I/IIId,sistem_lama,0,Tidak Terdaftar,2024,1,,,,,,43.0,38.0,5.0,88.37,5.0,5.0,5.0,0.0,0.0,0.0,0.0,,,,,,,,,,,,0.0,Sangat Baik,1.0,2.0,12.0,0.0,,,,,,,Tahunan,50-59
P004,Laki-laki,S1/D4,PNS,Pelaksana,Penata Tk. I/IIId,sistem_lama,0,Tidak Terdaftar,2025,1,38.0,38.0,35.0,7.66,8.41,7.0,7.0,0.0,100.0,0.0,0.0,0.0,0.0,0.0,0.0,0.0,,,,,,,,,,,,0.0,Baik,0.0,1.0,2.0,0.0,,,,,,,Tahunan,50-59
P004,Laki-laki,S1/D4,PNS,Pelaksana,Penata Tk. I/IIId,sistem_lama,0,Tidak Terdaftar,2026,0,0.0,0.0,0.0,,,0.0,0.0,0.0,,0.0,0.0,,0.0,0.0,0.0,0.0,,,,,,,,,,,,0.0,,,,,,,,,,0.0,,,50-59
P005,Laki-laki,SMA/SMK,Pelaksana,PPPK,V,keduanya,1,Aktif,2023,1,,,,,,28.0,18.0,10.0,64.29,1.0,1.0,1.0,0.0,0.0,0.0,0.0,,,,,,,,,,,,0.0,,,,,,,,,,,,,40-49
P005,Laki-laki,SMA/SMK,Pelaksana,PPPK,V,keduanya,1,Aktif,2024,1,,,,,,43.0,36.0,7.0,83.72,1.0,1.0,1.0,0.0,0.0,0.0,0.0,,,,,,,,,,,,0.0,,,,,,,,,,,,,40-49
P005,Laki-laki,SMA/SMK,Pelaksana,PPPK,V,keduanya,1,Aktif,2025,1,57.0,55.0,53.0,7.39,11.28,34.0,30.0,4.0,88.24,1.0,1.0,1.0,0.0,0.0,0.0,0.0,,,,,,,,,,,,0.0,Baik,0.0,1.0,4.0,0.0,,,,,,,Tahunan,40-49
P005,Laki-laki,SMA/SMK,Pelaksana,PPPK,V,keduanya,1,Aktif,2026,1,144.0,139.0,136.0,7.25,10.14,18.0,18.0,0.0,100.0,1.0,1.0,,0.0,0.0,0.0,0.0,,,,,,,,,,,,0.0,Baik,0.0,,,,Baik,0.0,Baik,0.0,2.0,0.0,Triwulan (terkini),40-49
P006,Perempuan,S2,Fungsional,PPPK,X,keduanya,1,Aktif,2023,0,,,,,,0.0,0.0,0.0,,0.0,0.0,0.0,0.0,0.0,0.0,0.0,2.0,2.0,1.0,1.0,2.0,1.0,1.0,2.0,2.0,14.0,51.85,1.0,,,,,,,,,,,,,30-39
P006,Perempuan,S2,Fungsional,PPPK,X,keduanya,1,Aktif,2024,1,,,,,,23.0,22.0,1.0,95.65,7.0,7.0,7.0,9.0,9.0,9.0,0.0,2.0,2.0,1.0,1.0,2.0,1.0,1.0,2.0,2.0,14.0,51.85,1.0,Baik,0.0,1.0,9.0,0.0,,,,,,,Tahunan,30-39
P006,Perempuan,S2,Fungsional,PPPK,X,keduanya,1,Aktif,2025,1,170.0,168.0,161.0,7.2,9.22,34.0,30.0,4.0,88.24,10.0,10.0,10.0,3.0,3.0,12.0,0.0,2.0,2.0,1.0,1.0,2.0,1.0,1.0,2.0,2.0,14.0,51.85,1.0,Baik,0.0,1.0,11.0,0.0,,,,,,,Tahunan,40-49
P006,Perempuan,S2,Fungsional,PPPK,X,keduanya,1,Aktif,2026,1,130.0,129.0,128.0,7.06,9.23,18.0,15.0,3.0,83.33,3.0,3.0,,0.0,0.0,12.0,0.0,2.0,2.0,1.0,1.0,2.0,1.0,1.0,2.0,2.0,14.0,51.85,1.0,Baik,0.0,,,,Baik,0.0,Baik,0.0,2.0,0.0,Triwulan (terkini),40-49
P007,Laki-laki,SMA/Sederajat,PPNPN,PPNPN,-,sistem_lama,0,Tidak Terdaftar,2023,1,,,,,,28.0,19.0,9.0,67.86,1.0,1.0,1.0,0.0,0.0,0.0,0.0,,,,,,,,,,,,0.0,,,,,,,,,,,,,40-49
P007,Laki-laki,SMA/Sederajat,PPNPN,PPNPN,-,sistem_lama,0,Tidak Terdaftar,2024,1,,,,,,43.0,41.0,2.0,95.35,2.0,2.0,2.0,0.0,0.0,0.0,0.0,,,,,,,,,,,,0.0,,,,,,,,,,,,,40-49
P007,Laki-laki,SMA/Sederajat,PPNPN,PPNPN,-,sistem_lama,0,Tidak Terdaftar,2025,1,0.0,0.0,0.0,,,34.0,33.0,1.0,97.06,0.0,0.0,0.0,0.0,0.0,0.0,0.0,,,,,,,,,,,,0.0,,,,,,,,,,,,,40-49
P007,Laki-laki,SMA/Sederajat,PPNPN,PPNPN,-,sistem_lama,0,Tidak Terdaftar,2026,0,0.0,0.0,0.0,,,0.0,0.0,0.0,,0.0,0.0,,0.0,0.0,0.0,0.0,,,,,,,,,,,,0.0,,,,,,,,,,0.0,,,40-49
P008,Laki-laki,S3,Fungsional,PNS,IV/b,keduanya,1,Aktif,2023,1,,,,,,28.0,25.0,3.0,89.29,8.0,8.0,8.0,1.0,1.0,23.0,0.0,2.0,3.0,2.0,2.0,2.0,2.0,2.0,2.0,2.0,19.0,70.37,1.0,,,,,,,,,,,,,50-59
P008,Laki-laki,S3,Fungsional,PNS,IV/b,keduanya,1,Aktif,2024,1,,,,,,43.0,36.0,7.0,83.72,11.0,11.0,11.0,3.0,3.0,26.0,0.0,2.0,3.0,2.0,2.0,2.0,2.0,2.0,2.0,2.0,19.0,70.37,1.0,Sangat Baik,1.0,1.0,12.0,0.0,,,,,,,Tahunan,50-59
P008,Laki-laki,S3,Fungsional,PNS,IV/b,keduanya,1,Aktif,2025,1,214.0,213.0,154.0,7.24,9.1,34.0,9.0,25.0,26.47,1.0,1.0,1.0,1.0,1.0,27.0,0.0,2.0,3.0,2.0,2.0,2.0,2.0,2.0,2.0,2.0,19.0,70.37,1.0,Baik,0.0,1.0,11.0,0.0,,,,,,,Tahunan,50-59
P008,Laki-laki,S3,Fungsional,PNS,IV/b,keduanya,1,Aktif,2026,1,141.0,141.0,132.0,7.11,9.44,18.0,3.0,15.0,16.67,5.0,5.0,,0.0,0.0,27.0,0.0,2.0,3.0,2.0,2.0,2.0,2.0,2.0,2.0,2.0,19.0,70.37,1.0,Sangat Baik,1.0,,,,Baik,0.0,Sangat Baik,1.0,2.0,0.0,Triwulan (terkini),50-59
P009,Laki-laki,S1/D4,PNS,Fungsional Umum,Penata Tk. I/IIId,sistem_lama,0,Tidak Terdaftar,2023,0,,,,,,0.0,0.0,0.0,,0.0,0.0,0.0,0.0,0.0,0.0,0.0,,,,,,,,,,,,0.0,,,,,,,,,,,,,50-59
P009,Laki-laki,S1/D4,PNS,Fungsional Umum,Penata Tk. I/IIId,sistem_lama,0,Tidak Terdaftar,2024,0,,,,,,0.0,0.0,0.0,,0.0,0.0,0.0,0.0,0.0,0.0,0.0,,,,,,,,,,,,0.0,,,,,,,,,,,,,50-59
P009,Laki-laki,S1/D4,PNS,Fungsional Umum,Penata Tk. I/IIId,sistem_lama,0,Tidak Terdaftar,2025,0,0.0,0.0,0.0,,,0.0,0.0,0.0,,0.0,0.0,0.0,0.0,0.0,0.0,0.0,,,,,,,,,,,,0.0,,,,,,,,,,,,,60+
P009,Laki-laki,S1/D4,PNS,Fungsional Umum,Penata Tk. I/IIId,sistem_lama,0,Tidak Terdaftar,2026,0,0.0,0.0,0.0,,,0.0,0.0,0.0,,0.0,0.0,,0.0,0.0,0.0,0.0,,,,,,,,,,,,0.0,,,,,,,,,,0.0,,,60+
P010,Laki-laki,SMA/SMK,Pelaksana,PPPK,V,keduanya,1,Aktif,2023,1,,,,,,28.0,26.0,2.0,92.86,11.0,11.0,11.0,0.0,0.0,0.0,0.0,,,,,,,,,,,,0.0,,,,,,,,,,,,,40-49
P010,Laki-laki,SMA/SMK,Pelaksana,PPPK,V,keduanya,1,Aktif,2024,1,,,,,,43.0,34.0,9.0,79.07,11.0,11.0,11.0,0.0,0.0,0.0,0.0,,,,,,,,,,,,0.0,,,,,,,,,,,,,40-49
P010,Laki-laki,SMA/SMK,Pelaksana,PPPK,V,keduanya,1,Aktif,2025,1,51.0,50.0,43.0,6.86,10.4,34.0,18.0,16.0,52.94,9.0,9.0,9.0,0.0,0.0,0.0,0.0,,,,,,,,,,,,0.0,Baik,0.0,1.0,4.0,0.0,,,,,,,Tahunan,40-49
P010,Laki-laki,SMA/SMK,Pelaksana,PPPK,V,keduanya,1,Aktif,2026,1,125.0,124.0,118.0,7.0,10.15,18.0,5.0,13.0,27.78,8.0,8.0,,0.0,0.0,0.0,0.0,,,,,,,,,,,,0.0,Baik,0.0,,,,Baik,0.0,Baik,0.0,2.0,0.0,Triwulan (terkini),40-49
P011,Laki-laki,SMA/SMK,Pelaksana,PPPK,V,keduanya,1,Aktif,2023,1,,,,,,28.0,27.0,1.0,96.43,2.0,2.0,2.0,0.0,0.0,0.0,0.0,,,,,,,,,,,,0.0,,,,,,,,,,,,,<30
P011,Laki-laki,SMA/SMK,Pelaksana,PPPK,V,keduanya,1,Aktif,2024,1,,,,,,43.0,40.0,3.0,93.02,2.0,2.0,2.0,0.0,0.0,0.0,0.0,,,,,,,,,,,,0.0,,,,,,,,,,,,,<30
P011,Laki-laki,SMA/SMK,Pelaksana,PPPK,V,keduanya,1,Aktif,2025,1,57.0,56.0,52.0,6.88,10.2,34.0,31.0,3.0,91.18,3.0,3.0,3.0,1.0,1.0,1.0,0.0,,,,,,,,,,,,0.0,Baik,0.0,1.0,4.0,0.0,,,,,,,Tahunan,<30
P011,Laki-laki,SMA/SMK,Pelaksana,PPPK,V,keduanya,1,Aktif,2026,1,142.0,141.0,135.0,7.1,9.68,18.0,17.0,1.0,94.44,2.0,2.0,,1.0,0.0,2.0,0.0,,,,,,,,,,,,0.0,Baik,0.0,,,,Baik,0.0,Baik,0.0,2.0,0.0,Triwulan (terkini),<30
P012,Laki-laki,SMA/SMK,Pelaksana,PNS,III/b,keduanya,1,Aktif,2023,1,,,,,,28.0,26.0,2.0,92.86,3.0,3.0,3.0,3.0,3.0,10.0,0.0,2.0,2.0,2.0,2.0,2.0,2.0,2.0,2.0,2.0,18.0,66.67,1.0,,,,,,,,,,,,,40-49
P012,Laki-laki,SMA/SMK,Pelaksana,PNS,III/b,keduanya,1,Aktif,2024,1,,,,,,43.0,39.0,4.0,90.7,9.0,9.0,9.0,3.0,3.0,13.0,0.0,2.0,2.0,2.0,2.0,2.0,2.0,2.0,2.0,2.0,18.0,66.67,1.0,Baik,0.0,2.0,12.0,0.0,,,,,,,Tahunan,40-49
P012,Laki-laki,SMA/SMK,Pelaksana,PNS,III/b,keduanya,1,Aktif,2025,1,197.0,196.0,187.0,7.12,9.14,34.0,30.0,4.0,88.24,3.0,3.0,3.0,2.0,2.0,15.0,0.0,2.0,2.0,2.0,2.0,2.0,2.0,2.0,2.0,2.0,18.0,66.67,1.0,Baik,0.0,1.0,11.0,0.0,,,,,,,Tahunan,40-49
P012,Laki-laki,SMA/SMK,Pelaksana,PNS,III/b,keduanya,1,Aktif,2026,1,133.0,132.0,129.0,7.03,9.16,18.0,18.0,0.0,100.0,6.0,6.0,,0.0,0.0,15.0,0.0,2.0,2.0,2.0,2.0,2.0,2.0,2.0,2.0,2.0,18.0,66.67,1.0,Baik,0.0,,,,Baik,0.0,Baik,0.0,2.0,0.0,Triwulan (terkini),40-49
P013,Laki-laki,S1,Pelaksana,PNS,III/d,keduanya,1,Aktif,2023,1,,,,,,28.0,24.0,4.0,85.71,1.0,1.0,1.0,2.0,2.0,15.0,0.0,2.0,2.0,3.0,3.0,3.0,3.0,1.0,2.0,3.0,22.0,81.48,1.0,,,,,,,,,,,,,50-59
P013,Laki-laki,S1,Pelaksana,PNS,III/d,keduanya,1,Aktif,2024,1,,,,,,43.0,28.0,15.0,65.12,3.0,3.0,3.0,0.0,0.0,15.0,0.0,2.0,2.0,3.0,3.0,3.0,3.0,1.0,2.0,3.0,22.0,81.48,1.0,Baik,0.0,1.0,12.0,0.0,,,,,,,Tahunan,50-59
P013,Laki-laki,S1,Pelaksana,PNS,III/d,keduanya,1,Aktif,2025,1,210.0,186.0,164.0,8.04,8.93,34.0,21.0,13.0,61.76,1.0,1.0,0.0,0.0,0.0,15.0,0.0,2.0,2.0,3.0,3.0,3.0,3.0,1.0,2.0,3.0,22.0,81.48,1.0,Baik,0.0,1.0,11.0,0.0,,,,,,,Tahunan,50-59
P013,Laki-laki,S1,Pelaksana,PNS,III/d,keduanya,1,Aktif,2026,1,141.0,138.0,131.0,7.36,9.26,18.0,16.0,2.0,88.89,0.0,0.0,,0.0,0.0,15.0,0.0,2.0,2.0,3.0,3.0,3.0,3.0,1.0,2.0,3.0,22.0,81.48,1.0,Baik,0.0,,,,Baik,0.0,Baik,0.0,2.0,0.0,Triwulan (terkini),50-59
P014,Perempuan,,Pelaksana,PNS,-,keduanya,1,Aktif,2023,1,,,,,,0.0,0.0,0.0,,0.0,0.0,0.0,16.0,16.0,76.0,0.0,1.0,1.0,2.0,2.0,1.0,2.0,2.0,1.0,2.0,14.0,51.85,1.0,,,,,,,,,,,,,
P014,Perempuan,,Pelaksana,PNS,-,keduanya,1,Aktif,2024,1,,,,,,0.0,0.0,0.0,,0.0,0.0,0.0,6.0,6.0,82.0,0.0,1.0,1.0,2.0,2.0,1.0,2.0,2.0,1.0,2.0,14.0,51.85,1.0,,,,,,,,,,,,,
P014,Perempuan,,Pelaksana,PNS,-,keduanya,1,Aktif,2025,1,80.0,79.0,66.0,6.87,10.14,18.0,12.0,6.0,66.67,15.0,15.0,15.0,7.0,7.0,89.0,0.0,1.0,1.0,2.0,2.0,1.0,2.0,2.0,1.0,2.0,14.0,51.85,1.0,Baik,0.0,1.0,6.0,0.0,,,,,,,Tahunan,
P014,Perempuan,,Pelaksana,PNS,-,keduanya,1,Aktif,2026,1,105.0,102.0,100.0,7.05,9.68,18.0,14.0,4.0,77.78,12.0,12.0,,1.0,1.0,90.0,0.0,1.0,1.0,2.0,2.0,1.0,2.0,2.0,1.0,2.0,14.0,51.85,1.0,Baik,0.0,,,,Baik,0.0,Baik,0.0,2.0,0.0,Triwulan (terkini),
P015,Laki-laki,SMA/Sederajat,PPNPN,PPNPN,-,sistem_lama,0,Tidak Terdaftar,2023,1,,,,,,28.0,27.0,1.0,96.43,1.0,1.0,1.0,0.0,0.0,0.0,0.0,,,,,,,,,,,,0.0,,,,,,,,,,,,,40-49
P015,Laki-laki,SMA/Sederajat,PPNPN,PPNPN,-,sistem_lama,0,Tidak Terdaftar,2024,1,,,,,,43.0,40.0,3.0,93.02,8.0,8.0,8.0,0.0,0.0,0.0,0.0,,,,,,,,,,,,0.0,,,,,,,,,,,,,40-49
P015,Laki-laki,SMA/Sederajat,PPNPN,PPNPN,-,sistem_lama,0,Tidak Terdaftar,2025,1,0.0,0.0,0.0,,,34.0,33.0,1.0,97.06,0.0,0.0,0.0,0.0,0.0,0.0,0.0,,,,,,,,,,,,0.0,,,,,,,,,,,,,40-49
P015,Laki-laki,SMA/Sederajat,PPNPN,PPNPN,-,sistem_lama,0,Tidak Terdaftar,2026,0,0.0,0.0,0.0,,,0.0,0.0,0.0,,0.0,0.0,,0.0,0.0,0.0,0.0,,,,,,,,,,,,0.0,,,,,,,,,,0.0,,,40-49
P016,Laki-laki,SMA/Sederajat,PPNPN,PPNPN,-,sistem_lama,0,Tidak Terdaftar,2023,1,,,,,,28.0,16.0,12.0,57.14,1.0,1.0,1.0,0.0,0.0,0.0,0.0,,,,,,,,,,,,0.0,,,,,,,,,,,,,40-49
P016,Laki-laki,SMA/Sederajat,PPNPN,PPNPN,-,sistem_lama,0,Tidak Terdaftar,2024,1,,,,,,43.0,42.0,1.0,97.67,2.0,2.0,2.0,0.0,0.0,0.0,0.0,,,,,,,,,,,,0.0,,,,,,,,,,,,,40-49
P016,Laki-laki,SMA/Sederajat,PPNPN,PPNPN,-,sistem_lama,0,Tidak Terdaftar,2025,1,0.0,0.0,0.0,,,34.0,33.0,1.0,97.06,0.0,0.0,0.0,0.0,0.0,0.0,0.0,,,,,,,,,,,,0.0,,,,,,,,,,,,,40-49
P016,Laki-laki,SMA/Sederajat,PPNPN,PPNPN,-,sistem_lama,0,Tidak Terdaftar,2026,0,0.0,0.0,0.0,,,0.0,0.0,0.0,,0.0,0.0,,0.0,0.0,0.0,0.0,,,,,,,,,,,,0.0,,,,,,,,,,0.0,,,40-49
P017,Laki-laki,SMA/Sederajat,PPNPN,PPNPN,-,sistem_lama,0,Tidak Terdaftar,2023,1,,,,,,28.0,19.0,9.0,67.86,1.0,1.0,1.0,0.0,0.0,0.0,0.0,,,,,,,,,,,,0.0,,,,,,,,,,,,,50-59
P017,Laki-laki,SMA/Sederajat,PPNPN,PPNPN,-,sistem_lama,0,Tidak Terdaftar,2024,1,,,,,,43.0,42.0,1.0,97.67,1.0,1.0,1.0,0.0,0.0,0.0,0.0,,,,,,,,,,,,0.0,,,,,,,,,,,,,50-59
P017,Laki-laki,SMA/Sederajat,PPNPN,PPNPN,-,sistem_lama,0,Tidak Terdaftar,2025,1,0.0,0.0,0.0,,,34.0,33.0,1.0,97.06,0.0,0.0,0.0,0.0,0.0,0.0,0.0,,,,,,,,,,,,0.0,,,,,,,,,,,,,50-59
P017,Laki-laki,SMA/Sederajat,PPNPN,PPNPN,-,sistem_lama,0,Tidak Terdaftar,2026,0,0.0,0.0,0.0,,,0.0,0.0,0.0,,0.0,0.0,,0.0,0.0,0.0,0.0,,,,,,,,,,,,0.0,,,,,,,,,,0.0,,,50-59
P018,Perempuan,D4,Fungsional,PNS,-,keduanya,1,Aktif,2023,0,,,,,,0.0,0.0,0.0,,0.0,0.0,0.0,0.0,0.0,0.0,0.0,2.0,1.0,1.0,2.0,1.0,2.0,1.0,2.0,2.0,14.0,51.85,1.0,,,,,,,,,,,,,<30
P018,Perempuan,D4,Fungsional,PNS,-,keduanya,1,Aktif,2024,0,,,,,,0.0,0.0,0.0,,0.0,0.0,0.0,0.0,0.0,0.0,0.0,2.0,1.0,1.0,2.0,1.0,2.0,1.0,2.0,2.0,14.0,51.85,1.0,,,,,,,,,,,,,<30
P018,Perempuan,D4,Fungsional,PNS,-,keduanya,1,Aktif,2025,1,126.0,125.0,115.0,7.25,9.27,22.0,20.0,2.0,90.91,3.0,3.0,3.0,0.0,0.0,0.0,0.0,2.0,1.0,1.0,2.0,1.0,2.0,1.0,2.0,2.0,14.0,51.85,1.0,Baik,0.0,1.0,7.0,0.0,,,,,,,Tahunan,<30
P018,Perempuan,D4,Fungsional,PNS,-,keduanya,1,Aktif,2026,1,135.0,134.0,133.0,7.3,8.92,18.0,18.0,0.0,100.0,5.0,5.0,,0.0,0.0,0.0,0.0,2.0,1.0,1.0,2.0,1.0,2.0,1.0,2.0,2.0,14.0,51.85,1.0,Baik,0.0,,,,Baik,0.0,Baik,0.0,2.0,0.0,Triwulan (terkini),<30
P019,Laki-laki,SMA/SMK,Pelaksana,PPPK PW,,sistem_baru,1,Aktif,2023,1,,,,,,28.0,28.0,0.0,100.0,0.0,0.0,0.0,0.0,0.0,0.0,0.0,,,,,,,,,,,,0.0,,,,,,,,,,,,,40-49
P019,Laki-laki,SMA/SMK,Pelaksana,PPPK PW,,sistem_baru,1,Aktif,2024,1,,,,,,43.0,42.0,1.0,97.67,0.0,0.0,0.0,0.0,0.0,0.0,0.0,,,,,,,,,,,,0.0,,,,,,,,,,,,,40-49
P019,Laki-laki,SMA/SMK,Pelaksana,PPPK PW,,sistem_baru,1,Aktif,2025,1,0.0,0.0,0.0,,,34.0,31.0,3.0,91.18,0.0,0.0,0.0,0.0,0.0,0.0,0.0,,,,,,,,,,,,0.0,Baik,0.0,1.0,3.0,0.0,,,,,,,Tahunan,40-49
P019,Laki-laki,SMA/SMK,Pelaksana,PPPK PW,,sistem_baru,1,Aktif,2026,1,131.0,130.0,130.0,6.26,10.53,18.0,17.0,1.0,94.44,2.0,2.0,,0.0,0.0,0.0,0.0,,,,,,,,,,,,0.0,Baik,0.0,,,,Baik,0.0,Baik,0.0,2.0,0.0,Triwulan (terkini),40-49
P020,Laki-laki,SD,PNS,Pelaksana,Pengatur Muda/IIa,sistem_lama,0,Tidak Terdaftar,2023,1,,,,,,28.0,25.0,3.0,89.29,2.0,2.0,2.0,0.0,0.0,0.0,0.0,,,,,,,,,,,,0.0,,,,,,,,,,,,,50-59
P020,Laki-laki,SD,PNS,Pelaksana,Pengatur Muda/IIa,sistem_lama,0,Tidak Terdaftar,2024,1,,,,,,24.0,20.0,4.0,83.33,2.0,2.0,2.0,0.0,0.0,0.0,0.0,,,,,,,,,,,,0.0,,,,,,,,,,,,,50-59
P020,Laki-laki,SD,PNS,Pelaksana,Pengatur Muda/IIa,sistem_lama,0,Tidak Terdaftar,2025,0,0.0,0.0,0.0,,,0.0,0.0,0.0,,0.0,0.0,0.0,0.0,0.0,0.0,0.0,,,,,,,,,,,,0.0,,,,,,,,,,,,,50-59
P020,Laki-laki,SD,PNS,Pelaksana,Pengatur Muda/IIa,sistem_lama,0,Tidak Terdaftar,2026,0,0.0,0.0,0.0,,,0.0,0.0,0.0,,0.0,0.0,,0.0,0.0,0.0,0.0,,,,,,,,,,,,0.0,,,,,,,,,,0.0,,,50-59
P021,Laki-laki,S2,PNS,Struktural,Pembina/IVa,sistem_lama,0,Tidak Terdaftar,2023,0,,,,,,0.0,0.0,0.0,,0.0,0.0,0.0,0.0,0.0,0.0,0.0,,,,,,,,,,,,0.0,,,,,,,,,,,,,
P021,Laki-laki,S2,PNS,Struktural,Pembina/IVa,sistem_lama,0,Tidak Terdaftar,2024,0,,,,,,0.0,0.0,0.0,,0.0,0.0,0.0,0.0,0.0,0.0,0.0,,,,,,,,,,,,0.0,,,,,,,,,,,,,
P021,Laki-laki,S2,PNS,Struktural,Pembina/IVa,sistem_lama,0,Tidak Terdaftar,2025,0,0.0,0.0,0.0,,,0.0,0.0,0.0,,0.0,0.0,0.0,0.0,0.0,0.0,0.0,,,,,,,,,,,,0.0,,,,,,,,,,,,,
P021,Laki-laki,S2,PNS,Struktural,Pembina/IVa,sistem_lama,0,Tidak Terdaftar,2026,0,0.0,0.0,0.0,,,0.0,0.0,0.0,,0.0,0.0,,0.0,0.0,0.0,0.0,,,,,,,,,,,,0.0,,,,,,,,,,0.0,,,
P022,Laki-laki,S2,Fungsional,PPPK,X,keduanya,1,Aktif,2023,0,,,,,,0.0,0.0,0.0,,0.0,0.0,0.0,0.0,0.0,0.0,0.0,,,,,,,,,,,,0.0,,,,,,,,,,,,,40-49
P022,Laki-laki,S2,Fungsional,PPPK,X,keduanya,1,Aktif,2024,1,,,,,,23.0,22.0,1.0,95.65,3.0,3.0,3.0,3.0,3.0,3.0,0.0,,,,,,,,,,,,0.0,Baik,0.0,1.0,9.0,0.0,,,,,,,Tahunan,40-49
P022,Laki-laki,S2,Fungsional,PPPK,X,keduanya,1,Aktif,2025,1,193.0,191.0,183.0,6.8,9.81,34.0,31.0,3.0,91.18,6.0,6.0,6.0,2.0,2.0,5.0,0.0,,,,,,,,,,,,0.0,Baik,0.0,1.0,11.0,0.0,,,,,,,Tahunan,40-49
P022,Laki-laki,S2,Fungsional,PPPK,X,keduanya,1,Aktif,2026,1,134.0,134.0,132.0,6.79,9.51,18.0,14.0,4.0,77.78,4.0,4.0,,1.0,0.0,6.0,0.0,,,,,,,,,,,,0.0,Baik,0.0,,,,Baik,0.0,Baik,0.0,2.0,0.0,Triwulan (terkini),40-49
P023,Perempuan,SMA/Sederajat,PPNPN,PPNPN,-,sistem_lama,0,Tidak Terdaftar,2023,1,,,,,,28.0,28.0,0.0,100.0,1.0,1.0,1.0,0.0,0.0,0.0,0.0,,,,,,,,,,,,0.0,,,,,,,,,,,,,40-49
P023,Perempuan,SMA/Sederajat,PPNPN,PPNPN,-,sistem_lama,0,Tidak Terdaftar,2024,1,,,,,,43.0,41.0,2.0,95.35,2.0,2.0,2.0,0.0,0.0,0.0,0.0,,,,,,,,,,,,0.0,,,,,,,,,,,,,40-49
P023,Perempuan,SMA/Sederajat,PPNPN,PPNPN,-,sistem_lama,0,Tidak Terdaftar,2025,1,0.0,0.0,0.0,,,34.0,34.0,0.0,100.0,0.0,0.0,0.0,0.0,0.0,0.0,0.0,,,,,,,,,,,,0.0,,,,,,,,,,,,,50-59
P023,Perempuan,SMA/Sederajat,PPNPN,PPNPN,-,sistem_lama,0,Tidak Terdaftar,2026,0,0.0,0.0,0.0,,,0.0,0.0,0.0,,0.0,0.0,,0.0,0.0,0.0,0.0,,,,,,,,,,,,0.0,,,,,,,,,,0.0,,,50-59
P024,Laki-laki,SMA/Sederajat,PPNPN,PPNPN,-,sistem_lama,0,Tidak Terdaftar,2023,1,,,,,,28.0,26.0,2.0,92.86,1.0,1.0,1.0,0.0,0.0,0.0,0.0,,,,,,,,,,,,0.0,,,,,,,,,,,,,40-49
P024,Laki-laki,SMA/Sederajat,PPNPN,PPNPN,-,sistem_lama,0,Tidak Terdaftar,2024,1,,,,,,43.0,40.0,3.0,93.02,2.0,2.0,2.0,0.0,0.0,0.0,0.0,,,,,,,,,,,,0.0,,,,,,,,,,,,,40-49
P024,Laki-laki,SMA/Sederajat,PPNPN,PPNPN,-,sistem_lama,0,Tidak Terdaftar,2025,1,0.0,0.0,0.0,,,34.0,33.0,1.0,97.06,0.0,0.0,0.0,0.0,0.0,0.0,0.0,,,,,,,,,,,,0.0,,,,,,,,,,,,,40-49
P024,Laki-laki,SMA/Sederajat,PPNPN,PPNPN,-,sistem_lama,0,Tidak Terdaftar,2026,0,0.0,0.0,0.0,,,0.0,0.0,0.0,,0.0,0.0,,0.0,0.0,0.0,0.0,,,,,,,,,,,,0.0,,,,,,,,,,0.0,,,40-49
P025,Laki-laki,S2,PNS,Fungsional,Pembina/IVa,sistem_lama,0,Tidak Terdaftar,2023,1,,,,,,28.0,25.0,3.0,89.29,3.0,3.0,3.0,0.0,0.0,0.0,0.0,,,,,,,,,,,,0.0,,,,,,,,,,,,,50-59
P025,Laki-laki,S2,PNS,Fungsional,Pembina/IVa,sistem_lama,0,Tidak Terdaftar,2024,1,,,,,,7.0,4.0,3.0,57.14,2.0,2.0,2.0,0.0,0.0,0.0,0.0,,,,,,,,,,,,0.0,,,,,,,,,,,,,50-59
P025,Laki-laki,S2,PNS,Fungsional,Pembina/IVa,sistem_lama,0,Tidak Terdaftar,2025,0,0.0,0.0,0.0,,,0.0,0.0,0.0,,0.0,0.0,0.0,0.0,0.0,0.0,0.0,,,,,,,,,,,,0.0,,,,,,,,,,,,,50-59
P025,Laki-laki,S2,PNS,Fungsional,Pembina/IVa,sistem_lama,0,Tidak Terdaftar,2026,0,0.0,0.0,0.0,,,0.0,0.0,0.0,,0.0,0.0,,0.0,0.0,0.0,0.0,,,,,,,,,,,,0.0,,,,,,,,,,0.0,,,50-59
P026,Perempuan,SMA/SMK,Pelaksana,PPPK PW,,sistem_baru,1,Aktif,2023,1,,,,,,28.0,26.0,2.0,92.86,0.0,0.0,0.0,0.0,0.0,0.0,0.0,,,,,,,,,,,,0.0,,,,,,,,,,,,,50-59
P026,Perempuan,SMA/SMK,Pelaksana,PPPK PW,,sistem_baru,1,Aktif,2024,1,,,,,,43.0,39.0,4.0,90.7,0.0,0.0,0.0,0.0,0.0,0.0,0.0,,,,,,,,,,,,0.0,,,,,,,,,,,,,50-59
P026,Perempuan,SMA/SMK,Pelaksana,PPPK PW,,sistem_baru,1,Aktif,2025,1,0.0,0.0,0.0,,,34.0,34.0,0.0,100.0,0.0,0.0,0.0,0.0,0.0,0.0,0.0,,,,,,,,,,,,0.0,Baik,0.0,1.0,3.0,0.0,,,,,,,Tahunan,50-59
P026,Perempuan,SMA/SMK,Pelaksana,PPPK PW,,sistem_baru,1,Aktif,2026,1,139.0,138.0,120.0,6.07,8.94,18.0,18.0,0.0,100.0,2.0,2.0,,0.0,0.0,0.0,0.0,,,,,,,,,,,,0.0,Baik,0.0,,,,Baik,0.0,Baik,0.0,2.0,0.0,Triwulan (terkini),50-59
P027,Laki-laki,S2,PNS,Widyaiswara,Pembina/IVa,sistem_lama,0,Tidak Terdaftar,2023,0,,,,,,0.0,0.0,0.0,,0.0,0.0,0.0,0.0,0.0,0.0,0.0,,,,,,,,,,,,0.0,,,,,,,,,,,,,60+
P027,Laki-laki,S2,PNS,Widyaiswara,Pembina/IVa,sistem_lama,0,Tidak Terdaftar,2024,0,,,,,,0.0,0.0,0.0,,0.0,0.0,0.0,0.0,0.0,0.0,0.0,,,,,,,,,,,,0.0,,,,,,,,,,,,,60+
P027,Laki-laki,S2,PNS,Widyaiswara,Pembina/IVa,sistem_lama,0,Tidak Terdaftar,2025,0,0.0,0.0,0.0,,,0.0,0.0,0.0,,0.0,0.0,0.0,0.0,0.0,0.0,0.0,,,,,,,,,,,,0.0,,,,,,,,,,,,,60+
P027,Laki-laki,S2,PNS,Widyaiswara,Pembina/IVa,sistem_lama,0,Tidak Terdaftar,2026,0,0.0,0.0,0.0,,,0.0,0.0,0.0,,0.0,0.0,,0.0,0.0,0.0,0.0,,,,,,,,,,,,0.0,,,,,,,,,,0.0,,,60+
P028,Perempuan,SMA/Sederajat,PNS,Pelaksana,Penata Muda Tk. I/IIIb,sistem_lama,0,Tidak Terdaftar,2023,1,,,,,,28.0,26.0,2.0,92.86,2.0,2.0,2.0,0.0,0.0,0.0,0.0,,,,,,,,,,,,0.0,,,,,,,,,,,,,50-59
P028,Perempuan,SMA/Sederajat,PNS,Pelaksana,Penata Muda Tk. I/IIIb,sistem_lama,0,Tidak Terdaftar,2024,1,,,,,,43.0,35.0,8.0,81.4,4.0,4.0,4.0,0.0,0.0,0.0,0.0,,,,,,,,,,,,0.0,Sangat Baik,1.0,1.0,12.0,0.0,,,,,,,Tahunan,50-59
P028,Perempuan,SMA/Sederajat,PNS,Pelaksana,Penata Muda Tk. I/IIIb,sistem_lama,0,Tidak Terdaftar,2025,1,158.0,158.0,150.0,7.14,9.03,31.0,18.0,13.0,58.06,4.0,4.0,4.0,0.0,0.0,0.0,0.0,,,,,,,,,,,,0.0,Baik,0.0,1.0,9.0,0.0,,,,,,,Tahunan,50-59
P028,Perempuan,SMA/Sederajat,PNS,Pelaksana,Penata Muda Tk. I/IIIb,sistem_lama,0,Tidak Terdaftar,2026,0,0.0,0.0,0.0,,,0.0,0.0,0.0,,0.0,0.0,,0.0,0.0,0.0,0.0,,,,,,,,,,,,0.0,,,,,,,,,,0.0,,,50-59
P029,Laki-laki,SMA/SMK,Pelaksana,PPPK,V,keduanya,1,Aktif,2023,1,,,,,,28.0,26.0,2.0,92.86,1.0,1.0,1.0,0.0,0.0,0.0,0.0,,,,,,,,,,,,0.0,,,,,,,,,,,,,40-49
P029,Laki-laki,SMA/SMK,Pelaksana,PPPK,V,keduanya,1,Aktif,2024,1,,,,,,43.0,43.0,0.0,100.0,2.0,2.0,2.0,0.0,0.0,0.0,0.0,,,,,,,,,,,,0.0,,,,,,,,,,,,,40-49
P029,Laki-laki,SMA/SMK,Pelaksana,PPPK,V,keduanya,1,Aktif,2025,1,57.0,56.0,53.0,6.95,9.27,34.0,33.0,1.0,97.06,1.0,1.0,1.0,0.0,0.0,0.0,0.0,,,,,,,,,,,,0.0,Baik,0.0,1.0,4.0,0.0,,,,,,,Tahunan,40-49
P029,Laki-laki,SMA/SMK,Pelaksana,PPPK,V,keduanya,1,Aktif,2026,1,144.0,143.0,141.0,7.05,8.96,18.0,18.0,0.0,100.0,1.0,1.0,,0.0,0.0,0.0,0.0,,,,,,,,,,,,0.0,Baik,0.0,,,,Baik,0.0,Baik,0.0,2.0,0.0,Triwulan (terkini),40-49
P030,Laki-laki,SMA/SMK,Pelaksana,PNS,III/a,keduanya,1,Aktif,2023,1,,,,,,28.0,26.0,2.0,92.86,1.0,1.0,1.0,1.0,1.0,7.0,0.0,2.0,2.0,2.0,2.0,2.0,2.0,2.0,2.0,2.0,18.0,66.67,1.0,,,,,,,,,,,,,50-59
P030,Laki-laki,SMA/SMK,Pelaksana,PNS,III/a,keduanya,1,Aktif,2024,1,,,,,,43.0,39.0,4.0,90.7,3.0,3.0,3.0,0.0,0.0,7.0,0.0,2.0,2.0,2.0,2.0,2.0,2.0,2.0,2.0,2.0,18.0,66.67,1.0,Baik,0.0,1.0,12.0,0.0,,,,,,,Tahunan,50-59
P030,Laki-laki,SMA/SMK,Pelaksana,PNS,III/a,keduanya,1,Aktif,2025,1,215.0,209.0,172.0,6.9,9.69,34.0,8.0,26.0,23.53,0.0,0.0,0.0,0.0,0.0,7.0,0.0,2.0,2.0,2.0,2.0,2.0,2.0,2.0,2.0,2.0,18.0,66.67,1.0,Baik,0.0,1.0,11.0,0.0,,,,,,,Tahunan,50-59
P030,Laki-laki,SMA/SMK,Pelaksana,PNS,III/a,keduanya,1,Aktif,2026,1,138.0,138.0,126.0,6.36,10.15,18.0,2.0,16.0,11.11,2.0,2.0,,0.0,0.0,7.0,0.0,2.0,2.0,2.0,2.0,2.0,2.0,2.0,2.0,2.0,18.0,66.67,1.0,Baik,0.0,,,,Baik,0.0,Baik,0.0,2.0,0.0,Triwulan (terkini),50-59
P031,Perempuan,S1/D4,PNS,Fungsional Umum,Penata Tk. I/IIId,sistem_lama,0,Tidak Terdaftar,2023,0,,,,,,0.0,0.0,0.0,,0.0,0.0,0.0,0.0,0.0,0.0,0.0,,,,,,,,,,,,0.0,,,,,,,,,,,,,50-59
P031,Perempuan,S1/D4,PNS,Fungsional Umum,Penata Tk. I/IIId,sistem_lama,0,Tidak Terdaftar,2024,0,,,,,,0.0,0.0,0.0,,0.0,0.0,0.0,0.0,0.0,0.0,0.0,,,,,,,,,,,,0.0,,,,,,,,,,,,,50-59
P031,Perempuan,S1/D4,PNS,Fungsional Umum,Penata Tk. I/IIId,sistem_lama,0,Tidak Terdaftar,2025,0,0.0,0.0,0.0,,,0.0,0.0,0.0,,0.0,0.0,0.0,0.0,0.0,0.0,0.0,,,,,,,,,,,,0.0,,,,,,,,,,,,,50-59
P031,Perempuan,S1/D4,PNS,Fungsional Umum,Penata Tk. I/IIId,sistem_lama,0,Tidak Terdaftar,2026,0,0.0,0.0,0.0,,,0.0,0.0,0.0,,0.0,0.0,,0.0,0.0,0.0,0.0,,,,,,,,,,,,0.0,,,,,,,,,,0.0,,,50-59
P032,Laki-laki,S1,Pelaksana,PNS,-,keduanya,1,Aktif,2023,0,,,,,,0.0,0.0,0.0,,0.0,0.0,0.0,0.0,0.0,0.0,0.0,2.0,1.0,1.0,2.0,1.0,2.0,2.0,1.0,2.0,14.0,51.85,1.0,,,,,,,,,,,,,<30
P032,Laki-laki,S1,Pelaksana,PNS,-,keduanya,1,Aktif,2024,0,,,,,,0.0,0.0,0.0,,0.0,0.0,0.0,0.0,0.0,0.0,0.0,2.0,1.0,1.0,2.0,1.0,2.0,2.0,1.0,2.0,14.0,51.85,1.0,,,,,,,,,,,,,<30
P032,Laki-laki,S1,Pelaksana,PNS,-,keduanya,1,Aktif,2025,1,110.0,107.0,101.0,7.24,9.27,22.0,18.0,4.0,81.82,6.0,6.0,6.0,0.0,0.0,0.0,0.0,2.0,1.0,1.0,2.0,1.0,2.0,2.0,1.0,2.0,14.0,51.85,1.0,Baik,0.0,1.0,7.0,0.0,,,,,,,Tahunan,<30
P032,Laki-laki,S1,Pelaksana,PNS,-,keduanya,1,Aktif,2026,1,121.0,119.0,115.0,7.25,9.52,18.0,17.0,1.0,94.44,6.0,6.0,,0.0,0.0,0.0,0.0,2.0,1.0,1.0,2.0,1.0,2.0,2.0,1.0,2.0,14.0,51.85,1.0,Baik,0.0,,,,Baik,0.0,Baik,0.0,2.0,0.0,Triwulan (terkini),<30
P033,Perempuan,S2,Fungsional,PNS,IV/b,keduanya,1,Aktif,2023,1,,,,,,28.0,19.0,9.0,67.86,25.0,25.0,25.0,3.0,3.0,53.0,0.0,2.0,1.0,2.0,2.0,2.0,2.0,2.0,3.0,2.0,18.0,66.67,1.0,,,,,,,,,,,,,40-49
P033,Perempuan,S2,Fungsional,PNS,IV/b,keduanya,1,Aktif,2024,1,,,,,,43.0,31.0,12.0,72.09,25.0,25.0,25.0,0.0,0.0,53.0,0.0,2.0,1.0,2.0,2.0,2.0,2.0,2.0,3.0,2.0,18.0,66.67,1.0,Sangat Baik,1.0,1.0,12.0,0.0,,,,,,,Tahunan,40-49
P033,Perempuan,S2,Fungsional,PNS,IV/b,keduanya,1,Aktif,2025,1,137.0,137.0,122.0,7.36,9.32,34.0,25.0,9.0,73.53,21.0,21.0,21.0,1.0,1.0,54.0,0.0,2.0,1.0,2.0,2.0,2.0,2.0,2.0,3.0,2.0,18.0,66.67,1.0,Sangat Baik,1.0,1.0,11.0,0.0,,,,,,,Tahunan,40-49
P033,Perempuan,S2,Fungsional,PNS,IV/b,keduanya,1,Aktif,2026,1,88.0,87.0,82.0,7.32,9.12,18.0,12.0,6.0,66.67,15.0,15.0,,0.0,0.0,54.0,0.0,2.0,1.0,2.0,2.0,2.0,2.0,2.0,3.0,2.0,18.0,66.67,1.0,Sangat Baik,1.0,,,,Sangat Baik,1.0,Sangat Baik,1.0,2.0,1.0,Triwulan (terkini),40-49
P034,Laki-laki,S2,PNS,Widyaiswara,Pembina Tk. I/IVb,sistem_lama,0,Tidak Terdaftar,2023,0,,,,,,0.0,0.0,0.0,,0.0,0.0,0.0,0.0,0.0,0.0,0.0,,,,,,,,,,,,0.0,,,,,,,,,,,,,60+
P034,Laki-laki,S2,PNS,Widyaiswara,Pembina Tk. I/IVb,sistem_lama,0,Tidak Terdaftar,2024,0,,,,,,0.0,0.0,0.0,,0.0,0.0,0.0,0.0,0.0,0.0,0.0,,,,,,,,,,,,0.0,,,,,,,,,,,,,60+
P034,Laki-laki,S2,PNS,Widyaiswara,Pembina Tk. I/IVb,sistem_lama,0,Tidak Terdaftar,2025,0,0.0,0.0,0.0,,,0.0,0.0,0.0,,0.0,0.0,0.0,0.0,0.0,0.0,0.0,,,,,,,,,,,,0.0,,,,,,,,,,,,,60+
P034,Laki-laki,S2,PNS,Widyaiswara,Pembina Tk. I/IVb,sistem_lama,0,Tidak Terdaftar,2026,0,0.0,0.0,0.0,,,0.0,0.0,0.0,,0.0,0.0,,0.0,0.0,0.0,0.0,,,,,,,,,,,,0.0,,,,,,,,,,0.0,,,60+
P035,Laki-laki,SMA/Sederajat,PPNPN,PPNPN,-,sistem_lama,0,Tidak Terdaftar,2023,1,,,,,,28.0,26.0,2.0,92.86,1.0,1.0,1.0,0.0,0.0,0.0,0.0,,,,,,,,,,,,0.0,,,,,,,,,,,,,30-39
P035,Laki-laki,SMA/Sederajat,PPNPN,PPNPN,-,sistem_lama,0,Tidak Terdaftar,2024,1,,,,,,43.0,41.0,2.0,95.35,3.0,3.0,3.0,0.0,0.0,0.0,0.0,,,,,,,,,,,,0.0,,,,,,,,,,,,,30-39
P035,Laki-laki,SMA/Sederajat,PPNPN,PPNPN,-,sistem_lama,0,Tidak Terdaftar,2025,1,0.0,0.0,0.0,,,34.0,34.0,0.0,100.0,0.0,0.0,0.0,0.0,0.0,0.0,0.0,,,,,,,,,,,,0.0,,,,,,,,,,,,,30-39
P035,Laki-laki,SMA/Sederajat,PPNPN,PPNPN,-,sistem_lama,0,Tidak Terdaftar,2026,0,0.0,0.0,0.0,,,0.0,0.0,0.0,,0.0,0.0,,0.0,0.0,0.0,0.0,,,,,,,,,,,,0.0,,,,,,,,,,0.0,,,30-39
P036,Laki-laki,SMA/Sederajat,PPNPN,PPNPN,-,sistem_lama,0,Tidak Terdaftar,2023,1,,,,,,28.0,27.0,1.0,96.43,1.0,1.0,1.0,0.0,0.0,0.0,0.0,,,,,,,,,,,,0.0,,,,,,,,,,,,,50-59
P036,Laki-laki,SMA/Sederajat,PPNPN,PPNPN,-,sistem_lama,0,Tidak Terdaftar,2024,1,,,,,,43.0,41.0,2.0,95.35,1.0,1.0,1.0,0.0,0.0,0.0,0.0,,,,,,,,,,,,0.0,,,,,,,,,,,,,50-59
P036,Laki-laki,SMA/Sederajat,PPNPN,PPNPN,-,sistem_lama,0,Tidak Terdaftar,2025,1,0.0,0.0,0.0,,,34.0,25.0,9.0,73.53,0.0,0.0,0.0,0.0,0.0,0.0,0.0,,,,,,,,,,,,0.0,,,,,,,,,,,,,50-59
P036,Laki-laki,SMA/Sederajat,PPNPN,PPNPN,-,sistem_lama,0,Tidak Terdaftar,2026,0,0.0,0.0,0.0,,,0.0,0.0,0.0,,0.0,0.0,,0.0,0.0,0.0,0.0,,,,,,,,,,,,0.0,,,,,,,,,,0.0,,,60+
P037,Laki-laki,SMA/Sederajat,PPNPN,PPNPN,-,sistem_lama,0,Tidak Terdaftar,2023,1,,,,,,28.0,24.0,4.0,85.71,2.0,2.0,2.0,0.0,0.0,0.0,0.0,,,,,,,,,,,,0.0,,,,,,,,,,,,,30-39
P037,Laki-laki,SMA/Sederajat,PPNPN,PPNPN,-,sistem_lama,0,Tidak Terdaftar,2024,1,,,,,,43.0,42.0,1.0,97.67,10.0,10.0,10.0,0.0,0.0,0.0,0.0,,,,,,,,,,,,0.0,,,,,,,,,,,,,30-39
P037,Laki-laki,SMA/Sederajat,PPNPN,PPNPN,-,sistem_lama,0,Tidak Terdaftar,2025,1,0.0,0.0,0.0,,,34.0,33.0,1.0,97.06,3.0,3.0,3.0,0.0,0.0,0.0,0.0,,,,,,,,,,,,0.0,,,,,,,,,,,,,40-49
P037,Laki-laki,SMA/Sederajat,PPNPN,PPNPN,-,sistem_lama,0,Tidak Terdaftar,2026,0,0.0,0.0,0.0,,,0.0,0.0,0.0,,0.0,0.0,,0.0,0.0,0.0,0.0,,,,,,,,,,,,0.0,,,,,,,,,,0.0,,,40-49
P038,Laki-laki,S2,Fungsional,PNS,IV/b,keduanya,1,Aktif,2023,1,,,,,,28.0,21.0,7.0,75.0,25.0,25.0,25.0,2.0,2.0,18.0,0.0,1.0,1.0,1.0,2.0,1.0,2.0,2.0,2.0,2.0,14.0,51.85,1.0,,,,,,,,,,,,,40-49
P038,Laki-laki,S2,Fungsional,PNS,IV/b,keduanya,1,Aktif,2024,1,,,,,,43.0,28.0,15.0,65.12,29.0,29.0,29.0,0.0,0.0,18.0,0.0,1.0,1.0,1.0,2.0,1.0,2.0,2.0,2.0,2.0,14.0,51.85,1.0,Sangat Baik,1.0,1.0,12.0,0.0,,,,,,,Tahunan,40-49
P038,Laki-laki,S2,Fungsional,PNS,IV/b,keduanya,1,Aktif,2025,1,151.0,151.0,141.0,7.44,8.89,34.0,23.0,11.0,67.65,19.0,19.0,19.0,2.0,2.0,20.0,0.0,1.0,1.0,1.0,2.0,1.0,2.0,2.0,2.0,2.0,14.0,51.85,1.0,Sangat Baik,1.0,1.0,11.0,0.0,,,,,,,Tahunan,40-49
P038,Laki-laki,S2,Fungsional,PNS,IV/b,keduanya,1,Aktif,2026,1,114.0,114.0,113.0,7.25,8.96,18.0,14.0,4.0,77.78,11.0,11.0,,0.0,0.0,20.0,0.0,1.0,1.0,1.0,2.0,1.0,2.0,2.0,2.0,2.0,14.0,51.85,1.0,Sangat Baik,1.0,,,,Sangat Baik,1.0,Sangat Baik,1.0,2.0,1.0,Triwulan (terkini),40-49
P039,Perempuan,S2,Fungsional,PNS,IV/c,keduanya,1,Aktif,2023,1,,,,,,28.0,16.0,12.0,57.14,19.0,19.0,19.0,1.0,1.0,2.0,2.0,2.0,2.0,2.0,2.0,1.0,2.0,2.0,2.0,2.0,17.0,62.96,1.0,,,,,,,,,,,,,50-59
P039,Perempuan,S2,Fungsional,PNS,IV/c,keduanya,1,Aktif,2024,1,,,,,,43.0,32.0,11.0,74.42,31.0,31.0,31.0,1.0,1.0,3.0,2.0,2.0,2.0,2.0,2.0,1.0,2.0,2.0,2.0,2.0,17.0,62.96,1.0,Sangat Baik,1.0,1.0,12.0,0.0,,,,,,,Tahunan,50-59
P039,Perempuan,S2,Fungsional,PNS,IV/c,keduanya,1,Aktif,2025,1,145.0,143.0,128.0,7.52,8.92,34.0,25.0,9.0,73.53,26.0,26.0,25.0,1.0,1.0,4.0,2.0,2.0,2.0,2.0,2.0,1.0,2.0,2.0,2.0,2.0,17.0,62.96,1.0,Sangat Baik,1.0,1.0,11.0,0.0,,,,,,,Tahunan,50-59
P039,Perempuan,S2,Fungsional,PNS,IV/c,keduanya,1,Aktif,2026,1,101.0,100.0,96.0,7.41,8.91,18.0,10.0,8.0,55.56,15.0,15.0,,0.0,0.0,4.0,2.0,2.0,2.0,2.0,2.0,1.0,2.0,2.0,2.0,2.0,17.0,62.96,1.0,Sangat Baik,1.0,,,,Sangat Baik,1.0,Sangat Baik,1.0,2.0,1.0,Triwulan (terkini),50-59
P040,Laki-laki,S1,Fungsional,PNS,III/c,keduanya,1,Aktif,2023,1,,,,,,28.0,23.0,5.0,82.14,18.0,18.0,18.0,2.0,2.0,26.0,0.0,2.0,2.0,2.0,2.0,2.0,2.0,2.0,1.0,2.0,17.0,62.96,1.0,,,,,,,,,,,,,30-39
P040,Laki-laki,S1,Fungsional,PNS,III/c,keduanya,1,Aktif,2024,1,,,,,,43.0,37.0,6.0,86.05,29.0,29.0,29.0,5.0,5.0,31.0,0.0,2.0,2.0,2.0,2.0,2.0,2.0,2.0,1.0,2.0,17.0,62.96,1.0,Sangat Baik,1.0,1.0,2.0,0.0,,,,,,,Tahunan,30-39
P040,Laki-laki,S1,Fungsional,PNS,III/c,keduanya,1,Aktif,2025,1,168.0,162.0,144.0,7.0,10.15,34.0,29.0,5.0,85.29,14.0,14.0,14.0,8.0,8.0,39.0,0.0,2.0,2.0,2.0,2.0,2.0,2.0,2.0,1.0,2.0,17.0,62.96,1.0,Sangat Baik,1.0,1.0,9.0,0.0,,,,,,,Tahunan,40-49
P040,Laki-laki,S1,Fungsional,PNS,III/c,keduanya,1,Aktif,2026,1,116.0,113.0,110.0,6.91,10.59,18.0,16.0,2.0,88.89,11.0,11.0,,2.0,1.0,41.0,0.0,2.0,2.0,2.0,2.0,2.0,2.0,2.0,1.0,2.0,17.0,62.96,1.0,Sangat Baik,1.0,,,,Sangat Baik,1.0,Sangat Baik,1.0,2.0,1.0,Triwulan (terkini),40-49
P041,Laki-laki,SMA/SMK,Pelaksana,PNS,III/b,keduanya,1,Aktif,2023,1,,,,,,28.0,26.0,2.0,92.86,3.0,3.0,3.0,2.0,2.0,3.0,0.0,1.0,2.0,1.0,1.0,1.0,1.0,2.0,1.0,2.0,12.0,44.44,1.0,,,,,,,,,,,,,50-59
P041,Laki-laki,SMA/SMK,Pelaksana,PNS,III/b,keduanya,1,Aktif,2024,1,,,,,,43.0,32.0,11.0,74.42,2.0,2.0,2.0,2.0,2.0,5.0,0.0,1.0,2.0,1.0,1.0,1.0,1.0,2.0,1.0,2.0,12.0,44.44,1.0,Baik,0.0,1.0,12.0,0.0,,,,,,,Tahunan,50-59
P041,Laki-laki,SMA/SMK,Pelaksana,PNS,III/b,keduanya,1,Aktif,2025,1,216.0,213.0,203.0,6.51,10.0,34.0,30.0,4.0,88.24,0.0,0.0,0.0,0.0,0.0,5.0,0.0,1.0,2.0,1.0,1.0,1.0,1.0,2.0,1.0,2.0,12.0,44.44,1.0,Baik,0.0,1.0,11.0,0.0,,,,,,,Tahunan,50-59
P041,Laki-laki,SMA/SMK,Pelaksana,PNS,III/b,keduanya,1,Aktif,2026,1,143.0,143.0,140.0,6.53,10.18,18.0,18.0,0.0,100.0,1.0,1.0,,0.0,0.0,5.0,0.0,1.0,2.0,1.0,1.0,1.0,1.0,2.0,1.0,2.0,12.0,44.44,1.0,Baik,0.0,,,,Baik,0.0,Baik,0.0,2.0,0.0,Triwulan (terkini),50-59
P042,Perempuan,SMA/Sederajat,PPNPN,PPNPN,-,sistem_lama,0,Tidak Terdaftar,2023,1,,,,,,28.0,28.0,0.0,100.0,1.0,1.0,1.0,0.0,0.0,0.0,0.0,,,,,,,,,,,,0.0,,,,,,,,,,,,,50-59
P042,Perempuan,SMA/Sederajat,PPNPN,PPNPN,-,sistem_lama,0,Tidak Terdaftar,2024,1,,,,,,43.0,42.0,1.0,97.67,2.0,2.0,2.0,0.0,0.0,0.0,0.0,,,,,,,,,,,,0.0,,,,,,,,,,,,,50-59
P042,Perempuan,SMA/Sederajat,PPNPN,PPNPN,-,sistem_lama,0,Tidak Terdaftar,2025,1,0.0,0.0,0.0,,,34.0,28.0,6.0,82.35,0.0,0.0,0.0,0.0,0.0,0.0,0.0,,,,,,,,,,,,0.0,,,,,,,,,,,,,50-59
P042,Perempuan,SMA/Sederajat,PPNPN,PPNPN,-,sistem_lama,0,Tidak Terdaftar,2026,0,0.0,0.0,0.0,,,0.0,0.0,0.0,,0.0,0.0,,0.0,0.0,0.0,0.0,,,,,,,,,,,,0.0,,,,,,,,,,0.0,,,50-59
P043,Perempuan,S1,Fungsional,PNS,-,keduanya,1,Aktif,2023,0,,,,,,0.0,0.0,0.0,,0.0,0.0,0.0,0.0,0.0,0.0,0.0,2.0,2.0,1.0,1.0,2.0,2.0,1.0,2.0,1.0,14.0,51.85,1.0,,,,,,,,,,,,,
P043,Perempuan,S1,Fungsional,PNS,-,keduanya,1,Aktif,2024,0,,,,,,0.0,0.0,0.0,,0.0,0.0,0.0,0.0,0.0,0.0,0.0,2.0,2.0,1.0,1.0,2.0,2.0,1.0,2.0,1.0,14.0,51.85,1.0,,,,,,,,,,,,,
P043,Perempuan,S1,Fungsional,PNS,-,keduanya,1,Aktif,2025,1,127.0,126.0,116.0,7.17,9.44,22.0,21.0,1.0,95.45,6.0,6.0,6.0,0.0,0.0,0.0,0.0,2.0,2.0,1.0,1.0,2.0,2.0,1.0,2.0,1.0,14.0,51.85,1.0,Baik,0.0,1.0,7.0,0.0,,,,,,,Tahunan,
P043,Perempuan,S1,Fungsional,PNS,-,keduanya,1,Aktif,2026,1,124.0,124.0,117.0,7.19,9.11,18.0,16.0,2.0,88.89,8.0,8.0,,0.0,0.0,0.0,0.0,2.0,2.0,1.0,1.0,2.0,2.0,1.0,2.0,1.0,14.0,51.85,1.0,Baik,0.0,,,,Baik,0.0,Baik,0.0,2.0,0.0,Triwulan (terkini),
P044,Laki-laki,SMA/Sederajat,PPNPN,PPNPN,-,sistem_lama,0,Tidak Terdaftar,2023,1,,,,,,28.0,16.0,12.0,57.14,2.0,2.0,2.0,0.0,0.0,0.0,0.0,,,,,,,,,,,,0.0,,,,,,,,,,,,,<30
P044,Laki-laki,SMA/Sederajat,PPNPN,PPNPN,-,sistem_lama,0,Tidak Terdaftar,2024,1,,,,,,43.0,39.0,4.0,90.7,2.0,2.0,2.0,0.0,0.0,0.0,0.0,,,,,,,,,,,,0.0,,,,,,,,,,,,,<30
P044,Laki-laki,SMA/Sederajat,PPNPN,PPNPN,-,sistem_lama,0,Tidak Terdaftar,2025,1,0.0,0.0,0.0,,,34.0,31.0,3.0,91.18,0.0,0.0,0.0,0.0,0.0,0.0,0.0,,,,,,,,,,,,0.0,,,,,,,,,,,,,<30
P044,Laki-laki,SMA/Sederajat,PPNPN,PPNPN,-,sistem_lama,0,Tidak Terdaftar,2026,0,0.0,0.0,0.0,,,0.0,0.0,0.0,,0.0,0.0,,0.0,0.0,0.0,0.0,,,,,,,,,,,,0.0,,,,,,,,,,0.0,,,<30
P045,Laki-laki,S2,PNS,Widyaiswara,Pembina/IVa,sistem_lama,0,Tidak Terdaftar,2023,0,,,,,,0.0,0.0,0.0,,0.0,0.0,0.0,0.0,0.0,0.0,0.0,,,,,,,,,,,,0.0,,,,,,,,,,,,,60+
P045,Laki-laki,S2,PNS,Widyaiswara,Pembina/IVa,sistem_lama,0,Tidak Terdaftar,2024,0,,,,,,0.0,0.0,0.0,,0.0,0.0,0.0,0.0,0.0,0.0,0.0,,,,,,,,,,,,0.0,,,,,,,,,,,,,60+
P045,Laki-laki,S2,PNS,Widyaiswara,Pembina/IVa,sistem_lama,0,Tidak Terdaftar,2025,0,0.0,0.0,0.0,,,0.0,0.0,0.0,,0.0,0.0,0.0,0.0,0.0,0.0,0.0,,,,,,,,,,,,0.0,,,,,,,,,,,,,60+
P045,Laki-laki,S2,PNS,Widyaiswara,Pembina/IVa,sistem_lama,0,Tidak Terdaftar,2026,0,0.0,0.0,0.0,,,0.0,0.0,0.0,,0.0,0.0,,0.0,0.0,0.0,0.0,,,,,,,,,,,,0.0,,,,,,,,,,0.0,,,60+
P046,Perempuan,SD,PPNPN,PPNPN,-,sistem_lama,0,Tidak Terdaftar,2023,0,,,,,,0.0,0.0,0.0,,0.0,0.0,0.0,0.0,0.0,0.0,0.0,,,,,,,,,,,,0.0,,,,,,,,,,,,,60+
P046,Perempuan,SD,PPNPN,PPNPN,-,sistem_lama,0,Tidak Terdaftar,2024,0,,,,,,0.0,0.0,0.0,,0.0,0.0,0.0,0.0,0.0,0.0,0.0,,,,,,,,,,,,0.0,,,,,,,,,,,,,60+
P046,Perempuan,SD,PPNPN,PPNPN,-,sistem_lama,0,Tidak Terdaftar,2025,0,0.0,0.0,0.0,,,0.0,0.0,0.0,,0.0,0.0,0.0,0.0,0.0,0.0,0.0,,,,,,,,,,,,0.0,,,,,,,,,,,,,60+
P046,Perempuan,SD,PPNPN,PPNPN,-,sistem_lama,0,Tidak Terdaftar,2026,0,0.0,0.0,0.0,,,0.0,0.0,0.0,,0.0,0.0,,0.0,0.0,0.0,0.0,,,,,,,,,,,,0.0,,,,,,,,,,0.0,,,60+
P047,Perempuan,SMA/Sederajat,PPNPN,PPNPN,-,sistem_lama,0,Tidak Terdaftar,2023,0,,,,,,0.0,0.0,0.0,,0.0,0.0,0.0,0.0,0.0,0.0,0.0,,,,,,,,,,,,0.0,,,,,,,,,,,,,
P047,Perempuan,SMA/Sederajat,PPNPN,PPNPN,-,sistem_lama,0,Tidak Terdaftar,2024,0,,,,,,0.0,0.0,0.0,,0.0,0.0,0.0,0.0,0.0,0.0,0.0,,,,,,,,,,,,0.0,,,,,,,,,,,,,
P047,Perempuan,SMA/Sederajat,PPNPN,PPNPN,-,sistem_lama,0,Tidak Terdaftar,2025,0,0.0,0.0,0.0,,,0.0,0.0,0.0,,0.0,0.0,0.0,0.0,0.0,0.0,0.0,,,,,,,,,,,,0.0,,,,,,,,,,,,,
P047,Perempuan,SMA/Sederajat,PPNPN,PPNPN,-,sistem_lama,0,Tidak Terdaftar,2026,0,0.0,0.0,0.0,,,0.0,0.0,0.0,,0.0,0.0,,0.0,0.0,0.0,0.0,,,,,,,,,,,,0.0,,,,,,,,,,0.0,,,
P048,Laki-laki,S2,Fungsional,PNS,IV/b,keduanya,1,Aktif,2023,1,,,,,,28.0,16.0,12.0,57.14,25.0,25.0,25.0,2.0,2.0,24.0,0.0,2.0,2.0,2.0,2.0,2.0,2.0,1.0,2.0,2.0,17.0,62.96,1.0,,,,,,,,,,,,,50-59
P048,Laki-laki,S2,Fungsional,PNS,IV/b,keduanya,1,Aktif,2024,1,,,,,,43.0,34.0,9.0,79.07,26.0,26.0,26.0,0.0,0.0,24.0,0.0,2.0,2.0,2.0,2.0,2.0,2.0,1.0,2.0,2.0,17.0,62.96,1.0,Sangat Baik,1.0,1.0,12.0,0.0,,,,,,,Tahunan,50-59
P048,Laki-laki,S2,Fungsional,PNS,IV/b,keduanya,1,Aktif,2025,1,180.0,170.0,171.0,7.12,10.02,34.0,8.0,26.0,23.53,2.0,2.0,2.0,0.0,0.0,24.0,0.0,2.0,2.0,2.0,2.0,2.0,2.0,1.0,2.0,2.0,17.0,62.96,1.0,Sangat Baik,1.0,1.0,11.0,0.0,,,,,,,Tahunan,50-59
P048,Laki-laki,S2,Fungsional,PNS,IV/b,keduanya,1,Aktif,2026,1,134.0,131.0,130.0,7.2,9.29,18.0,8.0,10.0,44.44,2.0,2.0,,0.0,0.0,24.0,0.0,2.0,2.0,2.0,2.0,2.0,2.0,1.0,2.0,2.0,17.0,62.96,1.0,Sangat Baik,1.0,,,,Sangat Baik,1.0,Sangat Baik,1.0,2.0,1.0,Triwulan (terkini),50-59
P049,Laki-laki,SMA/SMK,Pelaksana,PPPK PW,,sistem_baru,1,Aktif,2023,1,,,,,,28.0,13.0,15.0,46.43,0.0,0.0,0.0,0.0,0.0,0.0,0.0,,,,,,,,,,,,0.0,,,,,,,,,,,,,40-49
P049,Laki-laki,SMA/SMK,Pelaksana,PPPK PW,,sistem_baru,1,Aktif,2024,1,,,,,,43.0,38.0,5.0,88.37,0.0,0.0,0.0,0.0,0.0,0.0,0.0,,,,,,,,,,,,0.0,,,,,,,,,,,,,40-49
P049,Laki-laki,SMA/SMK,Pelaksana,PPPK PW,,sistem_baru,1,Aktif,2025,1,0.0,0.0,0.0,,,34.0,33.0,1.0,97.06,0.0,0.0,0.0,0.0,0.0,0.0,0.0,,,,,,,,,,,,0.0,Baik,0.0,1.0,3.0,0.0,,,,,,,Tahunan,40-49
P049,Laki-laki,SMA/SMK,Pelaksana,PPPK PW,,sistem_baru,1,Aktif,2026,1,138.0,137.0,122.0,6.51,9.07,18.0,18.0,0.0,100.0,2.0,2.0,,0.0,0.0,0.0,0.0,,,,,,,,,,,,0.0,Baik,0.0,,,,Baik,0.0,Baik,0.0,2.0,0.0,Triwulan (terkini),40-49
P050,Laki-laki,S1/D4,PPNPN,PPNPN,-,sistem_lama,0,Tidak Terdaftar,2023,1,,,,,,28.0,20.0,8.0,71.43,2.0,2.0,2.0,0.0,0.0,0.0,0.0,,,,,,,,,,,,0.0,,,,,,,,,,,,,40-49
P050,Laki-laki,S1/D4,PPNPN,PPNPN,-,sistem_lama,0,Tidak Terdaftar,2024,1,,,,,,43.0,28.0,15.0,65.12,1.0,1.0,1.0,0.0,0.0,0.0,0.0,,,,,,,,,,,,0.0,,,,,,,,,,,,,40-49
P050,Laki-laki,S1/D4,PPNPN,PPNPN,-,sistem_lama,0,Tidak Terdaftar,2025,0,0.0,0.0,0.0,,,0.0,0.0,0.0,,0.0,0.0,0.0,0.0,0.0,0.0,0.0,,,,,,,,,,,,0.0,,,,,,,,,,,,,40-49
P050,Laki-laki,S1/D4,PPNPN,PPNPN,-,sistem_lama,0,Tidak Terdaftar,2026,0,0.0,0.0,0.0,,,0.0,0.0,0.0,,0.0,0.0,,0.0,0.0,0.0,0.0,,,,,,,,,,,,0.0,,,,,,,,,,0.0,,,40-49
P051,Laki-laki,S2,PNS,Widyaiswara,Penata Tk. I/IIId,sistem_lama,0,Tidak Terdaftar,2023,0,,,,,,0.0,0.0,0.0,,0.0,0.0,0.0,0.0,0.0,0.0,0.0,,,,,,,,,,,,0.0,,,,,,,,,,,,,50-59
P051,Laki-laki,S2,PNS,Widyaiswara,Penata Tk. I/IIId,sistem_lama,0,Tidak Terdaftar,2024,0,,,,,,0.0,0.0,0.0,,0.0,0.0,0.0,0.0,0.0,0.0,0.0,,,,,,,,,,,,0.0,,,,,,,,,,,,,60+
P051,Laki-laki,S2,PNS,Widyaiswara,Penata Tk. I/IIId,sistem_lama,0,Tidak Terdaftar,2025,0,0.0,0.0,0.0,,,0.0,0.0,0.0,,0.0,0.0,0.0,0.0,0.0,0.0,0.0,,,,,,,,,,,,0.0,,,,,,,,,,,,,60+
P051,Laki-laki,S2,PNS,Widyaiswara,Penata Tk. I/IIId,sistem_lama,0,Tidak Terdaftar,2026,0,0.0,0.0,0.0,,,0.0,0.0,0.0,,0.0,0.0,,0.0,0.0,0.0,0.0,,,,,,,,,,,,0.0,,,,,,,,,,0.0,,,60+
P052,Perempuan,SMA/Sederajat,PNS,Fungsional Umum,Penata Muda/IIIa,sistem_lama,0,Tidak Terdaftar,2023,0,,,,,,0.0,0.0,0.0,,0.0,0.0,0.0,0.0,0.0,0.0,0.0,,,,,,,,,,,,0.0,,,,,,,,,,,,,60+
P052,Perempuan,SMA/Sederajat,PNS,Fungsional Umum,Penata Muda/IIIa,sistem_lama,0,Tidak Terdaftar,2024,0,,,,,,0.0,0.0,0.0,,0.0,0.0,0.0,0.0,0.0,0.0,0.0,,,,,,,,,,,,0.0,,,,,,,,,,,,,60+
P052,Perempuan,SMA/Sederajat,PNS,Fungsional Umum,Penata Muda/IIIa,sistem_lama,0,Tidak Terdaftar,2025,0,0.0,0.0,0.0,,,0.0,0.0,0.0,,0.0,0.0,0.0,0.0,0.0,0.0,0.0,,,,,,,,,,,,0.0,,,,,,,,,,,,,60+
P052,Perempuan,SMA/Sederajat,PNS,Fungsional Umum,Penata Muda/IIIa,sistem_lama,0,Tidak Terdaftar,2026,0,0.0,0.0,0.0,,,0.0,0.0,0.0,,0.0,0.0,,0.0,0.0,0.0,0.0,,,,,,,,,,,,0.0,,,,,,,,,,0.0,,,60+
P053,Laki-laki,SMA/SMK,Pelaksana,PPPK PW,,sistem_baru,1,Aktif,2023,1,,,,,,28.0,27.0,1.0,96.43,0.0,0.0,0.0,0.0,0.0,0.0,0.0,,,,,,,,,,,,0.0,,,,,,,,,,,,,40-49
P053,Laki-laki,SMA/SMK,Pelaksana,PPPK PW,,sistem_baru,1,Aktif,2024,1,,,,,,43.0,42.0,1.0,97.67,0.0,0.0,0.0,0.0,0.0,0.0,0.0,,,,,,,,,,,,0.0,,,,,,,,,,,,,40-49
P053,Laki-laki,SMA/SMK,Pelaksana,PPPK PW,,sistem_baru,1,Aktif,2025,1,0.0,0.0,0.0,,,34.0,34.0,0.0,100.0,0.0,0.0,0.0,0.0,0.0,0.0,0.0,,,,,,,,,,,,0.0,Baik,0.0,1.0,3.0,0.0,,,,,,,Tahunan,40-49
P053,Laki-laki,SMA/SMK,Pelaksana,PPPK PW,,sistem_baru,1,Aktif,2026,1,139.0,138.0,136.0,6.57,8.86,18.0,18.0,0.0,100.0,2.0,2.0,,0.0,0.0,0.0,0.0,,,,,,,,,,,,0.0,Baik,0.0,,,,Baik,0.0,Baik,0.0,2.0,0.0,Triwulan (terkini),40-49
P054,Laki-laki,S2,PNS,Widyaiswara,Pembina/IVa,sistem_lama,0,Tidak Terdaftar,2023,0,,,,,,0.0,0.0,0.0,,0.0,0.0,0.0,0.0,0.0,0.0,0.0,,,,,,,,,,,,0.0,,,,,,,,,,,,,60+
P054,Laki-laki,S2,PNS,Widyaiswara,Pembina/IVa,sistem_lama,0,Tidak Terdaftar,2024,0,,,,,,0.0,0.0,0.0,,0.0,0.0,0.0,0.0,0.0,0.0,0.0,,,,,,,,,,,,0.0,,,,,,,,,,,,,60+
P054,Laki-laki,S2,PNS,Widyaiswara,Pembina/IVa,sistem_lama,0,Tidak Terdaftar,2025,0,0.0,0.0,0.0,,,0.0,0.0,0.0,,0.0,0.0,0.0,0.0,0.0,0.0,0.0,,,,,,,,,,,,0.0,,,,,,,,,,,,,60+
P054,Laki-laki,S2,PNS,Widyaiswara,Pembina/IVa,sistem_lama,0,Tidak Terdaftar,2026,0,0.0,0.0,0.0,,,0.0,0.0,0.0,,0.0,0.0,,0.0,0.0,0.0,0.0,,,,,,,,,,,,0.0,,,,,,,,,,0.0,,,60+
P055,Laki-laki,SMA/SMK,Pelaksana,PPPK,V,keduanya,1,Aktif,2023,1,,,,,,28.0,20.0,8.0,71.43,1.0,1.0,1.0,0.0,0.0,0.0,0.0,,,,,,,,,,,,0.0,,,,,,,,,,,,,40-49
P055,Laki-laki,SMA/SMK,Pelaksana,PPPK,V,keduanya,1,Aktif,2024,1,,,,,,43.0,36.0,7.0,83.72,2.0,2.0,2.0,0.0,0.0,0.0,0.0,,,,,,,,,,,,0.0,,,,,,,,,,,,,40-49
P055,Laki-laki,SMA/SMK,Pelaksana,PPPK,V,keduanya,1,Aktif,2025,1,58.0,57.0,55.0,7.25,9.18,34.0,32.0,2.0,94.12,2.0,2.0,2.0,0.0,0.0,0.0,0.0,,,,,,,,,,,,0.0,Baik,0.0,1.0,4.0,0.0,,,,,,,Tahunan,50-59
P055,Laki-laki,SMA/SMK,Pelaksana,PPPK,V,keduanya,1,Aktif,2026,1,142.0,141.0,139.0,7.16,9.16,18.0,18.0,0.0,100.0,1.0,1.0,,1.0,0.0,1.0,0.0,,,,,,,,,,,,0.0,Baik,0.0,,,,Baik,0.0,Baik,0.0,2.0,0.0,Triwulan (terkini),50-59
P056,Laki-laki,S1/D4,PNS,Struktural,Penata Tk. I/IIId,sistem_lama,0,Tidak Terdaftar,2023,0,,,,,,0.0,0.0,0.0,,0.0,0.0,0.0,0.0,0.0,0.0,0.0,,,,,,,,,,,,0.0,,,,,,,,,,,,,50-59
P056,Laki-laki,S1/D4,PNS,Struktural,Penata Tk. I/IIId,sistem_lama,0,Tidak Terdaftar,2024,0,,,,,,0.0,0.0,0.0,,0.0,0.0,0.0,0.0,0.0,0.0,0.0,,,,,,,,,,,,0.0,,,,,,,,,,,,,50-59
P056,Laki-laki,S1/D4,PNS,Struktural,Penata Tk. I/IIId,sistem_lama,0,Tidak Terdaftar,2025,0,0.0,0.0,0.0,,,0.0,0.0,0.0,,0.0,0.0,0.0,0.0,0.0,0.0,0.0,,,,,,,,,,,,0.0,,,,,,,,,,,,,60+
P056,Laki-laki,S1/D4,PNS,Struktural,Penata Tk. I/IIId,sistem_lama,0,Tidak Terdaftar,2026,0,0.0,0.0,0.0,,,0.0,0.0,0.0,,0.0,0.0,,0.0,0.0,0.0,0.0,,,,,,,,,,,,0.0,,,,,,,,,,0.0,,,60+
P057,Laki-laki,S2,Fungsional,PNS,IV/a,keduanya,0,Tidak Aktif,2023,1,,,,,,28.0,25.0,3.0,89.29,21.0,21.0,21.0,2.0,2.0,29.0,0.0,,,,,,,,,,,,0.0,,,,,,,,,,,,,50-59
P057,Laki-laki,S2,Fungsional,PNS,IV/a,keduanya,0,Tidak Aktif,2024,1,,,,,,43.0,35.0,8.0,81.4,21.0,21.0,21.0,0.0,0.0,29.0,0.0,,,,,,,,,,,,0.0,Sangat Baik,1.0,1.0,12.0,0.0,,,,,,,Tahunan,50-59
P057,Laki-laki,S2,Fungsional,PNS,IV/a,keduanya,0,Tidak Aktif,2025,1,171.0,171.0,157.0,7.39,9.32,34.0,29.0,5.0,85.29,14.0,14.0,14.0,0.0,0.0,29.0,0.0,,,,,,,,,,,,0.0,Sangat Baik,1.0,1.0,11.0,0.0,,,,,,,Tahunan,50-59
P057,Laki-laki,S2,Fungsional,PNS,IV/a,keduanya,0,Tidak Aktif,2026,1,93.0,92.0,90.0,7.4,9.01,15.0,12.0,3.0,80.0,7.0,7.0,,0.0,0.0,29.0,0.0,,,,,,,,,,,,0.0,Sangat Baik,1.0,,,,Sangat Baik,1.0,,,1.0,,Triwulan (terkini),50-59
P058,Laki-laki,SMA/Sederajat,PPNPN,PPNPN,-,sistem_lama,0,Tidak Terdaftar,2023,1,,,,,,28.0,24.0,4.0,85.71,1.0,1.0,1.0,0.0,0.0,0.0,0.0,,,,,,,,,,,,0.0,,,,,,,,,,,,,40-49
P058,Laki-laki,SMA/Sederajat,PPNPN,PPNPN,-,sistem_lama,0,Tidak Terdaftar,2024,1,,,,,,43.0,41.0,2.0,95.35,1.0,1.0,1.0,0.0,0.0,0.0,0.0,,,,,,,,,,,,0.0,,,,,,,,,,,,,40-49
P058,Laki-laki,SMA/Sederajat,PPNPN,PPNPN,-,sistem_lama,0,Tidak Terdaftar,2025,1,0.0,0.0,0.0,,,34.0,33.0,1.0,97.06,0.0,0.0,0.0,0.0,0.0,0.0,0.0,,,,,,,,,,,,0.0,,,,,,,,,,,,,40-49
P058,Laki-laki,SMA/Sederajat,PPNPN,PPNPN,-,sistem_lama,0,Tidak Terdaftar,2026,0,0.0,0.0,0.0,,,0.0,0.0,0.0,,0.0,0.0,,0.0,0.0,0.0,0.0,,,,,,,,,,,,0.0,,,,,,,,,,0.0,,,40-49
P059,Perempuan,SMA/Sederajat,PNS,Fungsional Umum,Penata Muda Tk. I/IIIb,sistem_lama,0,Tidak Terdaftar,2023,0,,,,,,0.0,0.0,0.0,,0.0,0.0,0.0,0.0,0.0,0.0,0.0,,,,,,,,,,,,0.0,,,,,,,,,,,,,60+
P059,Perempuan,SMA/Sederajat,PNS,Fungsional Umum,Penata Muda Tk. I/IIIb,sistem_lama,0,Tidak Terdaftar,2024,0,,,,,,0.0,0.0,0.0,,0.0,0.0,0.0,0.0,0.0,0.0,0.0,,,,,,,,,,,,0.0,,,,,,,,,,,,,60+
P059,Perempuan,SMA/Sederajat,PNS,Fungsional Umum,Penata Muda Tk. I/IIIb,sistem_lama,0,Tidak Terdaftar,2025,0,0.0,0.0,0.0,,,0.0,0.0,0.0,,0.0,0.0,0.0,0.0,0.0,0.0,0.0,,,,,,,,,,,,0.0,,,,,,,,,,,,,60+
P059,Perempuan,SMA/Sederajat,PNS,Fungsional Umum,Penata Muda Tk. I/IIIb,sistem_lama,0,Tidak Terdaftar,2026,0,0.0,0.0,0.0,,,0.0,0.0,0.0,,0.0,0.0,,0.0,0.0,0.0,0.0,,,,,,,,,,,,0.0,,,,,,,,,,0.0,,,60+
P060,Laki-laki,SMA/SMK,Pelaksana,PPPK PW,,sistem_baru,1,Aktif,2023,1,,,,,,28.0,15.0,13.0,53.57,0.0,0.0,0.0,0.0,0.0,0.0,0.0,,,,,,,,,,,,0.0,,,,,,,,,,,,,40-49
P060,Laki-laki,SMA/SMK,Pelaksana,PPPK PW,,sistem_baru,1,Aktif,2024,1,,,,,,43.0,41.0,2.0,95.35,0.0,0.0,0.0,0.0,0.0,0.0,0.0,,,,,,,,,,,,0.0,,,,,,,,,,,,,40-49
P060,Laki-laki,SMA/SMK,Pelaksana,PPPK PW,,sistem_baru,1,Aktif,2025,1,0.0,0.0,0.0,,,34.0,30.0,4.0,88.24,0.0,0.0,0.0,0.0,0.0,0.0,0.0,,,,,,,,,,,,0.0,Baik,0.0,1.0,3.0,0.0,,,,,,,Tahunan,40-49
P060,Laki-laki,SMA/SMK,Pelaksana,PPPK PW,,sistem_baru,1,Aktif,2026,1,102.0,101.0,39.0,7.14,12.45,18.0,16.0,2.0,88.89,2.0,2.0,,0.0,0.0,0.0,0.0,,,,,,,,,,,,0.0,Baik,0.0,,,,Baik,0.0,Baik,0.0,2.0,0.0,Triwulan (terkini),40-49
P061,Laki-laki,S1/D4,PNS,Pelaksana,Penata Tk. I/IIId,sistem_lama,0,Tidak Terdaftar,2023,1,,,,,,28.0,24.0,4.0,85.71,12.0,12.0,12.0,0.0,0.0,0.0,0.0,,,,,,,,,,,,0.0,,,,,,,,,,,,,50-59
P061,Laki-laki,S1/D4,PNS,Pelaksana,Penata Tk. I/IIId,sistem_lama,0,Tidak Terdaftar,2024,1,,,,,,43.0,26.0,17.0,60.47,17.0,17.0,15.0,0.0,0.0,0.0,0.0,,,,,,,,,,,,0.0,,,,,,,,,,,,,50-59
P061,Laki-laki,S1/D4,PNS,Pelaksana,Penata Tk. I/IIId,sistem_lama,0,Tidak Terdaftar,2025,1,0.0,0.0,0.0,,,2.0,2.0,0.0,100.0,0.0,0.0,0.0,0.0,0.0,0.0,0.0,,,,,,,,,,,,0.0,,,,,,,,,,,,,50-59
P061,Laki-laki,S1/D4,PNS,Pelaksana,Penata Tk. I/IIId,sistem_lama,0,Tidak Terdaftar,2026,0,0.0,0.0,0.0,,,0.0,0.0,0.0,,0.0,0.0,,0.0,0.0,0.0,0.0,,,,,,,,,,,,0.0,,,,,,,,,,0.0,,,50-59
P062,Laki-laki,SMA/Sederajat,PNS,Fungsional Umum,Penata Muda Tk. I/IIIb,sistem_lama,0,Tidak Terdaftar,2023,0,,,,,,0.0,0.0,0.0,,0.0,0.0,0.0,0.0,0.0,0.0,0.0,,,,,,,,,,,,0.0,,,,,,,,,,,,,60+
P062,Laki-laki,SMA/Sederajat,PNS,Fungsional Umum,Penata Muda Tk. I/IIIb,sistem_lama,0,Tidak Terdaftar,2024,0,,,,,,0.0,0.0,0.0,,0.0,0.0,0.0,0.0,0.0,0.0,0.0,,,,,,,,,,,,0.0,,,,,,,,,,,,,60+
P062,Laki-laki,SMA/Sederajat,PNS,Fungsional Umum,Penata Muda Tk. I/IIIb,sistem_lama,0,Tidak Terdaftar,2025,0,0.0,0.0,0.0,,,0.0,0.0,0.0,,0.0,0.0,0.0,0.0,0.0,0.0,0.0,,,,,,,,,,,,0.0,,,,,,,,,,,,,60+
P062,Laki-laki,SMA/Sederajat,PNS,Fungsional Umum,Penata Muda Tk. I/IIIb,sistem_lama,0,Tidak Terdaftar,2026,0,0.0,0.0,0.0,,,0.0,0.0,0.0,,0.0,0.0,,0.0,0.0,0.0,0.0,,,,,,,,,,,,0.0,,,,,,,,,,0.0,,,60+
P063,Laki-laki,S3,Fungsional,PNS,IV/c,keduanya,1,Aktif,2023,1,,,,,,28.0,19.0,9.0,67.86,15.0,15.0,15.0,2.0,2.0,15.0,0.0,2.0,2.0,3.0,2.0,1.0,1.0,2.0,2.0,2.0,17.0,62.96,1.0,,,,,,,,,,,,,40-49
P063,Laki-laki,S3,Fungsional,PNS,IV/c,keduanya,1,Aktif,2024,1,,,,,,43.0,28.0,15.0,65.12,34.0,34.0,34.0,0.0,0.0,15.0,0.0,2.0,2.0,3.0,2.0,1.0,1.0,2.0,2.0,2.0,17.0,62.96,1.0,Sangat Baik,1.0,1.0,12.0,0.0,,,,,,,Tahunan,40-49
P063,Laki-laki,S3,Fungsional,PNS,IV/c,keduanya,1,Aktif,2025,1,153.0,153.0,128.0,7.13,9.54,34.0,12.0,22.0,35.29,12.0,12.0,12.0,0.0,0.0,15.0,0.0,2.0,2.0,3.0,2.0,1.0,1.0,2.0,2.0,2.0,17.0,62.96,1.0,Sangat Baik,1.0,1.0,11.0,0.0,,,,,,,Tahunan,50-59
P063,Laki-laki,S3,Fungsional,PNS,IV/c,keduanya,1,Aktif,2026,1,118.0,118.0,116.0,6.89,10.02,18.0,3.0,15.0,16.67,7.0,7.0,,0.0,0.0,15.0,0.0,2.0,2.0,3.0,2.0,1.0,1.0,2.0,2.0,2.0,17.0,62.96,1.0,Sangat Baik,1.0,,,,Sangat Baik,1.0,Sangat Baik,1.0,2.0,1.0,Triwulan (terkini),50-59
P064,Perempuan,S2,Fungsional,PNS,-,keduanya,1,Aktif,2023,0,,,,,,0.0,0.0,0.0,,0.0,0.0,0.0,0.0,0.0,3.0,0.0,2.0,1.0,1.0,1.0,2.0,2.0,2.0,2.0,2.0,15.0,55.56,1.0,,,,,,,,,,,,,<30
P064,Perempuan,S2,Fungsional,PNS,-,keduanya,1,Aktif,2024,0,,,,,,0.0,0.0,0.0,,0.0,0.0,0.0,0.0,0.0,3.0,0.0,2.0,1.0,1.0,1.0,2.0,2.0,2.0,2.0,2.0,15.0,55.56,1.0,,,,,,,,,,,,,<30
P064,Perempuan,S2,Fungsional,PNS,-,keduanya,1,Aktif,2025,1,114.0,113.0,103.0,7.17,9.33,22.0,19.0,3.0,86.36,2.0,2.0,2.0,0.0,0.0,3.0,0.0,2.0,1.0,1.0,1.0,2.0,2.0,2.0,2.0,2.0,15.0,55.56,1.0,Baik,0.0,1.0,7.0,0.0,,,,,,,Tahunan,<30
P064,Perempuan,S2,Fungsional,PNS,-,keduanya,1,Aktif,2026,1,126.0,124.0,124.0,7.22,9.07,18.0,16.0,2.0,88.89,8.0,8.0,,0.0,0.0,3.0,0.0,2.0,1.0,1.0,1.0,2.0,2.0,2.0,2.0,2.0,15.0,55.56,1.0,Baik,0.0,,,,Baik,0.0,Baik,0.0,2.0,0.0,Triwulan (terkini),<30
P065,Laki-laki,S1/D4,PNS,Fungsional Umum,Penata/IIIc,sistem_lama,0,Tidak Terdaftar,2023,0,,,,,,0.0,0.0,0.0,,0.0,0.0,0.0,0.0,0.0,0.0,0.0,,,,,,,,,,,,0.0,,,,,,,,,,,,,50-59
P065,Laki-laki,S1/D4,PNS,Fungsional Umum,Penata/IIIc,sistem_lama,0,Tidak Terdaftar,2024,0,,,,,,0.0,0.0,0.0,,0.0,0.0,0.0,0.0,0.0,0.0,0.0,,,,,,,,,,,,0.0,,,,,,,,,,,,,50-59
P065,Laki-laki,S1/D4,PNS,Fungsional Umum,Penata/IIIc,sistem_lama,0,Tidak Terdaftar,2025,0,0.0,0.0,0.0,,,0.0,0.0,0.0,,0.0,0.0,0.0,0.0,0.0,0.0,0.0,,,,,,,,,,,,0.0,,,,,,,,,,,,,50-59
P065,Laki-laki,S1/D4,PNS,Fungsional Umum,Penata/IIIc,sistem_lama,0,Tidak Terdaftar,2026,0,0.0,0.0,0.0,,,0.0,0.0,0.0,,0.0,0.0,,0.0,0.0,0.0,0.0,,,,,,,,,,,,0.0,,,,,,,,,,0.0,,,60+
P066,Laki-laki,S1,Pelaksana,PPPK,IX,keduanya,1,Aktif,2023,1,,,,,,28.0,24.0,4.0,85.71,2.0,2.0,2.0,0.0,0.0,0.0,0.0,,,,,,,,,,,,0.0,,,,,,,,,,,,,<30
P066,Laki-laki,S1,Pelaksana,PPPK,IX,keduanya,1,Aktif,2024,1,,,,,,43.0,40.0,3.0,93.02,8.0,8.0,7.0,0.0,0.0,0.0,0.0,,,,,,,,,,,,0.0,,,,,,,,,,,,,<30
P066,Laki-laki,S1,Pelaksana,PPPK,IX,keduanya,1,Aktif,2025,1,54.0,53.0,49.0,6.9,9.59,34.0,32.0,2.0,94.12,6.0,6.0,6.0,0.0,0.0,0.0,0.0,,,,,,,,,,,,0.0,Baik,0.0,1.0,4.0,0.0,,,,,,,Tahunan,30-39
P066,Laki-laki,S1,Pelaksana,PPPK,IX,keduanya,1,Aktif,2026,1,124.0,124.0,120.0,7.16,9.13,18.0,17.0,1.0,94.44,5.0,5.0,,0.0,0.0,0.0,0.0,,,,,,,,,,,,0.0,Baik,0.0,,,,Sangat Baik,1.0,Baik,0.0,2.0,0.0,Triwulan (terkini),30-39
P067,Perempuan,S1,Fungsional,PNS,III/d,keduanya,1,Aktif,2023,1,,,,,,28.0,22.0,6.0,78.57,11.0,11.0,11.0,1.0,1.0,10.0,0.0,1.0,2.0,1.0,2.0,2.0,2.0,2.0,2.0,2.0,16.0,59.26,1.0,,,,,,,,,,,,,40-49
P067,Perempuan,S1,Fungsional,PNS,III/d,keduanya,1,Aktif,2024,1,,,,,,43.0,33.0,10.0,76.74,15.0,15.0,14.0,1.0,1.0,11.0,0.0,1.0,2.0,1.0,2.0,2.0,2.0,2.0,2.0,2.0,16.0,59.26,1.0,Baik,0.0,1.0,12.0,0.0,,,,,,,Tahunan,40-49
P067,Perempuan,S1,Fungsional,PNS,III/d,keduanya,1,Aktif,2025,1,167.0,164.0,153.0,7.46,8.81,34.0,25.0,9.0,73.53,12.0,12.0,12.0,2.0,2.0,13.0,0.0,1.0,2.0,1.0,2.0,2.0,2.0,2.0,2.0,2.0,16.0,59.26,1.0,Sangat Baik,1.0,1.0,11.0,0.0,,,,,,,Tahunan,40-49
P067,Perempuan,S1,Fungsional,PNS,III/d,keduanya,1,Aktif,2026,1,132.0,132.0,131.0,7.38,8.72,18.0,14.0,4.0,77.78,4.0,4.0,,0.0,0.0,13.0,0.0,1.0,2.0,1.0,2.0,2.0,2.0,2.0,2.0,2.0,16.0,59.26,1.0,Baik,0.0,,,,Baik,0.0,Baik,0.0,2.0,0.0,Triwulan (terkini),40-49
P068,Perempuan,S1,Pelaksana,PNS,III/d,keduanya,1,Aktif,2023,1,,,,,,28.0,23.0,5.0,82.14,8.0,8.0,8.0,1.0,1.0,9.0,6.0,2.0,2.0,2.0,2.0,2.0,3.0,2.0,3.0,3.0,21.0,77.78,1.0,,,,,,,,,,,,,50-59
P068,Perempuan,S1,Pelaksana,PNS,III/d,keduanya,1,Aktif,2024,1,,,,,,43.0,36.0,7.0,83.72,6.0,6.0,6.0,2.0,2.0,11.0,6.0,2.0,2.0,2.0,2.0,2.0,3.0,2.0,3.0,3.0,21.0,77.78,1.0,Baik,0.0,1.0,12.0,0.0,,,,,,,Tahunan,50-59
P068,Perempuan,S1,Pelaksana,PNS,III/d,keduanya,1,Aktif,2025,1,190.0,185.0,174.0,7.53,8.75,34.0,27.0,7.0,79.41,3.0,3.0,3.0,0.0,0.0,11.0,6.0,2.0,2.0,2.0,2.0,2.0,3.0,2.0,3.0,3.0,21.0,77.78,1.0,Baik,0.0,1.0,11.0,0.0,,,,,,,Tahunan,50-59
P068,Perempuan,S1,Pelaksana,PNS,III/d,keduanya,1,Aktif,2026,1,129.0,128.0,128.0,7.16,8.87,18.0,14.0,4.0,77.78,4.0,4.0,,0.0,0.0,11.0,6.0,2.0,2.0,2.0,2.0,2.0,3.0,2.0,3.0,3.0,21.0,77.78,1.0,Baik,0.0,,,,Baik,0.0,Baik,0.0,2.0,0.0,Triwulan (terkini),50-59
P069,Laki-laki,S2,PNS,Fungsional,Penata Tk. I/IIId,sistem_lama,0,Tidak Terdaftar,2023,1,,,,,,28.0,21.0,7.0,75.0,24.0,24.0,24.0,0.0,0.0,0.0,0.0,,,,,,,,,,,,0.0,,,,,,,,,,,,,50-59
P069,Laki-laki,S2,PNS,Fungsional,Penata Tk. I/IIId,sistem_lama,0,Tidak Terdaftar,2024,1,,,,,,20.0,19.0,1.0,95.0,9.0,9.0,9.0,0.0,0.0,0.0,0.0,,,,,,,,,,,,0.0,,,,,,,,,,,,,50-59
P069,Laki-laki,S2,PNS,Fungsional,Penata Tk. I/IIId,sistem_lama,0,Tidak Terdaftar,2025,0,0.0,0.0,0.0,,,0.0,0.0,0.0,,0.0,0.0,0.0,0.0,0.0,0.0,0.0,,,,,,,,,,,,0.0,,,,,,,,,,,,,50-59
P069,Laki-laki,S2,PNS,Fungsional,Penata Tk. I/IIId,sistem_lama,0,Tidak Terdaftar,2026,0,0.0,0.0,0.0,,,0.0,0.0,0.0,,0.0,0.0,,0.0,0.0,0.0,0.0,,,,,,,,,,,,0.0,,,,,,,,,,0.0,,,50-59
P070,Laki-laki,S1,Fungsional,PPPK,IX,keduanya,1,Aktif,2023,0,,,,,,0.0,0.0,0.0,,0.0,0.0,0.0,0.0,0.0,0.0,0.0,2.0,1.0,1.0,2.0,2.0,1.0,2.0,2.0,1.0,14.0,51.85,1.0,,,,,,,,,,,,,<30
P070,Laki-laki,S1,Fungsional,PPPK,IX,keduanya,1,Aktif,2024,1,,,,,,23.0,22.0,1.0,95.65,3.0,3.0,3.0,0.0,0.0,0.0,0.0,2.0,1.0,1.0,2.0,2.0,1.0,2.0,2.0,1.0,14.0,51.85,1.0,Baik,0.0,1.0,9.0,0.0,,,,,,,Tahunan,<30
P070,Laki-laki,S1,Fungsional,PPPK,IX,keduanya,1,Aktif,2025,1,182.0,179.0,170.0,7.25,9.27,34.0,30.0,4.0,88.24,6.0,6.0,6.0,0.0,0.0,0.0,0.0,2.0,1.0,1.0,2.0,2.0,1.0,2.0,2.0,1.0,14.0,51.85,1.0,Sangat Baik,1.0,1.0,11.0,0.0,,,,,,,Tahunan,<30
P070,Laki-laki,S1,Fungsional,PPPK,IX,keduanya,1,Aktif,2026,1,127.0,126.0,125.0,7.23,9.09,18.0,17.0,1.0,94.44,6.0,6.0,,0.0,0.0,0.0,0.0,2.0,1.0,1.0,2.0,2.0,1.0,2.0,2.0,1.0,14.0,51.85,1.0,Baik,0.0,,,,Baik,0.0,Baik,0.0,2.0,0.0,Triwulan (terkini),30-39
P071,Laki-laki,S3,PNS,Struktural,Pembina/IVa,sistem_lama,0,Tidak Terdaftar,2023,0,,,,,,0.0,0.0,0.0,,0.0,0.0,0.0,0.0,0.0,0.0,0.0,,,,,,,,,,,,0.0,,,,,,,,,,,,,40-49
P071,Laki-laki,S3,PNS,Struktural,Pembina/IVa,sistem_lama,0,Tidak Terdaftar,2024,1,,,,,,8.0,8.0,0.0,100.0,10.0,10.0,9.0,0.0,0.0,0.0,0.0,,,,,,,,,,,,0.0,Baik,0.0,1.0,3.0,0.0,,,,,,,Tahunan,50-59
P071,Laki-laki,S3,PNS,Struktural,Pembina/IVa,sistem_lama,0,Tidak Terdaftar,2025,1,52.0,48.0,46.0,7.44,9.13,16.0,14.0,2.0,87.5,14.0,14.0,13.0,0.0,0.0,0.0,0.0,,,,,,,,,,,,0.0,Sangat Baik,1.0,1.0,3.0,0.0,,,,,,,Tahunan,50-59
P071,Laki-laki,S3,PNS,Struktural,Pembina/IVa,sistem_lama,0,Tidak Terdaftar,2026,0,0.0,0.0,0.0,,,0.0,0.0,0.0,,0.0,0.0,,0.0,0.0,0.0,0.0,,,,,,,,,,,,0.0,,,,,,,,,,0.0,,,50-59
P072,Perempuan,S1/D4,PNS,Pelaksana,Penata Muda Tk. I/IIIb,sistem_lama,0,Tidak Terdaftar,2023,1,,,,,,28.0,18.0,10.0,64.29,7.0,7.0,7.0,0.0,0.0,0.0,0.0,,,,,,,,,,,,0.0,,,,,,,,,,,,,<30
P072,Perempuan,S1/D4,PNS,Pelaksana,Penata Muda Tk. I/IIIb,sistem_lama,0,Tidak Terdaftar,2024,1,,,,,,43.0,19.0,24.0,44.19,11.0,11.0,11.0,0.0,0.0,0.0,0.0,,,,,,,,,,,,0.0,Baik,0.0,2.0,12.0,0.0,,,,,,,Tahunan,<30
P072,Perempuan,S1/D4,PNS,Pelaksana,Penata Muda Tk. I/IIIb,sistem_lama,0,Tidak Terdaftar,2025,1,199.0,198.0,188.0,7.96,8.48,34.0,7.0,27.0,20.59,2.0,2.0,2.0,0.0,0.0,0.0,0.0,,,,,,,,,,,,0.0,Baik,0.0,1.0,11.0,0.0,,,,,,,Tahunan,<30
P072,Perempuan,S1/D4,PNS,Pelaksana,Penata Muda Tk. I/IIIb,sistem_lama,0,Tidak Terdaftar,2026,1,22.0,19.0,20.0,7.51,9.08,0.0,0.0,0.0,,0.0,0.0,,0.0,0.0,0.0,0.0,,,,,,,,,,,,0.0,,,,,,,,,,0.0,,,30-39
P073,Laki-laki,S2,PNS,Widyaiswara,Penata Tk. I/IIId,sistem_lama,0,Tidak Terdaftar,2023,0,,,,,,0.0,0.0,0.0,,0.0,0.0,0.0,0.0,0.0,0.0,0.0,,,,,,,,,,,,0.0,,,,,,,,,,,,,60+
P073,Laki-laki,S2,PNS,Widyaiswara,Penata Tk. I/IIId,sistem_lama,0,Tidak Terdaftar,2024,0,,,,,,0.0,0.0,0.0,,0.0,0.0,0.0,0.0,0.0,0.0,0.0,,,,,,,,,,,,0.0,,,,,,,,,,,,,60+
P073,Laki-laki,S2,PNS,Widyaiswara,Penata Tk. I/IIId,sistem_lama,0,Tidak Terdaftar,2025,0,0.0,0.0,0.0,,,0.0,0.0,0.0,,0.0,0.0,0.0,0.0,0.0,0.0,0.0,,,,,,,,,,,,0.0,,,,,,,,,,,,,60+
P073,Laki-laki,S2,PNS,Widyaiswara,Penata Tk. I/IIId,sistem_lama,0,Tidak Terdaftar,2026,0,0.0,0.0,0.0,,,0.0,0.0,0.0,,0.0,0.0,,0.0,0.0,0.0,0.0,,,,,,,,,,,,0.0,,,,,,,,,,0.0,,,60+
P074,Laki-laki,SMA/Sederajat,PNS,Pelaksana,Penata Muda Tk. I/IIIb,sistem_lama,0,Tidak Terdaftar,2023,1,,,,,,28.0,26.0,2.0,92.86,2.0,2.0,2.0,0.0,0.0,0.0,0.0,,,,,,,,,,,,0.0,,,,,,,,,,,,,50-59
P074,Laki-laki,SMA/Sederajat,PNS,Pelaksana,Penata Muda Tk. I/IIIb,sistem_lama,0,Tidak Terdaftar,2024,1,,,,,,43.0,36.0,7.0,83.72,4.0,4.0,4.0,0.0,0.0,0.0,0.0,,,,,,,,,,,,0.0,Sangat Baik,1.0,1.0,12.0,0.0,,,,,,,Tahunan,50-59
P074,Laki-laki,SMA/Sederajat,PNS,Pelaksana,Penata Muda Tk. I/IIIb,sistem_lama,0,Tidak Terdaftar,2025,1,0.0,0.0,0.0,,,3.0,0.0,3.0,0.0,0.0,0.0,0.0,0.0,0.0,0.0,0.0,,,,,,,,,,,,0.0,,,,,,,,,,,,,50-59
P074,Laki-laki,SMA/Sederajat,PNS,Pelaksana,Penata Muda Tk. I/IIIb,sistem_lama,0,Tidak Terdaftar,2026,0,0.0,0.0,0.0,,,0.0,0.0,0.0,,0.0,0.0,,0.0,0.0,0.0,0.0,,,,,,,,,,,,0.0,,,,,,,,,,0.0,,,50-59
P075,Laki-laki,SMA/SMK,Pelaksana,PPPK PW,,sistem_baru,1,Aktif,2023,1,,,,,,28.0,25.0,3.0,89.29,0.0,0.0,0.0,0.0,0.0,0.0,0.0,,,,,,,,,,,,0.0,,,,,,,,,,,,,<30
P075,Laki-laki,SMA/SMK,Pelaksana,PPPK PW,,sistem_baru,1,Aktif,2024,1,,,,,,43.0,40.0,3.0,93.02,0.0,0.0,0.0,0.0,0.0,0.0,0.0,,,,,,,,,,,,0.0,,,,,,,,,,,,,<30
P075,Laki-laki,SMA/SMK,Pelaksana,PPPK PW,,sistem_baru,1,Aktif,2025,1,0.0,0.0,0.0,,,34.0,33.0,1.0,97.06,0.0,0.0,0.0,0.0,0.0,0.0,0.0,,,,,,,,,,,,0.0,Baik,0.0,1.0,3.0,0.0,,,,,,,Tahunan,<30
P075,Laki-laki,SMA/SMK,Pelaksana,PPPK PW,,sistem_baru,1,Aktif,2026,1,133.0,132.0,117.0,6.92,8.35,18.0,17.0,1.0,94.44,2.0,2.0,,0.0,0.0,0.0,0.0,,,,,,,,,,,,0.0,Baik,0.0,,,,Baik,0.0,Baik,0.0,2.0,0.0,Triwulan (terkini),<30
P076,Laki-laki,SMA/SMK,Pelaksana,PNS,III/b,keduanya,1,Aktif,2023,1,,,,,,28.0,18.0,10.0,64.29,5.0,5.0,5.0,2.0,2.0,4.0,0.0,3.0,2.0,3.0,2.0,1.0,2.0,1.0,1.0,2.0,17.0,62.96,1.0,,,,,,,,,,,,,50-59
P076,Laki-laki,SMA/SMK,Pelaksana,PNS,III/b,keduanya,1,Aktif,2024,1,,,,,,43.0,38.0,5.0,88.37,8.0,8.0,8.0,0.0,0.0,4.0,0.0,3.0,2.0,3.0,2.0,1.0,2.0,1.0,1.0,2.0,17.0,62.96,1.0,Baik,0.0,1.0,12.0,0.0,,,,,,,Tahunan,50-59
P076,Laki-laki,SMA/SMK,Pelaksana,PNS,III/b,keduanya,1,Aktif,2025,1,211.0,209.0,185.0,7.3,10.46,34.0,23.0,11.0,67.65,3.0,3.0,3.0,0.0,0.0,4.0,0.0,3.0,2.0,3.0,2.0,1.0,2.0,1.0,1.0,2.0,17.0,62.96,1.0,Baik,0.0,1.0,11.0,0.0,,,,,,,Tahunan,50-59
P076,Laki-laki,SMA/SMK,Pelaksana,PNS,III/b,keduanya,1,Aktif,2026,1,136.0,134.0,131.0,7.32,10.18,18.0,13.0,5.0,72.22,3.0,3.0,,0.0,0.0,4.0,0.0,3.0,2.0,3.0,2.0,1.0,2.0,1.0,1.0,2.0,17.0,62.96,1.0,Baik,0.0,,,,Baik,0.0,Baik,0.0,2.0,0.0,Triwulan (terkini),50-59
P077,Perempuan,D3,Fungsional,PNS,-,keduanya,1,Aktif,2023,0,,,,,,0.0,0.0,0.0,,0.0,0.0,0.0,0.0,0.0,0.0,0.0,2.0,2.0,1.0,2.0,2.0,2.0,1.0,2.0,1.0,15.0,55.56,1.0,,,,,,,,,,,,,
P077,Perempuan,D3,Fungsional,PNS,-,keduanya,1,Aktif,2024,0,,,,,,0.0,0.0,0.0,,0.0,0.0,0.0,0.0,0.0,0.0,0.0,2.0,2.0,1.0,2.0,2.0,2.0,1.0,2.0,1.0,15.0,55.56,1.0,,,,,,,,,,,,,
P077,Perempuan,D3,Fungsional,PNS,-,keduanya,1,Aktif,2025,1,127.0,126.0,116.0,7.25,9.25,22.0,20.0,2.0,90.91,3.0,3.0,3.0,0.0,0.0,0.0,0.0,2.0,2.0,1.0,2.0,2.0,2.0,1.0,2.0,1.0,15.0,55.56,1.0,Baik,0.0,1.0,7.0,0.0,,,,,,,Tahunan,
P077,Perempuan,D3,Fungsional,PNS,-,keduanya,1,Aktif,2026,1,136.0,134.0,133.0,7.27,8.96,18.0,18.0,0.0,100.0,5.0,5.0,,0.0,0.0,0.0,0.0,2.0,2.0,1.0,2.0,2.0,2.0,1.0,2.0,1.0,15.0,55.56,1.0,Baik,0.0,,,,Baik,0.0,Baik,0.0,2.0,0.0,Triwulan (terkini),
P078,Perempuan,SD,PNS,Fungsional Umum,Pengatur Muda/IIa,sistem_lama,0,Tidak Terdaftar,2023,0,,,,,,0.0,0.0,0.0,,0.0,0.0,0.0,0.0,0.0,0.0,0.0,,,,,,,,,,,,0.0,,,,,,,,,,,,,60+
P078,Perempuan,SD,PNS,Fungsional Umum,Pengatur Muda/IIa,sistem_lama,0,Tidak Terdaftar,2024,0,,,,,,0.0,0.0,0.0,,0.0,0.0,0.0,0.0,0.0,0.0,0.0,,,,,,,,,,,,0.0,,,,,,,,,,,,,60+
P078,Perempuan,SD,PNS,Fungsional Umum,Pengatur Muda/IIa,sistem_lama,0,Tidak Terdaftar,2025,0,0.0,0.0,0.0,,,0.0,0.0,0.0,,0.0,0.0,0.0,0.0,0.0,0.0,0.0,,,,,,,,,,,,0.0,,,,,,,,,,,,,60+
P078,Perempuan,SD,PNS,Fungsional Umum,Pengatur Muda/IIa,sistem_lama,0,Tidak Terdaftar,2026,0,0.0,0.0,0.0,,,0.0,0.0,0.0,,0.0,0.0,,0.0,0.0,0.0,0.0,,,,,,,,,,,,0.0,,,,,,,,,,0.0,,,60+
P079,Laki-laki,SMA/SMK,Pelaksana,PPPK,V,keduanya,1,Aktif,2023,1,,,,,,28.0,19.0,9.0,67.86,1.0,1.0,1.0,0.0,0.0,0.0,0.0,,,,,,,,,,,,0.0,,,,,,,,,,,,,30-39
P079,Laki-laki,SMA/SMK,Pelaksana,PPPK,V,keduanya,1,Aktif,2024,1,,,,,,43.0,40.0,3.0,93.02,1.0,1.0,1.0,0.0,0.0,0.0,0.0,,,,,,,,,,,,0.0,,,,,,,,,,,,,30-39
P079,Laki-laki,SMA/SMK,Pelaksana,PPPK,V,keduanya,1,Aktif,2025,1,40.0,39.0,2.0,7.0,10.32,34.0,31.0,3.0,91.18,2.0,2.0,2.0,0.0,0.0,0.0,0.0,,,,,,,,,,,,0.0,Baik,0.0,1.0,4.0,0.0,,,,,,,Tahunan,30-39
P079,Laki-laki,SMA/SMK,Pelaksana,PPPK,V,keduanya,1,Aktif,2026,1,106.0,106.0,37.0,7.02,10.16,18.0,15.0,3.0,83.33,1.0,1.0,,0.0,0.0,0.0,0.0,,,,,,,,,,,,0.0,Baik,0.0,,,,Baik,0.0,Baik,0.0,2.0,0.0,Triwulan (terkini),30-39
P080,Laki-laki,S2,PNS,Widyaiswara,Pembina Tk. I/IVb,sistem_lama,0,Tidak Terdaftar,2023,0,,,,,,0.0,0.0,0.0,,0.0,0.0,0.0,0.0,0.0,0.0,0.0,,,,,,,,,,,,0.0,,,,,,,,,,,,,60+
P080,Laki-laki,S2,PNS,Widyaiswara,Pembina Tk. I/IVb,sistem_lama,0,Tidak Terdaftar,2024,0,,,,,,0.0,0.0,0.0,,0.0,0.0,0.0,0.0,0.0,0.0,0.0,,,,,,,,,,,,0.0,,,,,,,,,,,,,60+
P080,Laki-laki,S2,PNS,Widyaiswara,Pembina Tk. I/IVb,sistem_lama,0,Tidak Terdaftar,2025,0,0.0,0.0,0.0,,,0.0,0.0,0.0,,0.0,0.0,0.0,0.0,0.0,0.0,0.0,,,,,,,,,,,,0.0,,,,,,,,,,,,,60+
P080,Laki-laki,S2,PNS,Widyaiswara,Pembina Tk. I/IVb,sistem_lama,0,Tidak Terdaftar,2026,0,0.0,0.0,0.0,,,0.0,0.0,0.0,,0.0,0.0,,0.0,0.0,0.0,0.0,,,,,,,,,,,,0.0,,,,,,,,,,0.0,,,60+
P081,Laki-laki,S2,PNS,Widyaiswara,Pembina/IVa,sistem_lama,0,Tidak Terdaftar,2023,0,,,,,,0.0,0.0,0.0,,0.0,0.0,0.0,0.0,0.0,0.0,0.0,,,,,,,,,,,,0.0,,,,,,,,,,,,,60+
P081,Laki-laki,S2,PNS,Widyaiswara,Pembina/IVa,sistem_lama,0,Tidak Terdaftar,2024,0,,,,,,0.0,0.0,0.0,,0.0,0.0,0.0,0.0,0.0,0.0,0.0,,,,,,,,,,,,0.0,,,,,,,,,,,,,60+
P081,Laki-laki,S2,PNS,Widyaiswara,Pembina/IVa,sistem_lama,0,Tidak Terdaftar,2025,0,0.0,0.0,0.0,,,0.0,0.0,0.0,,0.0,0.0,0.0,0.0,0.0,0.0,0.0,,,,,,,,,,,,0.0,,,,,,,,,,,,,60+
P081,Laki-laki,S2,PNS,Widyaiswara,Pembina/IVa,sistem_lama,0,Tidak Terdaftar,2026,0,0.0,0.0,0.0,,,0.0,0.0,0.0,,0.0,0.0,,0.0,0.0,0.0,0.0,,,,,,,,,,,,0.0,,,,,,,,,,0.0,,,60+
P082,Laki-laki,S2,Fungsional,PNS,IV/b,keduanya,1,Aktif,2023,1,,,,,,28.0,20.0,8.0,71.43,18.0,18.0,18.0,4.0,4.0,22.0,0.0,2.0,3.0,2.0,3.0,1.0,2.0,1.0,2.0,2.0,18.0,66.67,1.0,,,,,,,,,,,,,40-49
P082,Laki-laki,S2,Fungsional,PNS,IV/b,keduanya,1,Aktif,2024,1,,,,,,43.0,36.0,7.0,83.72,20.0,20.0,20.0,0.0,0.0,22.0,0.0,2.0,3.0,2.0,3.0,1.0,2.0,1.0,2.0,2.0,18.0,66.67,1.0,Baik,0.0,1.0,12.0,0.0,,,,,,,Tahunan,40-49
P082,Laki-laki,S2,Fungsional,PNS,IV/b,keduanya,1,Aktif,2025,1,182.0,177.0,177.0,7.0,9.94,34.0,18.0,16.0,52.94,13.0,13.0,13.0,0.0,0.0,22.0,0.0,2.0,3.0,2.0,3.0,1.0,2.0,1.0,2.0,2.0,18.0,66.67,1.0,Sangat Baik,1.0,1.0,11.0,0.0,,,,,,,Tahunan,40-49
P082,Laki-laki,S2,Fungsional,PNS,IV/b,keduanya,1,Aktif,2026,1,108.0,108.0,107.0,6.78,9.93,18.0,6.0,12.0,33.33,12.0,12.0,,0.0,0.0,22.0,0.0,2.0,3.0,2.0,3.0,1.0,2.0,1.0,2.0,2.0,18.0,66.67,1.0,Sangat Baik,1.0,,,,Sangat Baik,1.0,Sangat Baik,1.0,2.0,1.0,Triwulan (terkini),40-49
P083,Laki-laki,SMA/Sederajat,PNS,Pelaksana,Penata Muda Tk. I/IIIb,sistem_lama,0,Tidak Terdaftar,2023,1,,,,,,0.0,0.0,0.0,,1.0,1.0,1.0,0.0,0.0,0.0,0.0,,,,,,,,,,,,0.0,,,,,,,,,,,,,50-59
P083,Laki-laki,SMA/Sederajat,PNS,Pelaksana,Penata Muda Tk. I/IIIb,sistem_lama,0,Tidak Terdaftar,2024,0,,,,,,0.0,0.0,0.0,,0.0,0.0,0.0,0.0,0.0,0.0,0.0,,,,,,,,,,,,0.0,,,,,,,,,,,,,50-59
P083,Laki-laki,SMA/Sederajat,PNS,Pelaksana,Penata Muda Tk. I/IIIb,sistem_lama,0,Tidak Terdaftar,2025,0,0.0,0.0,0.0,,,0.0,0.0,0.0,,0.0,0.0,0.0,0.0,0.0,0.0,0.0,,,,,,,,,,,,0.0,,,,,,,,,,,,,50-59
P083,Laki-laki,SMA/Sederajat,PNS,Pelaksana,Penata Muda Tk. I/IIIb,sistem_lama,0,Tidak Terdaftar,2026,0,0.0,0.0,0.0,,,0.0,0.0,0.0,,0.0,0.0,,0.0,0.0,0.0,0.0,,,,,,,,,,,,0.0,,,,,,,,,,0.0,,,60+
P084,Laki-laki,S2,PNS,Widyaiswara,Pembina/IVa,sistem_lama,0,Tidak Terdaftar,2023,0,,,,,,0.0,0.0,0.0,,0.0,0.0,0.0,0.0,0.0,0.0,0.0,,,,,,,,,,,,0.0,,,,,,,,,,,,,60+
P084,Laki-laki,S2,PNS,Widyaiswara,Pembina/IVa,sistem_lama,0,Tidak Terdaftar,2024,0,,,,,,0.0,0.0,0.0,,0.0,0.0,0.0,0.0,0.0,0.0,0.0,,,,,,,,,,,,0.0,,,,,,,,,,,,,60+
P084,Laki-laki,S2,PNS,Widyaiswara,Pembina/IVa,sistem_lama,0,Tidak Terdaftar,2025,0,0.0,0.0,0.0,,,0.0,0.0,0.0,,0.0,0.0,0.0,0.0,0.0,0.0,0.0,,,,,,,,,,,,0.0,,,,,,,,,,,,,60+
P084,Laki-laki,S2,PNS,Widyaiswara,Pembina/IVa,sistem_lama,0,Tidak Terdaftar,2026,0,0.0,0.0,0.0,,,0.0,0.0,0.0,,0.0,0.0,,0.0,0.0,0.0,0.0,,,,,,,,,,,,0.0,,,,,,,,,,0.0,,,60+
P085,Laki-laki,SMA/SMK,Pelaksana,PNS,III/a,keduanya,1,Aktif,2023,1,,,,,,28.0,26.0,2.0,92.86,2.0,2.0,2.0,2.0,2.0,7.0,0.0,2.0,2.0,2.0,2.0,2.0,1.0,2.0,1.0,2.0,16.0,59.26,1.0,,,,,,,,,,,,,50-59
P085,Laki-laki,SMA/SMK,Pelaksana,PNS,III/a,keduanya,1,Aktif,2024,1,,,,,,43.0,41.0,2.0,95.35,5.0,5.0,5.0,0.0,0.0,7.0,0.0,2.0,2.0,2.0,2.0,2.0,1.0,2.0,1.0,2.0,16.0,59.26,1.0,Baik,0.0,1.0,12.0,0.0,,,,,,,Tahunan,50-59
P085,Laki-laki,SMA/SMK,Pelaksana,PNS,III/a,keduanya,1,Aktif,2025,1,210.0,198.0,199.0,7.14,9.13,34.0,27.0,7.0,79.41,1.0,1.0,1.0,1.0,1.0,8.0,0.0,2.0,2.0,2.0,2.0,2.0,1.0,2.0,1.0,2.0,16.0,59.26,1.0,Sangat Baik,1.0,1.0,11.0,0.0,,,,,,,Tahunan,50-59
P085,Laki-laki,SMA/SMK,Pelaksana,PNS,III/a,keduanya,1,Aktif,2026,1,135.0,128.0,133.0,7.05,9.24,18.0,17.0,1.0,94.44,2.0,2.0,,0.0,0.0,8.0,0.0,2.0,2.0,2.0,2.0,2.0,1.0,2.0,1.0,2.0,16.0,59.26,1.0,Baik,0.0,,,,Baik,0.0,Baik,0.0,2.0,0.0,Triwulan (terkini),50-59
P086,Laki-laki,SMA/SMK,Pelaksana,PPPK,V,keduanya,1,Aktif,2023,1,,,,,,28.0,21.0,7.0,75.0,3.0,3.0,3.0,0.0,0.0,0.0,0.0,,,,,,,,,,,,0.0,,,,,,,,,,,,,30-39
P086,Laki-laki,SMA/SMK,Pelaksana,PPPK,V,keduanya,1,Aktif,2024,1,,,,,,43.0,36.0,7.0,83.72,11.0,11.0,11.0,0.0,0.0,0.0,0.0,,,,,,,,,,,,0.0,,,,,,,,,,,,,30-39
P086,Laki-laki,SMA/SMK,Pelaksana,PPPK,V,keduanya,1,Aktif,2025,1,43.0,42.0,38.0,6.92,9.54,34.0,28.0,6.0,82.35,17.0,17.0,17.0,0.0,0.0,0.0,0.0,,,,,,,,,,,,0.0,Baik,0.0,1.0,4.0,0.0,,,,,,,Tahunan,30-39
P086,Laki-laki,SMA/SMK,Pelaksana,PPPK,V,keduanya,1,Aktif,2026,1,109.0,108.0,101.0,6.86,9.27,18.0,16.0,2.0,88.89,22.0,22.0,,0.0,0.0,0.0,0.0,,,,,,,,,,,,0.0,Baik,0.0,,,,Baik,0.0,Baik,0.0,2.0,0.0,Triwulan (terkini),40-49
P087,Laki-laki,S2,PNS,Fungsional,Pembina/IVa,sistem_lama,0,Tidak Terdaftar,2023,1,,,,,,28.0,22.0,6.0,78.57,24.0,24.0,24.0,0.0,0.0,0.0,0.0,,,,,,,,,,,,0.0,,,,,,,,,,,,,50-59
P087,Laki-laki,S2,PNS,Fungsional,Pembina/IVa,sistem_lama,0,Tidak Terdaftar,2024,1,,,,,,43.0,37.0,6.0,86.05,28.0,28.0,28.0,0.0,0.0,0.0,0.0,,,,,,,,,,,,0.0,Sangat Baik,1.0,1.0,12.0,0.0,,,,,,,Tahunan,50-59
P087,Laki-laki,S2,PNS,Fungsional,Pembina/IVa,sistem_lama,0,Tidak Terdaftar,2025,1,92.0,90.0,89.0,7.36,8.95,20.0,17.0,3.0,85.0,6.0,6.0,6.0,0.0,0.0,0.0,0.0,,,,,,,,,,,,0.0,Sangat Baik,1.0,1.0,11.0,0.0,,,,,,,Tahunan,50-59
P087,Laki-laki,S2,PNS,Fungsional,Pembina/IVa,sistem_lama,0,Tidak Terdaftar,2026,0,0.0,0.0,0.0,,,0.0,0.0,0.0,,0.0,0.0,,0.0,0.0,0.0,0.0,,,,,,,,,,,,0.0,,,,,,,,,,0.0,,,60+
P088,Perempuan,S1,Pelaksana,PNS,III/b,keduanya,1,Aktif,2023,1,,,,,,28.0,13.0,15.0,46.43,10.0,10.0,10.0,3.0,3.0,4.0,0.0,2.0,2.0,2.0,2.0,1.0,2.0,3.0,2.0,2.0,18.0,66.67,1.0,,,,,,,,,,,,,30-39
P088,Perempuan,S1,Pelaksana,PNS,III/b,keduanya,1,Aktif,2024,1,,,,,,43.0,24.0,19.0,55.81,29.0,29.0,28.0,3.0,3.0,7.0,0.0,2.0,2.0,2.0,2.0,1.0,2.0,3.0,2.0,2.0,18.0,66.67,1.0,Sangat Baik,1.0,2.0,10.0,1.0,,,,,,,Tahunan,30-39
P088,Perempuan,S1,Pelaksana,PNS,III/b,keduanya,1,Aktif,2025,1,158.0,143.0,150.0,7.81,8.83,34.0,7.0,27.0,20.59,12.0,12.0,12.0,0.0,0.0,7.0,0.0,2.0,2.0,2.0,2.0,1.0,2.0,3.0,2.0,2.0,18.0,66.67,1.0,Sangat Baik,1.0,2.0,11.0,0.0,,,,,,,Tahunan,30-39
P088,Perempuan,S1,Pelaksana,PNS,III/b,keduanya,1,Aktif,2026,1,99.0,99.0,97.0,7.3,9.57,18.0,12.0,6.0,66.67,12.0,12.0,,0.0,0.0,7.0,0.0,2.0,2.0,2.0,2.0,1.0,2.0,3.0,2.0,2.0,18.0,66.67,1.0,Sangat Baik,1.0,,,,Sangat Baik,1.0,Sangat Baik,1.0,2.0,1.0,Triwulan (terkini),30-39
P089,Laki-laki,SMA/SMK,Pelaksana,PNS,II/d,keduanya,1,Aktif,2023,1,,,,,,28.0,28.0,0.0,100.0,2.0,2.0,2.0,2.0,2.0,4.0,0.0,2.0,1.0,2.0,2.0,2.0,2.0,2.0,2.0,1.0,16.0,59.26,1.0,,,,,,,,,,,,,40-49
P089,Laki-laki,SMA/SMK,Pelaksana,PNS,II/d,keduanya,1,Aktif,2024,1,,,,,,43.0,41.0,2.0,95.35,3.0,3.0,3.0,1.0,1.0,5.0,0.0,2.0,1.0,2.0,2.0,2.0,2.0,2.0,2.0,1.0,16.0,59.26,1.0,Baik,0.0,1.0,12.0,0.0,,,,,,,Tahunan,40-49
P089,Laki-laki,SMA/SMK,Pelaksana,PNS,II/d,keduanya,1,Aktif,2025,1,208.0,206.0,194.0,6.73,9.81,34.0,33.0,1.0,97.06,0.0,0.0,0.0,0.0,0.0,5.0,0.0,2.0,1.0,2.0,2.0,2.0,2.0,2.0,2.0,1.0,16.0,59.26,1.0,Baik,0.0,1.0,11.0,0.0,,,,,,,Tahunan,40-49
P089,Laki-laki,SMA/SMK,Pelaksana,PNS,II/d,keduanya,1,Aktif,2026,1,143.0,143.0,137.0,6.85,9.4,18.0,17.0,1.0,94.44,1.0,1.0,,0.0,0.0,5.0,0.0,2.0,1.0,2.0,2.0,2.0,2.0,2.0,2.0,1.0,16.0,59.26,1.0,Sangat Baik,1.0,,,,Baik,0.0,Sangat Baik,1.0,2.0,0.0,Triwulan (terkini),40-49
P090,Laki-laki,SMA/SMK,Pelaksana,PNS,III/b,keduanya,1,Aktif,2023,1,,,,,,28.0,18.0,10.0,64.29,12.0,12.0,12.0,2.0,2.0,3.0,2.0,2.0,1.0,1.0,1.0,1.0,1.0,3.0,2.0,2.0,14.0,51.85,1.0,,,,,,,,,,,,,50-59
P090,Laki-laki,SMA/SMK,Pelaksana,PNS,III/b,keduanya,1,Aktif,2024,1,,,,,,43.0,27.0,16.0,62.79,20.0,20.0,20.0,0.0,0.0,3.0,2.0,2.0,1.0,1.0,1.0,1.0,1.0,3.0,2.0,2.0,14.0,51.85,1.0,Baik,0.0,2.0,12.0,0.0,,,,,,,Tahunan,50-59
P090,Laki-laki,SMA/SMK,Pelaksana,PNS,III/b,keduanya,1,Aktif,2025,1,196.0,184.0,179.0,7.27,9.98,34.0,28.0,6.0,82.35,8.0,8.0,8.0,0.0,0.0,3.0,2.0,2.0,1.0,1.0,1.0,1.0,1.0,3.0,2.0,2.0,14.0,51.85,1.0,Baik,0.0,1.0,11.0,0.0,,,,,,,Tahunan,50-59
P090,Laki-laki,SMA/SMK,Pelaksana,PNS,III/b,keduanya,1,Aktif,2026,1,130.0,127.0,121.0,7.14,9.76,18.0,16.0,2.0,88.89,7.0,7.0,,0.0,0.0,3.0,2.0,2.0,1.0,1.0,1.0,1.0,1.0,3.0,2.0,2.0,14.0,51.85,1.0,Sangat Baik,1.0,,,,Sangat Baik,1.0,Sangat Baik,1.0,2.0,1.0,Triwulan (terkini),50-59
P091,Laki-laki,SMA/SMK,Pelaksana,PPPK PW,,sistem_baru,1,Aktif,2023,1,,,,,,28.0,26.0,2.0,92.86,0.0,0.0,0.0,0.0,0.0,0.0,0.0,,,,,,,,,,,,0.0,,,,,,,,,,,,,30-39
P091,Laki-laki,SMA/SMK,Pelaksana,PPPK PW,,sistem_baru,1,Aktif,2024,1,,,,,,43.0,41.0,2.0,95.35,0.0,0.0,0.0,0.0,0.0,0.0,0.0,,,,,,,,,,,,0.0,,,,,,,,,,,,,30-39
P091,Laki-laki,SMA/SMK,Pelaksana,PPPK PW,,sistem_baru,1,Aktif,2025,1,0.0,0.0,0.0,,,34.0,34.0,0.0,100.0,0.0,0.0,0.0,0.0,0.0,0.0,0.0,,,,,,,,,,,,0.0,Baik,0.0,1.0,3.0,0.0,,,,,,,Tahunan,30-39
P091,Laki-laki,SMA/SMK,Pelaksana,PPPK PW,,sistem_baru,1,Aktif,2026,1,135.0,131.0,122.0,6.59,8.71,18.0,18.0,0.0,100.0,2.0,2.0,,0.0,0.0,0.0,0.0,,,,,,,,,,,,0.0,Baik,0.0,,,,Baik,0.0,Baik,0.0,2.0,0.0,Triwulan (terkini),30-39
P092,Laki-laki,SMP,Pelaksana,PNS,II/c,keduanya,1,Aktif,2023,1,,,,,,28.0,27.0,1.0,96.43,4.0,4.0,4.0,1.0,1.0,6.0,0.0,2.0,2.0,2.0,2.0,2.0,2.0,2.0,1.0,2.0,17.0,62.96,1.0,,,,,,,,,,,,,40-49
P092,Laki-laki,SMP,Pelaksana,PNS,II/c,keduanya,1,Aktif,2024,1,,,,,,43.0,41.0,2.0,95.35,4.0,4.0,4.0,1.0,1.0,7.0,0.0,2.0,2.0,2.0,2.0,2.0,2.0,2.0,1.0,2.0,17.0,62.96,1.0,Baik,0.0,2.0,12.0,0.0,,,,,,,Tahunan,40-49
P092,Laki-laki,SMP,Pelaksana,PNS,II/c,keduanya,1,Aktif,2025,1,209.0,208.0,194.0,6.87,9.83,34.0,22.0,12.0,64.71,2.0,2.0,2.0,0.0,0.0,7.0,0.0,2.0,2.0,2.0,2.0,2.0,2.0,2.0,1.0,2.0,17.0,62.96,1.0,Baik,0.0,1.0,11.0,0.0,,,,,,,Tahunan,50-59
P092,Laki-laki,SMP,Pelaksana,PNS,II/c,keduanya,1,Aktif,2026,1,143.0,143.0,140.0,6.59,10.13,18.0,8.0,10.0,44.44,2.0,2.0,,1.0,0.0,8.0,0.0,2.0,2.0,2.0,2.0,2.0,2.0,2.0,1.0,2.0,17.0,62.96,1.0,Baik,0.0,,,,Baik,0.0,Baik,0.0,2.0,0.0,Triwulan (terkini),50-59
P093,Laki-laki,SMA/SMK,Pelaksana,PPPK PW,,sistem_baru,1,Aktif,2023,1,,,,,,28.0,19.0,9.0,67.86,0.0,0.0,0.0,0.0,0.0,0.0,0.0,,,,,,,,,,,,0.0,,,,,,,,,,,,,50-59
P093,Laki-laki,SMA/SMK,Pelaksana,PPPK PW,,sistem_baru,1,Aktif,2024,1,,,,,,43.0,42.0,1.0,97.67,0.0,0.0,0.0,0.0,0.0,0.0,0.0,,,,,,,,,,,,0.0,,,,,,,,,,,,,50-59
P093,Laki-laki,SMA/SMK,Pelaksana,PPPK PW,,sistem_baru,1,Aktif,2025,1,0.0,0.0,0.0,,,34.0,33.0,1.0,97.06,0.0,0.0,0.0,0.0,0.0,0.0,0.0,,,,,,,,,,,,0.0,Baik,0.0,1.0,3.0,0.0,,,,,,,Tahunan,50-59
P093,Laki-laki,SMA/SMK,Pelaksana,PPPK PW,,sistem_baru,1,Aktif,2026,1,99.0,99.0,39.0,7.03,13.62,18.0,15.0,3.0,83.33,2.0,2.0,,0.0,0.0,0.0,0.0,,,,,,,,,,,,0.0,Baik,0.0,,,,Baik,0.0,Baik,0.0,2.0,0.0,Triwulan (terkini),50-59
P094,Perempuan,S2,Fungsional,PNS,III/d,keduanya,1,Aktif,2023,1,,,,,,28.0,16.0,12.0,57.14,6.0,6.0,6.0,1.0,1.0,1.0,0.0,1.0,2.0,2.0,1.0,2.0,1.0,2.0,2.0,2.0,15.0,55.56,1.0,,,,,,,,,,,,,40-49
P094,Perempuan,S2,Fungsional,PNS,III/d,keduanya,1,Aktif,2024,1,,,,,,43.0,20.0,23.0,46.51,10.0,10.0,10.0,1.0,1.0,2.0,0.0,1.0,2.0,2.0,1.0,2.0,1.0,2.0,2.0,2.0,15.0,55.56,1.0,Sangat Baik,1.0,1.0,12.0,0.0,,,,,,,Tahunan,40-49
P094,Perempuan,S2,Fungsional,PNS,III/d,keduanya,1,Aktif,2025,1,184.0,182.0,173.0,7.99,8.22,34.0,6.0,28.0,17.65,5.0,5.0,5.0,0.0,0.0,2.0,0.0,1.0,2.0,2.0,1.0,2.0,1.0,2.0,2.0,2.0,15.0,55.56,1.0,Baik,0.0,1.0,11.0,0.0,,,,,,,Tahunan,40-49
P094,Perempuan,S2,Fungsional,PNS,III/d,keduanya,1,Aktif,2026,1,135.0,134.0,131.0,7.61,8.68,18.0,10.0,8.0,55.56,1.0,1.0,,0.0,0.0,2.0,0.0,1.0,2.0,2.0,1.0,2.0,1.0,2.0,2.0,2.0,15.0,55.56,1.0,Sangat Baik,1.0,,,,Sangat Baik,1.0,Sangat Baik,1.0,2.0,1.0,Triwulan (terkini),40-49
P095,Laki-laki,S1,Fungsional,PNS,III/c,keduanya,1,Aktif,2023,1,,,,,,28.0,20.0,8.0,71.43,25.0,25.0,25.0,2.0,2.0,10.0,0.0,2.0,2.0,2.0,1.0,2.0,2.0,2.0,2.0,2.0,17.0,62.96,1.0,,,,,,,,,,,,,40-49
P095,Laki-laki,S1,Fungsional,PNS,III/c,keduanya,1,Aktif,2024,1,,,,,,43.0,32.0,11.0,74.42,23.0,23.0,23.0,0.0,0.0,10.0,0.0,2.0,2.0,2.0,1.0,2.0,2.0,2.0,2.0,2.0,17.0,62.96,1.0,Sangat Baik,1.0,1.0,12.0,0.0,,,,,,,Tahunan,40-49
P095,Laki-laki,S1,Fungsional,PNS,III/c,keduanya,1,Aktif,2025,1,109.0,109.0,103.0,7.33,9.31,34.0,18.0,16.0,52.94,9.0,9.0,9.0,1.0,1.0,11.0,0.0,2.0,2.0,2.0,1.0,2.0,2.0,2.0,2.0,2.0,17.0,62.96,1.0,Sangat Baik,1.0,1.0,11.0,0.0,,,,,,,Tahunan,40-49
P095,Laki-laki,S1,Fungsional,PNS,III/c,keduanya,1,Aktif,2026,1,0.0,0.0,0.0,,,18.0,1.0,17.0,5.56,0.0,0.0,,0.0,0.0,11.0,0.0,2.0,2.0,2.0,1.0,2.0,2.0,2.0,2.0,2.0,17.0,62.96,1.0,Sangat Baik,1.0,,,,Sangat Baik,1.0,Sangat Baik,1.0,2.0,1.0,Triwulan (terkini),40-49
P096,Laki-laki,S2,PNS,Pelaksana,Penata Tk. I/IIId,sistem_lama,0,Tidak Terdaftar,2023,1,,,,,,28.0,22.0,6.0,78.57,15.0,15.0,15.0,0.0,0.0,0.0,0.0,,,,,,,,,,,,0.0,,,,,,,,,,,,,40-49
P096,Laki-laki,S2,PNS,Pelaksana,Penata Tk. I/IIId,sistem_lama,0,Tidak Terdaftar,2024,1,,,,,,43.0,31.0,12.0,72.09,19.0,19.0,19.0,0.0,0.0,0.0,0.0,,,,,,,,,,,,0.0,Baik,0.0,1.0,12.0,0.0,,,,,,,Tahunan,40-49
P096,Laki-laki,S2,PNS,Pelaksana,Penata Tk. I/IIId,sistem_lama,0,Tidak Terdaftar,2025,1,39.0,37.0,37.0,7.59,8.63,7.0,2.0,5.0,28.57,0.0,0.0,0.0,0.0,0.0,0.0,0.0,,,,,,,,,,,,0.0,Baik,0.0,1.0,11.0,0.0,,,,,,,Tahunan,40-49
P096,Laki-laki,S2,PNS,Pelaksana,Penata Tk. I/IIId,sistem_lama,0,Tidak Terdaftar,2026,0,0.0,0.0,0.0,,,0.0,0.0,0.0,,0.0,0.0,,0.0,0.0,0.0,0.0,,,,,,,,,,,,0.0,,,,,,,,,,0.0,,,40-49
P097,Perempuan,S2,PNS,Struktural,Pembina/IVa,sistem_lama,0,Tidak Terdaftar,2023,0,,,,,,0.0,0.0,0.0,,0.0,0.0,0.0,0.0,0.0,0.0,0.0,,,,,,,,,,,,0.0,,,,,,,,,,,,,60+
P097,Perempuan,S2,PNS,Struktural,Pembina/IVa,sistem_lama,0,Tidak Terdaftar,2024,0,,,,,,0.0,0.0,0.0,,0.0,0.0,0.0,0.0,0.0,0.0,0.0,,,,,,,,,,,,0.0,,,,,,,,,,,,,60+
P097,Perempuan,S2,PNS,Struktural,Pembina/IVa,sistem_lama,0,Tidak Terdaftar,2025,0,0.0,0.0,0.0,,,0.0,0.0,0.0,,0.0,0.0,0.0,0.0,0.0,0.0,0.0,,,,,,,,,,,,0.0,,,,,,,,,,,,,60+
P097,Perempuan,S2,PNS,Struktural,Pembina/IVa,sistem_lama,0,Tidak Terdaftar,2026,0,0.0,0.0,0.0,,,0.0,0.0,0.0,,0.0,0.0,,0.0,0.0,0.0,0.0,,,,,,,,,,,,0.0,,,,,,,,,,0.0,,,60+
P098,Perempuan,SMA/Sederajat,PPNPN,PPNPN,-,sistem_lama,0,Tidak Terdaftar,2023,1,,,,,,28.0,27.0,1.0,96.43,1.0,1.0,1.0,0.0,0.0,0.0,0.0,,,,,,,,,,,,0.0,,,,,,,,,,,,,30-39
P098,Perempuan,SMA/Sederajat,PPNPN,PPNPN,-,sistem_lama,0,Tidak Terdaftar,2024,1,,,,,,43.0,43.0,0.0,100.0,1.0,1.0,1.0,0.0,0.0,0.0,0.0,,,,,,,,,,,,0.0,,,,,,,,,,,,,30-39
P098,Perempuan,SMA/Sederajat,PPNPN,PPNPN,-,sistem_lama,0,Tidak Terdaftar,2025,1,0.0,0.0,0.0,,,34.0,33.0,1.0,97.06,0.0,0.0,0.0,0.0,0.0,0.0,0.0,,,,,,,,,,,,0.0,,,,,,,,,,,,,40-49
P098,Perempuan,SMA/Sederajat,PPNPN,PPNPN,-,sistem_lama,0,Tidak Terdaftar,2026,0,0.0,0.0,0.0,,,0.0,0.0,0.0,,0.0,0.0,,0.0,0.0,0.0,0.0,,,,,,,,,,,,0.0,,,,,,,,,,0.0,,,40-49
P099,Laki-laki,D3,Pelaksana,PNS,III/c,keduanya,1,Aktif,2023,1,,,,,,28.0,24.0,4.0,85.71,12.0,12.0,12.0,1.0,1.0,6.0,0.0,2.0,2.0,2.0,1.0,1.0,2.0,3.0,1.0,3.0,17.0,62.96,1.0,,,,,,,,,,,,,50-59
P099,Laki-laki,D3,Pelaksana,PNS,III/c,keduanya,1,Aktif,2024,1,,,,,,43.0,42.0,1.0,97.67,7.0,7.0,7.0,1.0,1.0,7.0,0.0,2.0,2.0,2.0,1.0,1.0,2.0,3.0,1.0,3.0,17.0,62.96,1.0,Baik,0.0,2.0,12.0,0.0,,,,,,,Tahunan,50-59
P099,Laki-laki,D3,Pelaksana,PNS,III/c,keduanya,1,Aktif,2025,1,198.0,191.0,181.0,7.13,9.22,34.0,16.0,18.0,47.06,3.0,3.0,3.0,0.0,0.0,7.0,0.0,2.0,2.0,2.0,1.0,1.0,2.0,3.0,1.0,3.0,17.0,62.96,1.0,Sangat Baik,1.0,1.0,11.0,0.0,,,,,,,Tahunan,50-59
P099,Laki-laki,D3,Pelaksana,PNS,III/c,keduanya,1,Aktif,2026,1,136.0,135.0,132.0,7.17,9.04,18.0,3.0,15.0,16.67,2.0,2.0,,0.0,0.0,7.0,0.0,2.0,2.0,2.0,1.0,1.0,2.0,3.0,1.0,3.0,17.0,62.96,1.0,Sangat Baik,1.0,,,,Sangat Baik,1.0,Sangat Baik,1.0,2.0,1.0,Triwulan (terkini),50-59
P100,Perempuan,S1/D4,PNS,Pelaksana,Penata Muda/IIIa,sistem_lama,0,Tidak Terdaftar,2023,1,,,,,,0.0,0.0,0.0,,6.0,6.0,6.0,0.0,0.0,0.0,0.0,,,,,,,,,,,,0.0,,,,,,,,,,,,,<30
P100,Perempuan,S1/D4,PNS,Pelaksana,Penata Muda/IIIa,sistem_lama,0,Tidak Terdaftar,2024,0,,,,,,0.0,0.0,0.0,,0.0,0.0,0.0,0.0,0.0,0.0,0.0,,,,,,,,,,,,0.0,,,,,,,,,,,,,<30
P100,Perempuan,S1/D4,PNS,Pelaksana,Penata Muda/IIIa,sistem_lama,0,Tidak Terdaftar,2025,0,0.0,0.0,0.0,,,0.0,0.0,0.0,,0.0,0.0,0.0,0.0,0.0,0.0,0.0,,,,,,,,,,,,0.0,,,,,,,,,,,,,<30
P100,Perempuan,S1/D4,PNS,Pelaksana,Penata Muda/IIIa,sistem_lama,0,Tidak Terdaftar,2026,0,0.0,0.0,0.0,,,0.0,0.0,0.0,,0.0,0.0,,0.0,0.0,0.0,0.0,,,,,,,,,,,,0.0,,,,,,,,,,0.0,,,30-39
P101,Laki-laki,SMA/Sederajat,PNS,Fungsional Umum,Penata Muda Tk. I/IIIb,sistem_lama,0,Tidak Terdaftar,2023,0,,,,,,0.0,0.0,0.0,,0.0,0.0,0.0,0.0,0.0,0.0,0.0,,,,,,,,,,,,0.0,,,,,,,,,,,,,50-59
P101,Laki-laki,SMA/Sederajat,PNS,Fungsional Umum,Penata Muda Tk. I/IIIb,sistem_lama,0,Tidak Terdaftar,2024,0,,,,,,0.0,0.0,0.0,,0.0,0.0,0.0,0.0,0.0,0.0,0.0,,,,,,,,,,,,0.0,,,,,,,,,,,,,50-59
P101,Laki-laki,SMA/Sederajat,PNS,Fungsional Umum,Penata Muda Tk. I/IIIb,sistem_lama,0,Tidak Terdaftar,2025,0,0.0,0.0,0.0,,,0.0,0.0,0.0,,0.0,0.0,0.0,0.0,0.0,0.0,0.0,,,,,,,,,,,,0.0,,,,,,,,,,,,,60+
P101,Laki-laki,SMA/Sederajat,PNS,Fungsional Umum,Penata Muda Tk. I/IIIb,sistem_lama,0,Tidak Terdaftar,2026,0,0.0,0.0,0.0,,,0.0,0.0,0.0,,0.0,0.0,,0.0,0.0,0.0,0.0,,,,,,,,,,,,0.0,,,,,,,,,,0.0,,,60+
P102,Laki-laki,SMA/Sederajat,PNS,Fungsional Umum,Penata Muda Tk. I/IIIb,sistem_lama,0,Tidak Terdaftar,2023,0,,,,,,0.0,0.0,0.0,,0.0,0.0,0.0,0.0,0.0,0.0,0.0,,,,,,,,,,,,0.0,,,,,,,,,,,,,60+
P102,Laki-laki,SMA/Sederajat,PNS,Fungsional Umum,Penata Muda Tk. I/IIIb,sistem_lama,0,Tidak Terdaftar,2024,0,,,,,,0.0,0.0,0.0,,0.0,0.0,0.0,0.0,0.0,0.0,0.0,,,,,,,,,,,,0.0,,,,,,,,,,,,,60+
P102,Laki-laki,SMA/Sederajat,PNS,Fungsional Umum,Penata Muda Tk. I/IIIb,sistem_lama,0,Tidak Terdaftar,2025,0,0.0,0.0,0.0,,,0.0,0.0,0.0,,0.0,0.0,0.0,0.0,0.0,0.0,0.0,,,,,,,,,,,,0.0,,,,,,,,,,,,,60+
P102,Laki-laki,SMA/Sederajat,PNS,Fungsional Umum,Penata Muda Tk. I/IIIb,sistem_lama,0,Tidak Terdaftar,2026,0,0.0,0.0,0.0,,,0.0,0.0,0.0,,0.0,0.0,,0.0,0.0,0.0,0.0,,,,,,,,,,,,0.0,,,,,,,,,,0.0,,,60+
P103,Perempuan,SMA/Sederajat,PPNPN,PPNPN,-,sistem_lama,0,Tidak Terdaftar,2023,1,,,,,,28.0,26.0,2.0,92.86,2.0,2.0,2.0,0.0,0.0,0.0,0.0,,,,,,,,,,,,0.0,,,,,,,,,,,,,40-49
P103,Perempuan,SMA/Sederajat,PPNPN,PPNPN,-,sistem_lama,0,Tidak Terdaftar,2024,1,,,,,,43.0,42.0,1.0,97.67,2.0,2.0,2.0,0.0,0.0,0.0,0.0,,,,,,,,,,,,0.0,,,,,,,,,,,,,50-59
P103,Perempuan,SMA/Sederajat,PPNPN,PPNPN,-,sistem_lama,0,Tidak Terdaftar,2025,1,0.0,0.0,0.0,,,34.0,34.0,0.0,100.0,0.0,0.0,0.0,0.0,0.0,0.0,0.0,,,,,,,,,,,,0.0,,,,,,,,,,,,,50-59
P103,Perempuan,SMA/Sederajat,PPNPN,PPNPN,-,sistem_lama,0,Tidak Terdaftar,2026,0,0.0,0.0,0.0,,,0.0,0.0,0.0,,0.0,0.0,,0.0,0.0,0.0,0.0,,,,,,,,,,,,0.0,,,,,,,,,,0.0,,,50-59
P104,Perempuan,S1,Pelaksana,PPPK,IX,keduanya,1,Aktif,2023,1,,,,,,28.0,26.0,2.0,92.86,5.0,5.0,5.0,0.0,0.0,0.0,0.0,,,,,,,,,,,,0.0,,,,,,,,,,,,,30-39
P104,Perempuan,S1,Pelaksana,PPPK,IX,keduanya,1,Aktif,2024,1,,,,,,43.0,42.0,1.0,97.67,5.0,5.0,5.0,0.0,0.0,0.0,0.0,,,,,,,,,,,,0.0,,,,,,,,,,,,,30-39
P104,Perempuan,S1,Pelaksana,PPPK,IX,keduanya,1,Aktif,2025,1,48.0,47.0,43.0,7.51,9.0,34.0,34.0,0.0,100.0,7.0,7.0,7.0,0.0,0.0,0.0,0.0,,,,,,,,,,,,0.0,Baik,0.0,1.0,4.0,0.0,,,,,,,Tahunan,30-39
P104,Perempuan,S1,Pelaksana,PPPK,IX,keduanya,1,Aktif,2026,1,134.0,131.0,132.0,7.39,8.88,18.0,17.0,1.0,94.44,4.0,4.0,,0.0,0.0,0.0,0.0,,,,,,,,,,,,0.0,Baik,0.0,,,,Baik,0.0,Baik,0.0,2.0,0.0,Triwulan (terkini),30-39
P105,Laki-laki,S1,Pelaksana,PNS,III/d,keduanya,1,Aktif,2023,1,,,,,,28.0,26.0,2.0,92.86,2.0,2.0,2.0,1.0,1.0,13.0,0.0,1.0,3.0,2.0,1.0,3.0,2.0,3.0,3.0,3.0,21.0,77.78,1.0,,,,,,,,,,,,,50-59
P105,Laki-laki,S1,Pelaksana,PNS,III/d,keduanya,1,Aktif,2024,1,,,,,,43.0,36.0,7.0,83.72,4.0,4.0,4.0,2.0,2.0,15.0,0.0,1.0,3.0,2.0,1.0,3.0,2.0,3.0,3.0,3.0,21.0,77.78,1.0,Baik,0.0,1.0,12.0,0.0,,,,,,,Tahunan,50-59
P105,Laki-laki,S1,Pelaksana,PNS,III/d,keduanya,1,Aktif,2025,1,214.0,214.0,28.0,6.51,9.35,34.0,8.0,26.0,23.53,0.0,0.0,0.0,0.0,0.0,15.0,0.0,1.0,3.0,2.0,1.0,3.0,2.0,3.0,3.0,3.0,21.0,77.78,1.0,Baik,0.0,1.0,11.0,0.0,,,,,,,Tahunan,50-59
P105,Laki-laki,S1,Pelaksana,PNS,III/d,keduanya,1,Aktif,2026,1,141.0,141.0,128.0,6.6,9.35,18.0,2.0,16.0,11.11,2.0,2.0,,0.0,0.0,15.0,0.0,1.0,3.0,2.0,1.0,3.0,2.0,3.0,3.0,3.0,21.0,77.78,1.0,Baik,0.0,,,,Baik,0.0,Baik,0.0,2.0,0.0,Triwulan (terkini),50-59
P106,Perempuan,D3,Fungsional,PNS,-,keduanya,1,Aktif,2023,0,,,,,,0.0,0.0,0.0,,0.0,0.0,0.0,0.0,0.0,0.0,0.0,1.0,2.0,1.0,2.0,1.0,2.0,2.0,2.0,2.0,15.0,55.56,1.0,,,,,,,,,,,,,
P106,Perempuan,D3,Fungsional,PNS,-,keduanya,1,Aktif,2024,0,,,,,,0.0,0.0,0.0,,0.0,0.0,0.0,0.0,0.0,0.0,0.0,1.0,2.0,1.0,2.0,1.0,2.0,2.0,2.0,2.0,15.0,55.56,1.0,,,,,,,,,,,,,
P106,Perempuan,D3,Fungsional,PNS,-,keduanya,1,Aktif,2025,1,121.0,120.0,109.0,7.21,9.21,22.0,19.0,3.0,86.36,6.0,6.0,6.0,0.0,0.0,0.0,0.0,1.0,2.0,1.0,2.0,1.0,2.0,2.0,2.0,2.0,15.0,55.56,1.0,Baik,0.0,1.0,7.0,0.0,,,,,,,Tahunan,
P106,Perempuan,D3,Fungsional,PNS,-,keduanya,1,Aktif,2026,1,134.0,132.0,126.0,7.28,9.1,18.0,18.0,0.0,100.0,5.0,5.0,,0.0,0.0,0.0,0.0,1.0,2.0,1.0,2.0,1.0,2.0,2.0,2.0,2.0,15.0,55.56,1.0,Baik,0.0,,,,Baik,0.0,Baik,0.0,2.0,0.0,Triwulan (terkini),
P107,Laki-laki,SMA/SMK,Pelaksana,PPPK,V,keduanya,1,Aktif,2023,1,,,,,,28.0,27.0,1.0,96.43,4.0,4.0,4.0,0.0,0.0,0.0,0.0,,,,,,,,,,,,0.0,,,,,,,,,,,,,40-49
P107,Laki-laki,SMA/SMK,Pelaksana,PPPK,V,keduanya,1,Aktif,2024,1,,,,,,43.0,43.0,0.0,100.0,1.0,1.0,1.0,0.0,0.0,0.0,0.0,,,,,,,,,,,,0.0,,,,,,,,,,,,,40-49
P107,Laki-laki,SMA/SMK,Pelaksana,PPPK,V,keduanya,1,Aktif,2025,1,58.0,57.0,54.0,6.49,10.23,34.0,34.0,0.0,100.0,2.0,2.0,2.0,0.0,0.0,0.0,0.0,,,,,,,,,,,,0.0,Baik,0.0,1.0,4.0,0.0,,,,,,,Tahunan,40-49
P107,Laki-laki,SMA/SMK,Pelaksana,PPPK,V,keduanya,1,Aktif,2026,1,139.0,139.0,137.0,6.65,9.71,18.0,17.0,1.0,94.44,2.0,2.0,,0.0,0.0,0.0,0.0,,,,,,,,,,,,0.0,Baik,0.0,,,,Baik,0.0,Baik,0.0,2.0,0.0,Triwulan (terkini),40-49
P108,Perempuan,S3,PNS,Widyaiswara,Pembina Tk. I/IVb,sistem_lama,0,Tidak Terdaftar,2023,0,,,,,,0.0,0.0,0.0,,0.0,0.0,0.0,0.0,0.0,0.0,0.0,,,,,,,,,,,,0.0,,,,,,,,,,,,,60+
P108,Perempuan,S3,PNS,Widyaiswara,Pembina Tk. I/IVb,sistem_lama,0,Tidak Terdaftar,2024,0,,,,,,0.0,0.0,0.0,,0.0,0.0,0.0,0.0,0.0,0.0,0.0,,,,,,,,,,,,0.0,,,,,,,,,,,,,60+
P108,Perempuan,S3,PNS,Widyaiswara,Pembina Tk. I/IVb,sistem_lama,0,Tidak Terdaftar,2025,0,0.0,0.0,0.0,,,0.0,0.0,0.0,,0.0,0.0,0.0,0.0,0.0,0.0,0.0,,,,,,,,,,,,0.0,,,,,,,,,,,,,60+
P108,Perempuan,S3,PNS,Widyaiswara,Pembina Tk. I/IVb,sistem_lama,0,Tidak Terdaftar,2026,0,0.0,0.0,0.0,,,0.0,0.0,0.0,,0.0,0.0,,0.0,0.0,0.0,0.0,,,,,,,,,,,,0.0,,,,,,,,,,0.0,,,60+
P109,Perempuan,S1,Pelaksana,PNS,III/b,keduanya,1,Aktif,2023,1,,,,,,28.0,22.0,6.0,78.57,13.0,13.0,13.0,1.0,1.0,2.0,2.0,3.0,1.0,2.0,2.0,1.0,1.0,2.0,1.0,3.0,16.0,59.26,1.0,,,,,,,,,,,,,50-59
P109,Perempuan,S1,Pelaksana,PNS,III/b,keduanya,1,Aktif,2024,1,,,,,,43.0,41.0,2.0,95.35,18.0,18.0,18.0,3.0,3.0,5.0,2.0,3.0,1.0,2.0,2.0,1.0,1.0,2.0,1.0,3.0,16.0,59.26,1.0,Baik,0.0,2.0,12.0,0.0,,,,,,,Tahunan,50-59
P109,Perempuan,S1,Pelaksana,PNS,III/b,keduanya,1,Aktif,2025,1,197.0,195.0,185.0,7.41,9.32,34.0,34.0,0.0,100.0,8.0,8.0,8.0,0.0,0.0,5.0,2.0,3.0,1.0,2.0,2.0,1.0,1.0,2.0,1.0,3.0,16.0,59.26,1.0,Baik,0.0,1.0,11.0,0.0,,,,,,,Tahunan,50-59
P109,Perempuan,S1,Pelaksana,PNS,III/b,keduanya,1,Aktif,2026,1,132.0,129.0,128.0,7.28,9.36,18.0,17.0,1.0,94.44,6.0,6.0,,0.0,0.0,5.0,2.0,3.0,1.0,2.0,2.0,1.0,1.0,2.0,1.0,3.0,16.0,59.26,1.0,Baik,0.0,,,,Baik,0.0,Baik,0.0,2.0,0.0,Triwulan (terkini),50-59
P110,Laki-laki,SMA/Sederajat,PPNPN,PPNPN,-,sistem_lama,0,Tidak Terdaftar,2023,1,,,,,,28.0,13.0,15.0,46.43,1.0,1.0,1.0,0.0,0.0,0.0,0.0,,,,,,,,,,,,0.0,,,,,,,,,,,,,40-49
P110,Laki-laki,SMA/Sederajat,PPNPN,PPNPN,-,sistem_lama,0,Tidak Terdaftar,2024,1,,,,,,43.0,38.0,5.0,88.37,2.0,2.0,2.0,0.0,0.0,0.0,0.0,,,,,,,,,,,,0.0,,,,,,,,,,,,,40-49
P110,Laki-laki,SMA/Sederajat,PPNPN,PPNPN,-,sistem_lama,0,Tidak Terdaftar,2025,1,0.0,0.0,0.0,,,34.0,33.0,1.0,97.06,0.0,0.0,0.0,0.0,0.0,0.0,0.0,,,,,,,,,,,,0.0,,,,,,,,,,,,,40-49
P110,Laki-laki,SMA/Sederajat,PPNPN,PPNPN,-,sistem_lama,0,Tidak Terdaftar,2026,0,0.0,0.0,0.0,,,0.0,0.0,0.0,,0.0,0.0,,0.0,0.0,0.0,0.0,,,,,,,,,,,,0.0,,,,,,,,,,0.0,,,40-49
P111,Laki-laki,SMA/Sederajat,PPNPN,PPNPN,-,sistem_lama,0,Tidak Terdaftar,2023,1,,,,,,28.0,15.0,13.0,53.57,1.0,1.0,1.0,0.0,0.0,0.0,0.0,,,,,,,,,,,,0.0,,,,,,,,,,,,,40-49
P111,Laki-laki,SMA/Sederajat,PPNPN,PPNPN,-,sistem_lama,0,Tidak Terdaftar,2024,1,,,,,,43.0,40.0,3.0,93.02,1.0,1.0,1.0,0.0,0.0,0.0,0.0,,,,,,,,,,,,0.0,,,,,,,,,,,,,40-49
P111,Laki-laki,SMA/Sederajat,PPNPN,PPNPN,-,sistem_lama,0,Tidak Terdaftar,2025,1,0.0,0.0,0.0,,,34.0,32.0,2.0,94.12,0.0,0.0,0.0,0.0,0.0,0.0,0.0,,,,,,,,,,,,0.0,,,,,,,,,,,,,50-59
P111,Laki-laki,SMA/Sederajat,PPNPN,PPNPN,-,sistem_lama,0,Tidak Terdaftar,2026,0,0.0,0.0,0.0,,,0.0,0.0,0.0,,0.0,0.0,,0.0,0.0,0.0,0.0,,,,,,,,,,,,0.0,,,,,,,,,,0.0,,,50-59
P112,Laki-laki,SMA/SMK,Pelaksana,PPPK,V,keduanya,1,Aktif,2023,1,,,,,,28.0,25.0,3.0,89.29,2.0,2.0,2.0,0.0,0.0,0.0,0.0,,,,,,,,,,,,0.0,,,,,,,,,,,,,<30
P112,Laki-laki,SMA/SMK,Pelaksana,PPPK,V,keduanya,1,Aktif,2024,1,,,,,,43.0,40.0,3.0,93.02,6.0,6.0,6.0,0.0,0.0,0.0,0.0,,,,,,,,,,,,0.0,,,,,,,,,,,,,30-39
P112,Laki-laki,SMA/SMK,Pelaksana,PPPK,V,keduanya,1,Aktif,2025,1,50.0,49.0,45.0,6.81,10.57,34.0,33.0,1.0,97.06,6.0,6.0,6.0,0.0,0.0,0.0,0.0,,,,,,,,,,,,0.0,Baik,0.0,1.0,3.0,0.0,,,,,,,Tahunan,30-39
P112,Laki-laki,SMA/SMK,Pelaksana,PPPK,V,keduanya,1,Aktif,2026,1,139.0,139.0,133.0,6.59,10.9,18.0,18.0,0.0,100.0,3.0,3.0,,0.0,0.0,0.0,0.0,,,,,,,,,,,,0.0,Baik,0.0,,,,Baik,0.0,Baik,0.0,2.0,0.0,Triwulan (terkini),30-39
P113,Laki-laki,SMA/SMK,Pelaksana,PPPK PW,,sistem_baru,1,Aktif,2023,1,,,,,,28.0,19.0,9.0,67.86,0.0,0.0,0.0,0.0,0.0,0.0,0.0,,,,,,,,,,,,0.0,,,,,,,,,,,,,40-49
P113,Laki-laki,SMA/SMK,Pelaksana,PPPK PW,,sistem_baru,1,Aktif,2024,1,,,,,,43.0,40.0,3.0,93.02,0.0,0.0,0.0,0.0,0.0,0.0,0.0,,,,,,,,,,,,0.0,,,,,,,,,,,,,40-49
P113,Laki-laki,SMA/SMK,Pelaksana,PPPK PW,,sistem_baru,1,Aktif,2025,1,0.0,0.0,0.0,,,34.0,32.0,2.0,94.12,0.0,0.0,0.0,0.0,0.0,0.0,0.0,,,,,,,,,,,,0.0,Baik,0.0,1.0,3.0,0.0,,,,,,,Tahunan,40-49
P113,Laki-laki,SMA/SMK,Pelaksana,PPPK PW,,sistem_baru,1,Aktif,2026,1,0.0,0.0,0.0,,,18.0,16.0,2.0,88.89,2.0,2.0,,1.0,0.0,1.0,0.0,,,,,,,,,,,,0.0,Baik,0.0,,,,Baik,0.0,Baik,0.0,2.0,0.0,Triwulan (terkini),40-49
P114,Laki-laki,SMA/Sederajat,PPNPN,PPNPN,-,sistem_lama,0,Tidak Terdaftar,2023,1,,,,,,28.0,22.0,6.0,78.57,1.0,1.0,1.0,0.0,0.0,0.0,0.0,,,,,,,,,,,,0.0,,,,,,,,,,,,,50-59
P114,Laki-laki,SMA/Sederajat,PPNPN,PPNPN,-,sistem_lama,0,Tidak Terdaftar,2024,1,,,,,,43.0,39.0,4.0,90.7,1.0,1.0,1.0,0.0,0.0,0.0,0.0,,,,,,,,,,,,0.0,,,,,,,,,,,,,50-59
P114,Laki-laki,SMA/Sederajat,PPNPN,PPNPN,-,sistem_lama,0,Tidak Terdaftar,2025,1,0.0,0.0,0.0,,,34.0,24.0,10.0,70.59,0.0,0.0,0.0,0.0,0.0,0.0,0.0,,,,,,,,,,,,0.0,,,,,,,,,,,,,50-59
P114,Laki-laki,SMA/Sederajat,PPNPN,PPNPN,-,sistem_lama,0,Tidak Terdaftar,2026,0,0.0,0.0,0.0,,,0.0,0.0,0.0,,0.0,0.0,,0.0,0.0,0.0,0.0,,,,,,,,,,,,0.0,,,,,,,,,,0.0,,,50-59
P115,Perempuan,S1,Fungsional,PNS,III/c,keduanya,1,Aktif,2023,1,,,,,,28.0,8.0,20.0,28.57,7.0,7.0,7.0,2.0,2.0,3.0,0.0,3.0,3.0,3.0,3.0,3.0,3.0,2.0,3.0,2.0,25.0,92.59,1.0,,,,,,,,,,,,,30-39
P115,Perempuan,S1,Fungsional,PNS,III/c,keduanya,1,Aktif,2024,1,,,,,,43.0,11.0,32.0,25.58,0.0,0.0,0.0,0.0,0.0,3.0,0.0,3.0,3.0,3.0,3.0,3.0,3.0,2.0,3.0,2.0,25.0,92.59,1.0,,,,,,,,,,,,,30-39
P115,Perempuan,S1,Fungsional,PNS,III/c,keduanya,1,Aktif,2025,1,0.0,0.0,0.0,,,34.0,4.0,30.0,11.76,0.0,0.0,0.0,0.0,0.0,3.0,0.0,3.0,3.0,3.0,3.0,3.0,3.0,2.0,3.0,2.0,25.0,92.59,1.0,Baik,0.0,1.0,11.0,0.0,,,,,,,Tahunan,30-39
P115,Perempuan,S1,Fungsional,PNS,III/c,keduanya,1,Aktif,2026,1,105.0,105.0,105.0,7.31,8.9,18.0,9.0,9.0,50.0,1.0,1.0,,0.0,0.0,3.0,0.0,3.0,3.0,3.0,3.0,3.0,3.0,2.0,3.0,2.0,25.0,92.59,1.0,Sangat Baik,1.0,,,,Baik,0.0,Sangat Baik,1.0,2.0,0.0,Triwulan (terkini),30-39
P116,Perempuan,SMA/Sederajat,PPNPN,PPNPN,-,sistem_lama,0,Tidak Terdaftar,2023,0,,,,,,0.0,0.0,0.0,,0.0,0.0,0.0,0.0,0.0,0.0,0.0,,,,,,,,,,,,0.0,,,,,,,,,,,,,
P116,Perempuan,SMA/Sederajat,PPNPN,PPNPN,-,sistem_lama,0,Tidak Terdaftar,2024,0,,,,,,0.0,0.0,0.0,,0.0,0.0,0.0,0.0,0.0,0.0,0.0,,,,,,,,,,,,0.0,,,,,,,,,,,,,
P116,Perempuan,SMA/Sederajat,PPNPN,PPNPN,-,sistem_lama,0,Tidak Terdaftar,2025,0,0.0,0.0,0.0,,,0.0,0.0,0.0,,0.0,0.0,0.0,0.0,0.0,0.0,0.0,,,,,,,,,,,,0.0,,,,,,,,,,,,,
P116,Perempuan,SMA/Sederajat,PPNPN,PPNPN,-,sistem_lama,0,Tidak Terdaftar,2026,0,0.0,0.0,0.0,,,0.0,0.0,0.0,,0.0,0.0,,0.0,0.0,0.0,0.0,,,,,,,,,,,,0.0,,,,,,,,,,0.0,,,
P117,Perempuan,D3,Fungsional,PPPK,VII,keduanya,1,Aktif,2023,1,,,,,,28.0,18.0,10.0,64.29,2.0,2.0,2.0,0.0,0.0,0.0,0.0,2.0,2.0,1.0,2.0,1.0,2.0,2.0,2.0,1.0,15.0,55.56,1.0,,,,,,,,,,,,,<30
P117,Perempuan,D3,Fungsional,PPPK,VII,keduanya,1,Aktif,2024,1,,,,,,43.0,37.0,6.0,86.05,7.0,7.0,7.0,1.0,1.0,1.0,0.0,2.0,2.0,1.0,2.0,1.0,2.0,2.0,2.0,1.0,15.0,55.56,1.0,Baik,0.0,1.0,9.0,0.0,,,,,,,Tahunan,<30
P117,Perempuan,D3,Fungsional,PPPK,VII,keduanya,1,Aktif,2025,1,205.0,200.0,194.0,7.72,9.07,34.0,22.0,12.0,64.71,3.0,3.0,2.0,0.0,0.0,1.0,0.0,2.0,2.0,1.0,2.0,1.0,2.0,2.0,2.0,1.0,15.0,55.56,1.0,Baik,0.0,1.0,11.0,0.0,,,,,,,Tahunan,<30
P117,Perempuan,D3,Fungsional,PPPK,VII,keduanya,1,Aktif,2026,1,131.0,130.0,124.0,7.47,8.91,18.0,16.0,2.0,88.89,2.0,2.0,,0.0,0.0,1.0,0.0,2.0,2.0,1.0,2.0,1.0,2.0,2.0,2.0,1.0,15.0,55.56,1.0,Baik,0.0,,,,Baik,0.0,Baik,0.0,2.0,0.0,Triwulan (terkini),<30
P118,Laki-laki,SMA/SMK,Pelaksana,PPPK,V,keduanya,1,Aktif,2023,1,,,,,,28.0,16.0,12.0,57.14,1.0,1.0,1.0,0.0,0.0,0.0,0.0,,,,,,,,,,,,0.0,,,,,,,,,,,,,<30
P118,Laki-laki,SMA/SMK,Pelaksana,PPPK,V,keduanya,1,Aktif,2024,1,,,,,,43.0,40.0,3.0,93.02,3.0,3.0,3.0,0.0,0.0,0.0,0.0,,,,,,,,,,,,0.0,,,,,,,,,,,,,<30
P118,Laki-laki,SMA/SMK,Pelaksana,PPPK,V,keduanya,1,Aktif,2025,1,57.0,56.0,53.0,6.53,9.81,34.0,32.0,2.0,94.12,3.0,3.0,3.0,0.0,0.0,0.0,0.0,,,,,,,,,,,,0.0,Baik,0.0,1.0,4.0,0.0,,,,,,,Tahunan,<30
P118,Laki-laki,SMA/SMK,Pelaksana,PPPK,V,keduanya,1,Aktif,2026,1,139.0,139.0,134.0,6.71,9.72,18.0,16.0,2.0,88.89,1.0,1.0,,0.0,0.0,0.0,0.0,,,,,,,,,,,,0.0,Baik,0.0,,,,Baik,0.0,Baik,0.0,2.0,0.0,Triwulan (terkini),<30
P119,Laki-laki,S1/D4,PNS,Fungsional,Penata Tk. I/IIId,sistem_lama,0,Tidak Terdaftar,2023,1,,,,,,28.0,4.0,24.0,14.29,14.0,14.0,14.0,0.0,0.0,0.0,0.0,,,,,,,,,,,,0.0,,,,,,,,,,,,,50-59
P119,Laki-laki,S1/D4,PNS,Fungsional,Penata Tk. I/IIId,sistem_lama,0,Tidak Terdaftar,2024,1,,,,,,43.0,18.0,25.0,41.86,13.0,13.0,13.0,0.0,0.0,0.0,0.0,,,,,,,,,,,,0.0,Sangat Baik,1.0,1.0,12.0,0.0,,,,,,,Tahunan,50-59
P119,Laki-laki,S1/D4,PNS,Fungsional,Penata Tk. I/IIId,sistem_lama,0,Tidak Terdaftar,2025,1,70.0,68.0,62.0,7.52,9.36,12.0,4.0,8.0,33.33,1.0,1.0,1.0,0.0,0.0,0.0,0.0,,,,,,,,,,,,0.0,Baik,0.0,1.0,4.0,0.0,,,,,,,Tahunan,50-59
P119,Laki-laki,S1/D4,PNS,Fungsional,Penata Tk. I/IIId,sistem_lama,0,Tidak Terdaftar,2026,0,0.0,0.0,0.0,,,0.0,0.0,0.0,,0.0,0.0,,0.0,0.0,0.0,0.0,,,,,,,,,,,,0.0,,,,,,,,,,0.0,,,50-59
P120,Laki-laki,S2,Fungsional,PNS,IV/b,keduanya,0,Tidak Aktif,2023,1,,,,,,28.0,15.0,13.0,53.57,24.0,24.0,24.0,5.0,5.0,26.0,0.0,3.0,2.0,2.0,3.0,3.0,3.0,2.0,3.0,3.0,24.0,88.89,1.0,,,,,,,,,,,,,50-59
P120,Laki-laki,S2,Fungsional,PNS,IV/b,keduanya,0,Tidak Aktif,2024,1,,,,,,43.0,34.0,9.0,79.07,22.0,22.0,22.0,4.0,4.0,30.0,0.0,3.0,2.0,2.0,3.0,3.0,3.0,2.0,3.0,3.0,24.0,88.89,1.0,Sangat Baik,1.0,1.0,12.0,0.0,,,,,,,Tahunan,50-59
P120,Laki-laki,S2,Fungsional,PNS,IV/b,keduanya,0,Tidak Aktif,2025,1,150.0,148.0,139.0,7.55,9.12,34.0,22.0,12.0,64.71,15.0,15.0,15.0,0.0,0.0,30.0,0.0,3.0,2.0,2.0,3.0,3.0,3.0,2.0,3.0,3.0,24.0,88.89,1.0,Sangat Baik,1.0,1.0,11.0,0.0,,,,,,,Tahunan,50-59
P120,Laki-laki,S2,Fungsional,PNS,IV/b,keduanya,0,Tidak Aktif,2026,1,105.0,105.0,100.0,7.35,9.06,18.0,13.0,5.0,72.22,9.0,9.0,,0.0,0.0,30.0,0.0,3.0,2.0,2.0,3.0,3.0,3.0,2.0,3.0,3.0,24.0,88.89,1.0,Sangat Baik,1.0,,,,Baik,0.0,Sangat Baik,1.0,2.0,0.0,Triwulan (terkini),50-59
P121,Laki-laki,S1/D4,PNS,Fungsional Umum,Penata Tk. I/IIId,sistem_lama,0,Tidak Terdaftar,2023,0,,,,,,0.0,0.0,0.0,,0.0,0.0,0.0,0.0,0.0,0.0,0.0,,,,,,,,,,,,0.0,,,,,,,,,,,,,50-59
P121,Laki-laki,S1/D4,PNS,Fungsional Umum,Penata Tk. I/IIId,sistem_lama,0,Tidak Terdaftar,2024,0,,,,,,0.0,0.0,0.0,,0.0,0.0,0.0,0.0,0.0,0.0,0.0,,,,,,,,,,,,0.0,,,,,,,,,,,,,60+
P121,Laki-laki,S1/D4,PNS,Fungsional Umum,Penata Tk. I/IIId,sistem_lama,0,Tidak Terdaftar,2025,0,0.0,0.0,0.0,,,0.0,0.0,0.0,,0.0,0.0,0.0,0.0,0.0,0.0,0.0,,,,,,,,,,,,0.0,,,,,,,,,,,,,60+
P121,Laki-laki,S1/D4,PNS,Fungsional Umum,Penata Tk. I/IIId,sistem_lama,0,Tidak Terdaftar,2026,0,0.0,0.0,0.0,,,0.0,0.0,0.0,,0.0,0.0,,0.0,0.0,0.0,0.0,,,,,,,,,,,,0.0,,,,,,,,,,0.0,,,60+
P122,Laki-laki,S1,Fungsional,PPPK,IX,keduanya,1,Aktif,2023,1,,,,,,28.0,18.0,10.0,64.29,2.0,2.0,2.0,0.0,0.0,0.0,0.0,2.0,1.0,1.0,2.0,1.0,1.0,1.0,2.0,1.0,12.0,44.44,1.0,,,,,,,,,,,,,40-49
P122,Laki-laki,S1,Fungsional,PPPK,IX,keduanya,1,Aktif,2024,1,,,,,,43.0,39.0,4.0,90.7,5.0,5.0,5.0,1.0,1.0,1.0,0.0,2.0,1.0,1.0,2.0,1.0,1.0,1.0,2.0,1.0,12.0,44.44,1.0,Baik,0.0,1.0,9.0,0.0,,,,,,,Tahunan,40-49
P122,Laki-laki,S1,Fungsional,PPPK,IX,keduanya,1,Aktif,2025,1,187.0,187.0,174.0,7.11,9.47,34.0,28.0,6.0,82.35,2.0,2.0,2.0,1.0,1.0,2.0,0.0,2.0,1.0,1.0,2.0,1.0,1.0,1.0,2.0,1.0,12.0,44.44,1.0,Baik,0.0,1.0,11.0,0.0,,,,,,,Tahunan,40-49
P122,Laki-laki,S1,Fungsional,PPPK,IX,keduanya,1,Aktif,2026,1,135.0,134.0,129.0,7.07,9.44,18.0,13.0,5.0,72.22,2.0,2.0,,0.0,0.0,2.0,0.0,2.0,1.0,1.0,2.0,1.0,1.0,1.0,2.0,1.0,12.0,44.44,1.0,Baik,0.0,,,,Baik,0.0,Baik,0.0,2.0,0.0,Triwulan (terkini),40-49
P123,Laki-laki,SMA/SMK,Pelaksana,PPPK,V,keduanya,1,Aktif,2023,1,,,,,,28.0,17.0,11.0,60.71,3.0,3.0,3.0,0.0,0.0,0.0,0.0,,,,,,,,,,,,0.0,,,,,,,,,,,,,<30
P123,Laki-laki,SMA/SMK,Pelaksana,PPPK,V,keduanya,1,Aktif,2024,1,,,,,,43.0,30.0,13.0,69.77,7.0,7.0,7.0,0.0,0.0,0.0,0.0,,,,,,,,,,,,0.0,,,,,,,,,,,,,<30
P123,Laki-laki,SMA/SMK,Pelaksana,PPPK,V,keduanya,1,Aktif,2025,1,51.0,49.0,46.0,7.36,9.86,34.0,30.0,4.0,88.24,6.0,6.0,6.0,0.0,0.0,0.0,0.0,,,,,,,,,,,,0.0,Baik,0.0,1.0,4.0,0.0,,,,,,,Tahunan,<30
P123,Laki-laki,SMA/SMK,Pelaksana,PPPK,V,keduanya,1,Aktif,2026,1,129.0,126.0,118.0,7.22,9.51,18.0,18.0,0.0,100.0,7.0,7.0,,0.0,0.0,0.0,0.0,,,,,,,,,,,,0.0,Baik,0.0,,,,Baik,0.0,Baik,0.0,2.0,0.0,Triwulan (terkini),<30
P124,Laki-laki,SMA/SMK,Pelaksana,PPPK,V,keduanya,1,Aktif,2023,1,,,,,,28.0,27.0,1.0,96.43,1.0,1.0,1.0,0.0,0.0,0.0,0.0,,,,,,,,,,,,0.0,,,,,,,,,,,,,30-39
P124,Laki-laki,SMA/SMK,Pelaksana,PPPK,V,keduanya,1,Aktif,2024,1,,,,,,43.0,42.0,1.0,97.67,1.0,1.0,1.0,0.0,0.0,0.0,0.0,,,,,,,,,,,,0.0,,,,,,,,,,,,,30-39
P124,Laki-laki,SMA/SMK,Pelaksana,PPPK,V,keduanya,1,Aktif,2025,1,54.0,53.0,50.0,6.97,9.5,34.0,33.0,1.0,97.06,1.0,1.0,1.0,0.0,0.0,0.0,0.0,,,,,,,,,,,,0.0,Baik,0.0,1.0,4.0,0.0,,,,,,,Tahunan,30-39
P124,Laki-laki,SMA/SMK,Pelaksana,PPPK,V,keduanya,1,Aktif,2026,1,139.0,137.0,136.0,6.89,9.51,18.0,18.0,0.0,100.0,1.0,1.0,,0.0,0.0,0.0,0.0,,,,,,,,,,,,0.0,Baik,0.0,,,,Baik,0.0,Baik,0.0,2.0,0.0,Triwulan (terkini),30-39
P125,Laki-laki,S2,PNS,Widyaiswara,Pembina Tk. I/IVb,sistem_lama,0,Tidak Terdaftar,2023,0,,,,,,0.0,0.0,0.0,,0.0,0.0,0.0,0.0,0.0,0.0,0.0,,,,,,,,,,,,0.0,,,,,,,,,,,,,60+
P125,Laki-laki,S2,PNS,Widyaiswara,Pembina Tk. I/IVb,sistem_lama,0,Tidak Terdaftar,2024,0,,,,,,0.0,0.0,0.0,,0.0,0.0,0.0,0.0,0.0,0.0,0.0,,,,,,,,,,,,0.0,,,,,,,,,,,,,60+
P125,Laki-laki,S2,PNS,Widyaiswara,Pembina Tk. I/IVb,sistem_lama,0,Tidak Terdaftar,2025,0,0.0,0.0,0.0,,,0.0,0.0,0.0,,0.0,0.0,0.0,0.0,0.0,0.0,0.0,,,,,,,,,,,,0.0,,,,,,,,,,,,,60+
P125,Laki-laki,S2,PNS,Widyaiswara,Pembina Tk. I/IVb,sistem_lama,0,Tidak Terdaftar,2026,0,0.0,0.0,0.0,,,0.0,0.0,0.0,,0.0,0.0,,0.0,0.0,0.0,0.0,,,,,,,,,,,,0.0,,,,,,,,,,0.0,,,60+
P126,Perempuan,S1,Fungsional,PPPK,IX,keduanya,1,Aktif,2023,1,,,,,,28.0,24.0,4.0,85.71,7.0,7.0,7.0,0.0,0.0,0.0,0.0,,,,,,,,,,,,0.0,,,,,,,,,,,,,<30
P126,Perempuan,S1,Fungsional,PPPK,IX,keduanya,1,Aktif,2024,1,,,,,,43.0,40.0,3.0,93.02,10.0,10.0,10.0,3.0,3.0,3.0,0.0,,,,,,,,,,,,0.0,Baik,0.0,1.0,9.0,0.0,,,,,,,Tahunan,<30
P126,Perempuan,S1,Fungsional,PPPK,IX,keduanya,1,Aktif,2025,1,148.0,136.0,138.0,7.43,8.83,34.0,22.0,12.0,64.71,2.0,2.0,2.0,2.0,2.0,5.0,0.0,,,,,,,,,,,,0.0,Sangat Baik,1.0,1.0,11.0,0.0,,,,,,,Tahunan,<30
P126,Perempuan,S1,Fungsional,PPPK,IX,keduanya,1,Aktif,2026,1,129.0,127.0,126.0,7.52,8.73,18.0,16.0,2.0,88.89,1.0,1.0,,2.0,2.0,7.0,0.0,,,,,,,,,,,,0.0,Sangat Baik,1.0,,,,Baik,0.0,Sangat Baik,1.0,2.0,0.0,Triwulan (terkini),30-39
P127,Perempuan,SMA/SMK,Pelaksana,PPPK PW,,sistem_baru,1,Aktif,2023,1,,,,,,28.0,26.0,2.0,92.86,0.0,0.0,0.0,0.0,0.0,0.0,0.0,,,,,,,,,,,,0.0,,,,,,,,,,,,,40-49
P127,Perempuan,SMA/SMK,Pelaksana,PPPK PW,,sistem_baru,1,Aktif,2024,1,,,,,,43.0,42.0,1.0,97.67,0.0,0.0,0.0,0.0,0.0,0.0,0.0,,,,,,,,,,,,0.0,,,,,,,,,,,,,50-59
P127,Perempuan,SMA/SMK,Pelaksana,PPPK PW,,sistem_baru,1,Aktif,2025,1,0.0,0.0,0.0,,,34.0,34.0,0.0,100.0,0.0,0.0,0.0,0.0,0.0,0.0,0.0,,,,,,,,,,,,0.0,Baik,0.0,1.0,3.0,0.0,,,,,,,Tahunan,50-59
P127,Perempuan,SMA/SMK,Pelaksana,PPPK PW,,sistem_baru,1,Aktif,2026,1,139.0,138.0,120.0,6.07,8.95,18.0,18.0,0.0,100.0,2.0,2.0,,0.0,0.0,0.0,0.0,,,,,,,,,,,,0.0,Baik,0.0,,,,Baik,0.0,Baik,0.0,2.0,0.0,Triwulan (terkini),50-59
P128,Perempuan,S1/D4,PNS,Pelaksana,Penata Tk. I/IIId,sistem_lama,0,Tidak Terdaftar,2023,1,,,,,,28.0,22.0,6.0,78.57,16.0,16.0,16.0,0.0,0.0,0.0,0.0,,,,,,,,,,,,0.0,,,,,,,,,,,,,50-59
P128,Perempuan,S1/D4,PNS,Pelaksana,Penata Tk. I/IIId,sistem_lama,0,Tidak Terdaftar,2024,1,,,,,,43.0,21.0,22.0,48.84,20.0,20.0,19.0,0.0,0.0,0.0,0.0,,,,,,,,,,,,0.0,Sangat Baik,1.0,1.0,12.0,0.0,,,,,,,Tahunan,50-59
P128,Perempuan,S1/D4,PNS,Pelaksana,Penata Tk. I/IIId,sistem_lama,0,Tidak Terdaftar,2025,1,94.0,81.0,87.0,7.34,9.17,20.0,8.0,12.0,40.0,9.0,9.0,9.0,0.0,0.0,0.0,0.0,,,,,,,,,,,,0.0,Baik,0.0,1.0,11.0,0.0,,,,,,,Tahunan,50-59
P128,Perempuan,S1/D4,PNS,Pelaksana,Penata Tk. I/IIId,sistem_lama,0,Tidak Terdaftar,2026,0,0.0,0.0,0.0,,,0.0,0.0,0.0,,0.0,0.0,,0.0,0.0,0.0,0.0,,,,,,,,,,,,0.0,,,,,,,,,,0.0,,,50-59
P129,Laki-laki,S2,Fungsional,PNS,III/b,keduanya,1,Aktif,2023,1,,,,,,28.0,17.0,11.0,60.71,15.0,15.0,15.0,1.0,1.0,1.0,0.0,2.0,2.0,2.0,1.0,2.0,1.0,1.0,2.0,2.0,15.0,55.56,1.0,,,,,,,,,,,,,40-49
P129,Laki-laki,S2,Fungsional,PNS,III/b,keduanya,1,Aktif,2024,1,,,,,,43.0,18.0,25.0,41.86,12.0,12.0,12.0,1.0,1.0,2.0,0.0,2.0,2.0,2.0,1.0,2.0,1.0,1.0,2.0,2.0,15.0,55.56,1.0,Sangat Baik,1.0,1.0,12.0,0.0,,,,,,,Tahunan,40-49
P129,Laki-laki,S2,Fungsional,PNS,III/b,keduanya,1,Aktif,2025,1,144.0,135.0,136.0,7.92,8.73,34.0,10.0,24.0,29.41,12.0,12.0,12.0,0.0,0.0,2.0,0.0,2.0,2.0,2.0,1.0,2.0,1.0,1.0,2.0,2.0,15.0,55.56,1.0,Baik,0.0,2.0,11.0,0.0,,,,,,,Tahunan,40-49
P129,Laki-laki,S2,Fungsional,PNS,III/b,keduanya,1,Aktif,2026,1,103.0,100.0,97.0,7.69,9.01,18.0,11.0,7.0,61.11,11.0,11.0,,0.0,0.0,2.0,0.0,2.0,2.0,2.0,1.0,2.0,1.0,1.0,2.0,2.0,15.0,55.56,1.0,Baik,0.0,,,,Baik,0.0,Baik,0.0,2.0,0.0,Triwulan (terkini),40-49
P130,Perempuan,S1,Fungsional,PNS,-,keduanya,1,Aktif,2023,0,,,,,,0.0,0.0,0.0,,0.0,0.0,0.0,0.0,0.0,0.0,0.0,2.0,1.0,1.0,2.0,2.0,2.0,1.0,1.0,1.0,13.0,48.15,1.0,,,,,,,,,,,,,
P130,Perempuan,S1,Fungsional,PNS,-,keduanya,1,Aktif,2024,0,,,,,,0.0,0.0,0.0,,0.0,0.0,0.0,0.0,0.0,0.0,0.0,2.0,1.0,1.0,2.0,2.0,2.0,1.0,1.0,1.0,13.0,48.15,1.0,,,,,,,,,,,,,
P130,Perempuan,S1,Fungsional,PNS,-,keduanya,1,Aktif,2025,1,124.0,122.0,113.0,7.27,9.52,22.0,19.0,3.0,86.36,2.0,2.0,2.0,0.0,0.0,0.0,0.0,2.0,1.0,1.0,2.0,2.0,2.0,1.0,1.0,1.0,13.0,48.15,1.0,Baik,0.0,1.0,7.0,0.0,,,,,,,Tahunan,
P130,Perempuan,S1,Fungsional,PNS,-,keduanya,1,Aktif,2026,1,133.0,131.0,129.0,7.31,9.35,18.0,17.0,1.0,94.44,4.0,4.0,,0.0,0.0,0.0,0.0,2.0,1.0,1.0,2.0,2.0,2.0,1.0,1.0,1.0,13.0,48.15,1.0,Baik,0.0,,,,Baik,0.0,Baik,0.0,2.0,0.0,Triwulan (terkini),
P131,Perempuan,S2,Fungsional,PNS,IV/b,keduanya,1,Aktif,2023,1,,,,,,28.0,17.0,11.0,60.71,32.0,32.0,32.0,3.0,3.0,40.0,0.0,1.0,1.0,1.0,1.0,1.0,3.0,3.0,1.0,1.0,13.0,48.15,1.0,,,,,,,,,,,,,40-49
P131,Perempuan,S2,Fungsional,PNS,IV/b,keduanya,1,Aktif,2024,1,,,,,,43.0,28.0,15.0,65.12,34.0,34.0,34.0,4.0,2.0,44.0,0.0,1.0,1.0,1.0,1.0,1.0,3.0,3.0,1.0,1.0,13.0,48.15,1.0,Sangat Baik,1.0,1.0,12.0,0.0,,,,,,,Tahunan,40-49
P131,Perempuan,S2,Fungsional,PNS,IV/b,keduanya,1,Aktif,2025,1,155.0,150.0,144.0,7.64,9.06,34.0,25.0,9.0,73.53,14.0,14.0,14.0,2.0,2.0,46.0,0.0,1.0,1.0,1.0,1.0,1.0,3.0,3.0,1.0,1.0,13.0,48.15,1.0,Sangat Baik,1.0,1.0,11.0,0.0,,,,,,,Tahunan,40-49
P131,Perempuan,S2,Fungsional,PNS,IV/b,keduanya,1,Aktif,2026,1,112.0,112.0,110.0,7.44,9.12,18.0,13.0,5.0,72.22,9.0,9.0,,0.0,0.0,46.0,0.0,1.0,1.0,1.0,1.0,1.0,3.0,3.0,1.0,1.0,13.0,48.15,1.0,Sangat Baik,1.0,,,,Sangat Baik,1.0,Sangat Baik,1.0,2.0,1.0,Triwulan (terkini),40-49
P132,Perempuan,S1/D4,PNS,Widyaiswara,Pembina Tk. I/IVb,sistem_lama,0,Tidak Terdaftar,2023,0,,,,,,0.0,0.0,0.0,,0.0,0.0,0.0,0.0,0.0,0.0,0.0,,,,,,,,,,,,0.0,,,,,,,,,,,,,60+
P132,Perempuan,S1/D4,PNS,Widyaiswara,Pembina Tk. I/IVb,sistem_lama,0,Tidak Terdaftar,2024,0,,,,,,0.0,0.0,0.0,,0.0,0.0,0.0,0.0,0.0,0.0,0.0,,,,,,,,,,,,0.0,,,,,,,,,,,,,60+
P132,Perempuan,S1/D4,PNS,Widyaiswara,Pembina Tk. I/IVb,sistem_lama,0,Tidak Terdaftar,2025,0,0.0,0.0,0.0,,,0.0,0.0,0.0,,0.0,0.0,0.0,0.0,0.0,0.0,0.0,,,,,,,,,,,,0.0,,,,,,,,,,,,,60+
P132,Perempuan,S1/D4,PNS,Widyaiswara,Pembina Tk. I/IVb,sistem_lama,0,Tidak Terdaftar,2026,0,0.0,0.0,0.0,,,0.0,0.0,0.0,,0.0,0.0,,0.0,0.0,0.0,0.0,,,,,,,,,,,,0.0,,,,,,,,,,0.0,,,60+
P133,Laki-laki,SMA/Sederajat,PNS,Fungsional Umum,Penata Muda Tk. I/IIIb,sistem_lama,0,Tidak Terdaftar,2023,0,,,,,,0.0,0.0,0.0,,0.0,0.0,0.0,0.0,0.0,0.0,0.0,,,,,,,,,,,,0.0,,,,,,,,,,,,,60+
P133,Laki-laki,SMA/Sederajat,PNS,Fungsional Umum,Penata Muda Tk. I/IIIb,sistem_lama,0,Tidak Terdaftar,2024,0,,,,,,0.0,0.0,0.0,,0.0,0.0,0.0,0.0,0.0,0.0,0.0,,,,,,,,,,,,0.0,,,,,,,,,,,,,60+
P133,Laki-laki,SMA/Sederajat,PNS,Fungsional Umum,Penata Muda Tk. I/IIIb,sistem_lama,0,Tidak Terdaftar,2025,0,0.0,0.0,0.0,,,0.0,0.0,0.0,,0.0,0.0,0.0,0.0,0.0,0.0,0.0,,,,,,,,,,,,0.0,,,,,,,,,,,,,60+
P133,Laki-laki,SMA/Sederajat,PNS,Fungsional Umum,Penata Muda Tk. I/IIIb,sistem_lama,0,Tidak Terdaftar,2026,0,0.0,0.0,0.0,,,0.0,0.0,0.0,,0.0,0.0,,0.0,0.0,0.0,0.0,,,,,,,,,,,,0.0,,,,,,,,,,0.0,,,60+
P134,Laki-laki,S2,PNS,Fungsional,Pembina Tk. I/IVb,sistem_lama,0,Tidak Terdaftar,2023,1,,,,,,21.0,13.0,8.0,61.9,11.0,11.0,11.0,0.0,0.0,0.0,0.0,,,,,,,,,,,,0.0,,,,,,,,,,,,,50-59
P134,Laki-laki,S2,PNS,Fungsional,Pembina Tk. I/IVb,sistem_lama,0,Tidak Terdaftar,2024,0,,,,,,0.0,0.0,0.0,,0.0,0.0,0.0,0.0,0.0,0.0,0.0,,,,,,,,,,,,0.0,,,,,,,,,,,,,60+
P134,Laki-laki,S2,PNS,Fungsional,Pembina Tk. I/IVb,sistem_lama,0,Tidak Terdaftar,2025,0,0.0,0.0,0.0,,,0.0,0.0,0.0,,0.0,0.0,0.0,0.0,0.0,0.0,0.0,,,,,,,,,,,,0.0,,,,,,,,,,,,,60+
P134,Laki-laki,S2,PNS,Fungsional,Pembina Tk. I/IVb,sistem_lama,0,Tidak Terdaftar,2026,0,0.0,0.0,0.0,,,0.0,0.0,0.0,,0.0,0.0,,0.0,0.0,0.0,0.0,,,,,,,,,,,,0.0,,,,,,,,,,0.0,,,60+
P135,Laki-laki,SMA/SMK,Pelaksana,PNS,III/b,keduanya,1,Aktif,2023,1,,,,,,28.0,25.0,3.0,89.29,4.0,4.0,4.0,1.0,1.0,2.0,0.0,1.0,1.0,2.0,1.0,1.0,1.0,2.0,2.0,2.0,13.0,48.15,1.0,,,,,,,,,,,,,50-59
P135,Laki-laki,SMA/SMK,Pelaksana,PNS,III/b,keduanya,1,Aktif,2024,1,,,,,,43.0,40.0,3.0,93.02,9.0,9.0,9.0,2.0,2.0,4.0,0.0,1.0,1.0,2.0,1.0,1.0,1.0,2.0,2.0,2.0,13.0,48.15,1.0,Baik,0.0,1.0,12.0,0.0,,,,,,,Tahunan,50-59
P135,Laki-laki,SMA/SMK,Pelaksana,PNS,III/b,keduanya,1,Aktif,2025,1,210.0,201.0,174.0,7.28,9.77,34.0,14.0,20.0,41.18,2.0,2.0,2.0,0.0,0.0,4.0,0.0,1.0,1.0,2.0,1.0,1.0,1.0,2.0,2.0,2.0,13.0,48.15,1.0,Baik,0.0,1.0,11.0,0.0,,,,,,,Tahunan,50-59
P135,Laki-laki,SMA/SMK,Pelaksana,PNS,III/b,keduanya,1,Aktif,2026,1,141.0,137.0,133.0,7.32,9.34,18.0,5.0,13.0,27.78,1.0,1.0,,0.0,0.0,4.0,0.0,1.0,1.0,2.0,1.0,1.0,1.0,2.0,2.0,2.0,13.0,48.15,1.0,Baik,0.0,,,,Baik,0.0,Baik,0.0,2.0,0.0,Triwulan (terkini),50-59
P136,Laki-laki,SMA/SMK,Pelaksana,PNS,III/b,keduanya,1,Aktif,2023,1,,,,,,28.0,22.0,6.0,78.57,17.0,17.0,17.0,2.0,2.0,16.0,0.0,3.0,2.0,3.0,3.0,3.0,2.0,3.0,3.0,3.0,25.0,92.59,1.0,,,,,,,,,,,,,50-59
P136,Laki-laki,SMA/SMK,Pelaksana,PNS,III/b,keduanya,1,Aktif,2024,1,,,,,,43.0,26.0,17.0,60.47,25.0,25.0,24.0,0.0,0.0,16.0,0.0,3.0,2.0,3.0,3.0,3.0,2.0,3.0,3.0,3.0,25.0,92.59,1.0,Baik,0.0,1.0,12.0,0.0,,,,,,,Tahunan,50-59
P136,Laki-laki,SMA/SMK,Pelaksana,PNS,III/b,keduanya,1,Aktif,2025,1,172.0,166.0,154.0,7.14,10.03,34.0,14.0,20.0,41.18,17.0,17.0,17.0,0.0,0.0,16.0,0.0,3.0,2.0,3.0,3.0,3.0,2.0,3.0,3.0,3.0,25.0,92.59,1.0,Baik,0.0,1.0,11.0,0.0,,,,,,,Tahunan,50-59
P136,Laki-laki,SMA/SMK,Pelaksana,PNS,III/b,keduanya,1,Aktif,2026,1,122.0,118.0,114.0,7.03,10.38,18.0,5.0,13.0,27.78,8.0,8.0,,0.0,0.0,16.0,0.0,3.0,2.0,3.0,3.0,3.0,2.0,3.0,3.0,3.0,25.0,92.59,1.0,Baik,0.0,,,,Baik,0.0,Baik,0.0,2.0,0.0,Triwulan (terkini),50-59
P137,Laki-laki,SMA/Sederajat,PPNPN,PPNPN,-,sistem_lama,0,Tidak Terdaftar,2023,1,,,,,,28.0,14.0,14.0,50.0,1.0,1.0,1.0,0.0,0.0,0.0,0.0,,,,,,,,,,,,0.0,,,,,,,,,,,,,40-49
P137,Laki-laki,SMA/Sederajat,PPNPN,PPNPN,-,sistem_lama,0,Tidak Terdaftar,2024,1,,,,,,43.0,35.0,8.0,81.4,1.0,1.0,1.0,0.0,0.0,0.0,0.0,,,,,,,,,,,,0.0,,,,,,,,,,,,,40-49
P137,Laki-laki,SMA/Sederajat,PPNPN,PPNPN,-,sistem_lama,0,Tidak Terdaftar,2025,1,0.0,0.0,0.0,,,25.0,20.0,5.0,80.0,0.0,0.0,0.0,0.0,0.0,0.0,0.0,,,,,,,,,,,,0.0,,,,,,,,,,,,,40-49
P137,Laki-laki,SMA/Sederajat,PPNPN,PPNPN,-,sistem_lama,0,Tidak Terdaftar,2026,0,0.0,0.0,0.0,,,0.0,0.0,0.0,,0.0,0.0,,0.0,0.0,0.0,0.0,,,,,,,,,,,,0.0,,,,,,,,,,0.0,,,40-49
P138,Laki-laki,SMA/Sederajat,PPNPN,PPNPN,-,sistem_lama,0,Tidak Terdaftar,2023,1,,,,,,28.0,21.0,7.0,75.0,1.0,1.0,1.0,0.0,0.0,0.0,0.0,,,,,,,,,,,,0.0,,,,,,,,,,,,,
P138,Laki-laki,SMA/Sederajat,PPNPN,PPNPN,-,sistem_lama,0,Tidak Terdaftar,2024,1,,,,,,20.0,17.0,3.0,85.0,1.0,1.0,1.0,0.0,0.0,0.0,0.0,,,,,,,,,,,,0.0,,,,,,,,,,,,,
P138,Laki-laki,SMA/Sederajat,PPNPN,PPNPN,-,sistem_lama,0,Tidak Terdaftar,2025,0,0.0,0.0,0.0,,,0.0,0.0,0.0,,0.0,0.0,0.0,0.0,0.0,0.0,0.0,,,,,,,,,,,,0.0,,,,,,,,,,,,,
P138,Laki-laki,SMA/Sederajat,PPNPN,PPNPN,-,sistem_lama,0,Tidak Terdaftar,2026,0,0.0,0.0,0.0,,,0.0,0.0,0.0,,0.0,0.0,,0.0,0.0,0.0,0.0,,,,,,,,,,,,0.0,,,,,,,,,,0.0,,,
P139,Laki-laki,S2,PNS,Widyaiswara,Pembina Tk. I/IVb,sistem_lama,0,Tidak Terdaftar,2023,0,,,,,,0.0,0.0,0.0,,0.0,0.0,0.0,0.0,0.0,0.0,0.0,,,,,,,,,,,,0.0,,,,,,,,,,,,,60+
P139,Laki-laki,S2,PNS,Widyaiswara,Pembina Tk. I/IVb,sistem_lama,0,Tidak Terdaftar,2024,0,,,,,,0.0,0.0,0.0,,0.0,0.0,0.0,0.0,0.0,0.0,0.0,,,,,,,,,,,,0.0,,,,,,,,,,,,,60+
P139,Laki-laki,S2,PNS,Widyaiswara,Pembina Tk. I/IVb,sistem_lama,0,Tidak Terdaftar,2025,0,0.0,0.0,0.0,,,0.0,0.0,0.0,,0.0,0.0,0.0,0.0,0.0,0.0,0.0,,,,,,,,,,,,0.0,,,,,,,,,,,,,60+
P139,Laki-laki,S2,PNS,Widyaiswara,Pembina Tk. I/IVb,sistem_lama,0,Tidak Terdaftar,2026,0,0.0,0.0,0.0,,,0.0,0.0,0.0,,0.0,0.0,,0.0,0.0,0.0,0.0,,,,,,,,,,,,0.0,,,,,,,,,,0.0,,,60+
P140,Perempuan,SMA/Sederajat,PPNPN,PPNPN,-,sistem_lama,0,Tidak Terdaftar,2023,1,,,,,,28.0,26.0,2.0,92.86,1.0,1.0,1.0,0.0,0.0,0.0,0.0,,,,,,,,,,,,0.0,,,,,,,,,,,,,50-59
P140,Perempuan,SMA/Sederajat,PPNPN,PPNPN,-,sistem_lama,0,Tidak Terdaftar,2024,1,,,,,,43.0,39.0,4.0,90.7,1.0,1.0,1.0,0.0,0.0,0.0,0.0,,,,,,,,,,,,0.0,,,,,,,,,,,,,50-59
P140,Perempuan,SMA/Sederajat,PPNPN,PPNPN,-,sistem_lama,0,Tidak Terdaftar,2025,1,0.0,0.0,0.0,,,34.0,34.0,0.0,100.0,0.0,0.0,0.0,0.0,0.0,0.0,0.0,,,,,,,,,,,,0.0,,,,,,,,,,,,,50-59
P140,Perempuan,SMA/Sederajat,PPNPN,PPNPN,-,sistem_lama,0,Tidak Terdaftar,2026,0,0.0,0.0,0.0,,,0.0,0.0,0.0,,0.0,0.0,,0.0,0.0,0.0,0.0,,,,,,,,,,,,0.0,,,,,,,,,,0.0,,,50-59
P141,Laki-laki,S2,PNS,Fungsional,Penata Tk. I/IIId,sistem_lama,0,Tidak Terdaftar,2023,1,,,,,,0.0,0.0,0.0,,5.0,5.0,5.0,0.0,0.0,0.0,0.0,,,,,,,,,,,,0.0,,,,,,,,,,,,,50-59
P141,Laki-laki,S2,PNS,Fungsional,Penata Tk. I/IIId,sistem_lama,0,Tidak Terdaftar,2024,0,,,,,,0.0,0.0,0.0,,0.0,0.0,0.0,0.0,0.0,0.0,0.0,,,,,,,,,,,,0.0,,,,,,,,,,,,,60+
P141,Laki-laki,S2,PNS,Fungsional,Penata Tk. I/IIId,sistem_lama,0,Tidak Terdaftar,2025,0,0.0,0.0,0.0,,,0.0,0.0,0.0,,0.0,0.0,0.0,0.0,0.0,0.0,0.0,,,,,,,,,,,,0.0,,,,,,,,,,,,,60+
P141,Laki-laki,S2,PNS,Fungsional,Penata Tk. I/IIId,sistem_lama,0,Tidak Terdaftar,2026,0,0.0,0.0,0.0,,,0.0,0.0,0.0,,0.0,0.0,,0.0,0.0,0.0,0.0,,,,,,,,,,,,0.0,,,,,,,,,,0.0,,,60+
P142,Laki-laki,SMA/Sederajat,PPNPN,PPNPN,-,sistem_lama,0,Tidak Terdaftar,2023,1,,,,,,28.0,13.0,15.0,46.43,1.0,1.0,1.0,0.0,0.0,0.0,0.0,,,,,,,,,,,,0.0,,,,,,,,,,,,,<30
P142,Laki-laki,SMA/Sederajat,PPNPN,PPNPN,-,sistem_lama,0,Tidak Terdaftar,2024,1,,,,,,43.0,34.0,9.0,79.07,1.0,1.0,1.0,0.0,0.0,0.0,0.0,,,,,,,,,,,,0.0,,,,,,,,,,,,,<30
P142,Laki-laki,SMA/Sederajat,PPNPN,PPNPN,-,sistem_lama,0,Tidak Terdaftar,2025,0,0.0,0.0,0.0,,,0.0,0.0,0.0,,0.0,0.0,0.0,0.0,0.0,0.0,0.0,,,,,,,,,,,,0.0,,,,,,,,,,,,,<30
P142,Laki-laki,SMA/Sederajat,PPNPN,PPNPN,-,sistem_lama,0,Tidak Terdaftar,2026,0,0.0,0.0,0.0,,,0.0,0.0,0.0,,0.0,0.0,,0.0,0.0,0.0,0.0,,,,,,,,,,,,0.0,,,,,,,,,,0.0,,,30-39
P143,Perempuan,SMA/SMK,Pelaksana,PPPK PW,V,sistem_baru,1,Aktif,2023,1,,,,,,28.0,26.0,2.0,92.86,0.0,0.0,0.0,0.0,0.0,0.0,0.0,,,,,,,,,,,,0.0,,,,,,,,,,,,,<30
P143,Perempuan,SMA/SMK,Pelaksana,PPPK PW,V,sistem_baru,1,Aktif,2024,1,,,,,,43.0,43.0,0.0,100.0,0.0,0.0,0.0,0.0,0.0,0.0,0.0,,,,,,,,,,,,0.0,,,,,,,,,,,,,30-39
P143,Perempuan,SMA/SMK,Pelaksana,PPPK PW,V,sistem_baru,1,Aktif,2025,1,0.0,0.0,0.0,,,34.0,33.0,1.0,97.06,0.0,0.0,0.0,0.0,0.0,0.0,0.0,,,,,,,,,,,,0.0,Baik,0.0,1.0,3.0,0.0,,,,,,,Tahunan,30-39
P143,Perempuan,SMA/SMK,Pelaksana,PPPK PW,V,sistem_baru,1,Aktif,2026,1,125.0,125.0,122.0,6.98,9.76,18.0,18.0,0.0,100.0,2.0,2.0,,1.0,0.0,1.0,0.0,,,,,,,,,,,,0.0,Baik,0.0,,,,Baik,0.0,Baik,0.0,2.0,0.0,Triwulan (terkini),30-39
P144,Laki-laki,S1,Pelaksana,PNS,III/d,keduanya,0,Tidak Aktif,2023,1,,,,,,28.0,20.0,8.0,71.43,34.0,34.0,34.0,1.0,1.0,1.0,0.0,3.0,2.0,3.0,3.0,3.0,2.0,3.0,3.0,3.0,25.0,92.59,1.0,,,,,,,,,,,,,50-59
P144,Laki-laki,S1,Pelaksana,PNS,III/d,keduanya,0,Tidak Aktif,2024,1,,,,,,43.0,17.0,26.0,39.53,33.0,33.0,33.0,1.0,1.0,2.0,0.0,3.0,2.0,3.0,3.0,3.0,2.0,3.0,3.0,3.0,25.0,92.59,1.0,Sangat Baik,1.0,1.0,12.0,0.0,,,,,,,Tahunan,50-59
P144,Laki-laki,S1,Pelaksana,PNS,III/d,keduanya,0,Tidak Aktif,2025,1,115.0,94.0,83.0,7.32,9.5,34.0,7.0,27.0,20.59,24.0,24.0,24.0,0.0,0.0,2.0,0.0,3.0,2.0,3.0,3.0,3.0,2.0,3.0,3.0,3.0,25.0,92.59,1.0,Sangat Baik,1.0,1.0,11.0,0.0,,,,,,,Tahunan,50-59
P144,Laki-laki,S1,Pelaksana,PNS,III/d,keduanya,0,Tidak Aktif,2026,1,71.0,60.0,64.0,7.54,9.57,15.0,2.0,13.0,13.33,9.0,9.0,,0.0,0.0,2.0,0.0,3.0,2.0,3.0,3.0,3.0,2.0,3.0,3.0,3.0,25.0,92.59,1.0,Baik,0.0,,,,Baik,0.0,,,1.0,,Triwulan (terkini),50-59
P145,Laki-laki,S1/D4,PNS,Fungsional Umum,Penata Tk. I/IIId,sistem_lama,0,Tidak Terdaftar,2023,0,,,,,,0.0,0.0,0.0,,0.0,0.0,0.0,0.0,0.0,0.0,0.0,,,,,,,,,,,,0.0,,,,,,,,,,,,,60+
P145,Laki-laki,S1/D4,PNS,Fungsional Umum,Penata Tk. I/IIId,sistem_lama,0,Tidak Terdaftar,2024,0,,,,,,0.0,0.0,0.0,,0.0,0.0,0.0,0.0,0.0,0.0,0.0,,,,,,,,,,,,0.0,,,,,,,,,,,,,60+
P145,Laki-laki,S1/D4,PNS,Fungsional Umum,Penata Tk. I/IIId,sistem_lama,0,Tidak Terdaftar,2025,0,0.0,0.0,0.0,,,0.0,0.0,0.0,,0.0,0.0,0.0,0.0,0.0,0.0,0.0,,,,,,,,,,,,0.0,,,,,,,,,,,,,60+
P145,Laki-laki,S1/D4,PNS,Fungsional Umum,Penata Tk. I/IIId,sistem_lama,0,Tidak Terdaftar,2026,0,0.0,0.0,0.0,,,0.0,0.0,0.0,,0.0,0.0,,0.0,0.0,0.0,0.0,,,,,,,,,,,,0.0,,,,,,,,,,0.0,,,60+
P146,Laki-laki,S1,Fungsional,PNS,III/b,keduanya,1,Aktif,2023,1,,,,,,28.0,21.0,7.0,75.0,11.0,11.0,11.0,6.0,5.0,11.0,0.0,2.0,2.0,2.0,1.0,2.0,1.0,2.0,1.0,2.0,15.0,55.56,1.0,,,,,,,,,,,,,50-59
P146,Laki-laki,S1,Fungsional,PNS,III/b,keduanya,1,Aktif,2024,1,,,,,,43.0,33.0,10.0,76.74,15.0,15.0,14.0,1.0,1.0,12.0,0.0,2.0,2.0,2.0,1.0,2.0,1.0,2.0,1.0,2.0,15.0,55.56,1.0,Baik,0.0,1.0,12.0,0.0,,,,,,,Tahunan,50-59
P146,Laki-laki,S1,Fungsional,PNS,III/b,keduanya,1,Aktif,2025,1,186.0,186.0,177.0,7.79,8.88,34.0,15.0,19.0,44.12,8.0,8.0,8.0,1.0,1.0,13.0,0.0,2.0,2.0,2.0,1.0,2.0,1.0,2.0,1.0,2.0,15.0,55.56,1.0,Sangat Baik,1.0,1.0,11.0,0.0,,,,,,,Tahunan,50-59
P146,Laki-laki,S1,Fungsional,PNS,III/b,keduanya,1,Aktif,2026,1,117.0,117.0,114.0,7.55,8.95,18.0,12.0,6.0,66.67,9.0,9.0,,0.0,0.0,13.0,0.0,2.0,2.0,2.0,1.0,2.0,1.0,2.0,1.0,2.0,15.0,55.56,1.0,Sangat Baik,1.0,,,,Baik,0.0,Sangat Baik,1.0,2.0,0.0,Triwulan (terkini),50-59
P147,Laki-laki,SMA/Sederajat,PNS,Pelaksana,Penata Muda Tk. I/IIIb,sistem_lama,0,Tidak Terdaftar,2023,1,,,,,,28.0,9.0,19.0,32.14,1.0,1.0,1.0,0.0,0.0,0.0,0.0,,,,,,,,,,,,0.0,,,,,,,,,,,,,50-59
P147,Laki-laki,SMA/Sederajat,PNS,Pelaksana,Penata Muda Tk. I/IIIb,sistem_lama,0,Tidak Terdaftar,2024,1,,,,,,43.0,17.0,26.0,39.53,3.0,3.0,3.0,0.0,0.0,0.0,0.0,,,,,,,,,,,,0.0,Sangat Baik,1.0,1.0,12.0,0.0,,,,,,,Tahunan,50-59
P147,Laki-laki,SMA/Sederajat,PNS,Pelaksana,Penata Muda Tk. I/IIIb,sistem_lama,0,Tidak Terdaftar,2025,1,132.0,130.0,111.0,7.44,8.65,24.0,7.0,17.0,29.17,2.0,2.0,2.0,0.0,0.0,0.0,0.0,,,,,,,,,,,,0.0,Baik,0.0,1.0,7.0,0.0,,,,,,,Tahunan,50-59
P147,Laki-laki,SMA/Sederajat,PNS,Pelaksana,Penata Muda Tk. I/IIIb,sistem_lama,0,Tidak Terdaftar,2026,0,0.0,0.0,0.0,,,0.0,0.0,0.0,,0.0,0.0,,0.0,0.0,0.0,0.0,,,,,,,,,,,,0.0,,,,,,,,,,0.0,,,50-59
P148,Laki-laki,S1/D4,PNS,Fungsional Umum,Penata Tk. I/IIId,sistem_lama,0,Tidak Terdaftar,2023,0,,,,,,0.0,0.0,0.0,,0.0,0.0,0.0,0.0,0.0,0.0,0.0,,,,,,,,,,,,0.0,,,,,,,,,,,,,50-59
P148,Laki-laki,S1/D4,PNS,Fungsional Umum,Penata Tk. I/IIId,sistem_lama,0,Tidak Terdaftar,2024,0,,,,,,0.0,0.0,0.0,,0.0,0.0,0.0,0.0,0.0,0.0,0.0,,,,,,,,,,,,0.0,,,,,,,,,,,,,50-59
P148,Laki-laki,S1/D4,PNS,Fungsional Umum,Penata Tk. I/IIId,sistem_lama,0,Tidak Terdaftar,2025,0,0.0,0.0,0.0,,,0.0,0.0,0.0,,0.0,0.0,0.0,0.0,0.0,0.0,0.0,,,,,,,,,,,,0.0,,,,,,,,,,,,,60+
P148,Laki-laki,S1/D4,PNS,Fungsional Umum,Penata Tk. I/IIId,sistem_lama,0,Tidak Terdaftar,2026,0,0.0,0.0,0.0,,,0.0,0.0,0.0,,0.0,0.0,,0.0,0.0,0.0,0.0,,,,,,,,,,,,0.0,,,,,,,,,,0.0,,,60+
P149,Perempuan,S1,Pelaksana,PNS,III/d,keduanya,1,Aktif,2023,1,,,,,,28.0,25.0,3.0,89.29,12.0,12.0,12.0,2.0,2.0,6.0,0.0,1.0,1.0,1.0,1.0,2.0,2.0,1.0,3.0,3.0,15.0,55.56,1.0,,,,,,,,,,,,,50-59
P149,Perempuan,S1,Pelaksana,PNS,III/d,keduanya,1,Aktif,2024,1,,,,,,43.0,23.0,20.0,53.49,19.0,19.0,19.0,0.0,0.0,6.0,0.0,1.0,1.0,1.0,1.0,2.0,2.0,1.0,3.0,3.0,15.0,55.56,1.0,Baik,0.0,1.0,12.0,0.0,,,,,,,Tahunan,50-59
P149,Perempuan,S1,Pelaksana,PNS,III/d,keduanya,1,Aktif,2025,1,171.0,139.0,155.0,7.9,8.62,34.0,10.0,24.0,29.41,10.0,10.0,10.0,0.0,0.0,6.0,0.0,1.0,1.0,1.0,1.0,2.0,2.0,1.0,3.0,3.0,15.0,55.56,1.0,Baik,0.0,2.0,11.0,0.0,,,,,,,Tahunan,50-59
P149,Perempuan,S1,Pelaksana,PNS,III/d,keduanya,1,Aktif,2026,1,117.0,116.0,108.0,7.47,8.75,18.0,5.0,13.0,27.78,9.0,9.0,,0.0,0.0,6.0,0.0,1.0,1.0,1.0,1.0,2.0,2.0,1.0,3.0,3.0,15.0,55.56,1.0,Sangat Baik,1.0,,,,Sangat Baik,1.0,Sangat Baik,1.0,2.0,1.0,Triwulan (terkini),50-59
P150,Perempuan,S1,Fungsional,PNS,III/d,keduanya,1,Aktif,2023,1,,,,,,28.0,23.0,5.0,82.14,10.0,10.0,10.0,10.0,10.0,24.0,2.0,2.0,1.0,1.0,1.0,2.0,2.0,2.0,2.0,2.0,15.0,55.56,1.0,,,,,,,,,,,,,40-49
P150,Perempuan,S1,Fungsional,PNS,III/d,keduanya,1,Aktif,2024,1,,,,,,43.0,39.0,4.0,90.7,16.0,16.0,16.0,8.0,6.0,32.0,2.0,2.0,1.0,1.0,1.0,2.0,2.0,2.0,2.0,2.0,15.0,55.56,1.0,Baik,0.0,2.0,12.0,0.0,,,,,,,Tahunan,50-59
P150,Perempuan,S1,Fungsional,PNS,III/d,keduanya,1,Aktif,2025,1,183.0,183.0,168.0,7.11,9.46,34.0,29.0,5.0,85.29,7.0,7.0,7.0,1.0,1.0,33.0,2.0,2.0,1.0,1.0,1.0,2.0,2.0,2.0,2.0,2.0,15.0,55.56,1.0,Baik,0.0,1.0,11.0,0.0,,,,,,,Tahunan,50-59
P150,Perempuan,S1,Fungsional,PNS,III/d,keduanya,1,Aktif,2026,1,129.0,128.0,126.0,7.05,9.75,18.0,18.0,0.0,100.0,6.0,6.0,,0.0,0.0,33.0,2.0,2.0,1.0,1.0,1.0,2.0,2.0,2.0,2.0,2.0,15.0,55.56,1.0,Sangat Baik,1.0,,,,Sangat Baik,1.0,Sangat Baik,1.0,2.0,1.0,Triwulan (terkini),50-59
P151,Laki-laki,SMA/Sederajat,PNS,Fungsional Umum,Penata Muda Tk. I/IIIb,sistem_lama,0,Tidak Terdaftar,2023,0,,,,,,0.0,0.0,0.0,,0.0,0.0,0.0,0.0,0.0,0.0,0.0,,,,,,,,,,,,0.0,,,,,,,,,,,,,50-59
P151,Laki-laki,SMA/Sederajat,PNS,Fungsional Umum,Penata Muda Tk. I/IIIb,sistem_lama,0,Tidak Terdaftar,2024,0,,,,,,0.0,0.0,0.0,,0.0,0.0,0.0,0.0,0.0,0.0,0.0,,,,,,,,,,,,0.0,,,,,,,,,,,,,50-59
P151,Laki-laki,SMA/Sederajat,PNS,Fungsional Umum,Penata Muda Tk. I/IIIb,sistem_lama,0,Tidak Terdaftar,2025,0,0.0,0.0,0.0,,,0.0,0.0,0.0,,0.0,0.0,0.0,0.0,0.0,0.0,0.0,,,,,,,,,,,,0.0,,,,,,,,,,,,,60+
P151,Laki-laki,SMA/Sederajat,PNS,Fungsional Umum,Penata Muda Tk. I/IIIb,sistem_lama,0,Tidak Terdaftar,2026,0,0.0,0.0,0.0,,,0.0,0.0,0.0,,0.0,0.0,,0.0,0.0,0.0,0.0,,,,,,,,,,,,0.0,,,,,,,,,,0.0,,,60+
P152,Laki-laki,S2,PNS,Fungsional,Pembina Utama Muda/IVc,sistem_lama,0,Tidak Terdaftar,2023,1,,,,,,21.0,15.0,6.0,71.43,7.0,7.0,7.0,0.0,0.0,0.0,0.0,,,,,,,,,,,,0.0,,,,,,,,,,,,,50-59
P152,Laki-laki,S2,PNS,Fungsional,Pembina Utama Muda/IVc,sistem_lama,0,Tidak Terdaftar,2024,0,,,,,,0.0,0.0,0.0,,0.0,0.0,0.0,0.0,0.0,0.0,0.0,,,,,,,,,,,,0.0,,,,,,,,,,,,,60+
P152,Laki-laki,S2,PNS,Fungsional,Pembina Utama Muda/IVc,sistem_lama,0,Tidak Terdaftar,2025,0,0.0,0.0,0.0,,,0.0,0.0,0.0,,0.0,0.0,0.0,0.0,0.0,0.0,0.0,,,,,,,,,,,,0.0,,,,,,,,,,,,,60+
P152,Laki-laki,S2,PNS,Fungsional,Pembina Utama Muda/IVc,sistem_lama,0,Tidak Terdaftar,2026,0,0.0,0.0,0.0,,,0.0,0.0,0.0,,0.0,0.0,,0.0,0.0,0.0,0.0,,,,,,,,,,,,0.0,,,,,,,,,,0.0,,,60+
P153,Laki-laki,S2,PNS,Widyaiswara,Pembina/IVa,sistem_lama,0,Tidak Terdaftar,2023,0,,,,,,0.0,0.0,0.0,,0.0,0.0,0.0,0.0,0.0,0.0,0.0,,,,,,,,,,,,0.0,,,,,,,,,,,,,60+
P153,Laki-laki,S2,PNS,Widyaiswara,Pembina/IVa,sistem_lama,0,Tidak Terdaftar,2024,0,,,,,,0.0,0.0,0.0,,0.0,0.0,0.0,0.0,0.0,0.0,0.0,,,,,,,,,,,,0.0,,,,,,,,,,,,,60+
P153,Laki-laki,S2,PNS,Widyaiswara,Pembina/IVa,sistem_lama,0,Tidak Terdaftar,2025,0,0.0,0.0,0.0,,,0.0,0.0,0.0,,0.0,0.0,0.0,0.0,0.0,0.0,0.0,,,,,,,,,,,,0.0,,,,,,,,,,,,,60+
P153,Laki-laki,S2,PNS,Widyaiswara,Pembina/IVa,sistem_lama,0,Tidak Terdaftar,2026,0,0.0,0.0,0.0,,,0.0,0.0,0.0,,0.0,0.0,,0.0,0.0,0.0,0.0,,,,,,,,,,,,0.0,,,,,,,,,,0.0,,,60+
P154,Laki-laki,S2,Fungsional,PNS,IV/b,keduanya,1,Aktif,2023,1,,,,,,28.0,14.0,14.0,50.0,31.0,31.0,31.0,2.0,2.0,18.0,0.0,2.0,2.0,2.0,2.0,1.0,2.0,2.0,1.0,2.0,16.0,59.26,1.0,,,,,,,,,,,,,40-49
P154,Laki-laki,S2,Fungsional,PNS,IV/b,keduanya,1,Aktif,2024,1,,,,,,43.0,31.0,12.0,72.09,31.0,31.0,29.0,0.0,0.0,18.0,0.0,2.0,2.0,2.0,2.0,1.0,2.0,2.0,1.0,2.0,16.0,59.26,1.0,Sangat Baik,1.0,1.0,12.0,0.0,,,,,,,Tahunan,40-49
P154,Laki-laki,S2,Fungsional,PNS,IV/b,keduanya,1,Aktif,2025,1,159.0,156.0,143.0,7.2,9.21,34.0,20.0,14.0,58.82,15.0,15.0,15.0,0.0,0.0,18.0,0.0,2.0,2.0,2.0,2.0,1.0,2.0,2.0,1.0,2.0,16.0,59.26,1.0,Sangat Baik,1.0,1.0,11.0,0.0,,,,,,,Tahunan,40-49
P154,Laki-laki,S2,Fungsional,PNS,IV/b,keduanya,1,Aktif,2026,1,104.0,104.0,101.0,7.25,8.9,18.0,12.0,6.0,66.67,7.0,7.0,,0.0,0.0,18.0,0.0,2.0,2.0,2.0,2.0,1.0,2.0,2.0,1.0,2.0,16.0,59.26,1.0,Sangat Baik,1.0,,,,Sangat Baik,1.0,Sangat Baik,1.0,2.0,1.0,Triwulan (terkini),40-49
P155,Laki-laki,SMA/Sederajat,PNS,Pelaksana,Penata Muda Tk. I/IIIb,sistem_lama,0,Tidak Terdaftar,2023,1,,,,,,28.0,20.0,8.0,71.43,3.0,3.0,3.0,0.0,0.0,0.0,0.0,,,,,,,,,,,,0.0,,,,,,,,,,,,,50-59
P155,Laki-laki,SMA/Sederajat,PNS,Pelaksana,Penata Muda Tk. I/IIIb,sistem_lama,0,Tidak Terdaftar,2024,1,,,,,,32.0,24.0,8.0,75.0,5.0,5.0,4.0,0.0,0.0,0.0,0.0,,,,,,,,,,,,0.0,,,,,,,,,,,,,50-59
P155,Laki-laki,SMA/Sederajat,PNS,Pelaksana,Penata Muda Tk. I/IIIb,sistem_lama,0,Tidak Terdaftar,2025,0,0.0,0.0,0.0,,,0.0,0.0,0.0,,0.0,0.0,0.0,0.0,0.0,0.0,0.0,,,,,,,,,,,,0.0,,,,,,,,,,,,,50-59
P155,Laki-laki,SMA/Sederajat,PNS,Pelaksana,Penata Muda Tk. I/IIIb,sistem_lama,0,Tidak Terdaftar,2026,0,0.0,0.0,0.0,,,0.0,0.0,0.0,,0.0,0.0,,0.0,0.0,0.0,0.0,,,,,,,,,,,,0.0,,,,,,,,,,0.0,,,50-59
P156,Perempuan,S1,Fungsional,PNS,III/d,keduanya,1,Aktif,2023,1,,,,,,28.0,16.0,12.0,57.14,3.0,3.0,3.0,1.0,1.0,1.0,0.0,2.0,2.0,2.0,1.0,1.0,2.0,1.0,2.0,2.0,15.0,55.56,1.0,,,,,,,,,,,,,40-49
P156,Perempuan,S1,Fungsional,PNS,III/d,keduanya,1,Aktif,2024,1,,,,,,43.0,26.0,17.0,60.47,8.0,8.0,8.0,4.0,4.0,5.0,0.0,2.0,2.0,2.0,1.0,1.0,2.0,1.0,2.0,2.0,15.0,55.56,1.0,Baik,0.0,1.0,12.0,0.0,,,,,,,Tahunan,40-49
P156,Perempuan,S1,Fungsional,PNS,III/d,keduanya,1,Aktif,2025,1,195.0,191.0,179.0,7.77,8.47,34.0,12.0,22.0,35.29,3.0,3.0,2.0,1.0,1.0,6.0,0.0,2.0,2.0,2.0,1.0,1.0,2.0,1.0,2.0,2.0,15.0,55.56,1.0,Baik,0.0,1.0,11.0,0.0,,,,,,,Tahunan,40-49
P156,Perempuan,S1,Fungsional,PNS,III/d,keduanya,1,Aktif,2026,1,127.0,127.0,123.0,7.4,8.7,18.0,16.0,2.0,88.89,4.0,4.0,,0.0,0.0,6.0,0.0,2.0,2.0,2.0,1.0,1.0,2.0,1.0,2.0,2.0,15.0,55.56,1.0,Sangat Baik,1.0,,,,Sangat Baik,1.0,Sangat Baik,1.0,2.0,1.0,Triwulan (terkini),40-49
P157,Laki-laki,SMA/SMK,Pelaksana,PNS,III/b,keduanya,1,Aktif,2023,1,,,,,,28.0,26.0,2.0,92.86,2.0,2.0,2.0,1.0,1.0,3.0,0.0,3.0,1.0,2.0,2.0,1.0,1.0,2.0,3.0,1.0,16.0,59.26,1.0,,,,,,,,,,,,,50-59
P157,Laki-laki,SMA/SMK,Pelaksana,PNS,III/b,keduanya,1,Aktif,2024,1,,,,,,43.0,33.0,10.0,76.74,4.0,4.0,4.0,1.0,0.0,4.0,0.0,3.0,1.0,2.0,2.0,1.0,1.0,2.0,3.0,1.0,16.0,59.26,1.0,Baik,0.0,1.0,12.0,0.0,,,,,,,Tahunan,50-59
P157,Laki-laki,SMA/SMK,Pelaksana,PNS,III/b,keduanya,1,Aktif,2025,1,204.0,196.0,151.0,7.55,9.95,34.0,16.0,18.0,47.06,1.0,1.0,1.0,0.0,0.0,4.0,0.0,3.0,1.0,2.0,2.0,1.0,1.0,2.0,3.0,1.0,16.0,59.26,1.0,Baik,0.0,1.0,11.0,0.0,,,,,,,Tahunan,50-59
P157,Laki-laki,SMA/SMK,Pelaksana,PNS,III/b,keduanya,1,Aktif,2026,1,135.0,135.0,120.0,7.35,9.88,18.0,2.0,16.0,11.11,1.0,1.0,,0.0,0.0,4.0,0.0,3.0,1.0,2.0,2.0,1.0,1.0,2.0,3.0,1.0,16.0,59.26,1.0,Baik,0.0,,,,Baik,0.0,Baik,0.0,2.0,0.0,Triwulan (terkini),50-59
P158,Perempuan,S2,Fungsional,PNS,-,keduanya,1,Aktif,2023,0,,,,,,0.0,0.0,0.0,,0.0,0.0,0.0,0.0,0.0,0.0,0.0,2.0,1.0,1.0,1.0,2.0,2.0,2.0,2.0,2.0,15.0,55.56,1.0,,,,,,,,,,,,,<30
P158,Perempuan,S2,Fungsional,PNS,-,keduanya,1,Aktif,2024,0,,,,,,0.0,0.0,0.0,,0.0,0.0,0.0,0.0,0.0,0.0,0.0,2.0,1.0,1.0,1.0,2.0,2.0,2.0,2.0,2.0,15.0,55.56,1.0,,,,,,,,,,,,,<30
P158,Perempuan,S2,Fungsional,PNS,-,keduanya,1,Aktif,2025,1,123.0,122.0,112.0,7.3,9.19,22.0,20.0,2.0,90.91,4.0,4.0,4.0,3.0,3.0,3.0,0.0,2.0,1.0,1.0,1.0,2.0,2.0,2.0,2.0,2.0,15.0,55.56,1.0,Baik,0.0,1.0,7.0,0.0,,,,,,,Tahunan,<30
P158,Perempuan,S2,Fungsional,PNS,-,keduanya,1,Aktif,2026,1,123.0,122.0,122.0,7.22,8.94,18.0,13.0,5.0,72.22,7.0,7.0,,3.0,3.0,6.0,0.0,2.0,1.0,1.0,1.0,2.0,2.0,2.0,2.0,2.0,15.0,55.56,1.0,Baik,0.0,,,,Baik,0.0,Baik,0.0,2.0,0.0,Triwulan (terkini),<30
P159,Laki-laki,SMA/SMK,Pelaksana,PPPK PW,V,sistem_baru,1,Aktif,2023,1,,,,,,28.0,24.0,4.0,85.71,0.0,0.0,0.0,0.0,0.0,0.0,0.0,,,,,,,,,,,,0.0,,,,,,,,,,,,,40-49
P159,Laki-laki,SMA/SMK,Pelaksana,PPPK PW,V,sistem_baru,1,Aktif,2024,1,,,,,,43.0,41.0,2.0,95.35,0.0,0.0,0.0,0.0,0.0,0.0,0.0,,,,,,,,,,,,0.0,,,,,,,,,,,,,40-49
P159,Laki-laki,SMA/SMK,Pelaksana,PPPK PW,V,sistem_baru,1,Aktif,2025,1,0.0,0.0,0.0,,,34.0,33.0,1.0,97.06,0.0,0.0,0.0,0.0,0.0,0.0,0.0,,,,,,,,,,,,0.0,Baik,0.0,1.0,3.0,0.0,,,,,,,Tahunan,40-49
P159,Laki-laki,SMA/SMK,Pelaksana,PPPK PW,V,sistem_baru,1,Aktif,2026,1,99.0,99.0,41.0,6.83,13.75,18.0,15.0,3.0,83.33,1.0,1.0,,0.0,0.0,0.0,0.0,,,,,,,,,,,,0.0,Baik,0.0,,,,Baik,0.0,Baik,0.0,2.0,0.0,Triwulan (terkini),40-49
P160,Laki-laki,S2,PNS,Widyaiswara,Pembina Utama Muda/IVc,sistem_lama,0,Tidak Terdaftar,2023,0,,,,,,0.0,0.0,0.0,,0.0,0.0,0.0,0.0,0.0,0.0,0.0,,,,,,,,,,,,0.0,,,,,,,,,,,,,60+
P160,Laki-laki,S2,PNS,Widyaiswara,Pembina Utama Muda/IVc,sistem_lama,0,Tidak Terdaftar,2024,0,,,,,,0.0,0.0,0.0,,0.0,0.0,0.0,0.0,0.0,0.0,0.0,,,,,,,,,,,,0.0,,,,,,,,,,,,,60+
P160,Laki-laki,S2,PNS,Widyaiswara,Pembina Utama Muda/IVc,sistem_lama,0,Tidak Terdaftar,2025,0,0.0,0.0,0.0,,,0.0,0.0,0.0,,0.0,0.0,0.0,0.0,0.0,0.0,0.0,,,,,,,,,,,,0.0,,,,,,,,,,,,,60+
P160,Laki-laki,S2,PNS,Widyaiswara,Pembina Utama Muda/IVc,sistem_lama,0,Tidak Terdaftar,2026,0,0.0,0.0,0.0,,,0.0,0.0,0.0,,0.0,0.0,,0.0,0.0,0.0,0.0,,,,,,,,,,,,0.0,,,,,,,,,,0.0,,,60+
P161,Laki-laki,SMA/Sederajat,PPNPN,PPNPN,-,sistem_lama,0,Tidak Terdaftar,2023,1,,,,,,28.0,25.0,3.0,89.29,1.0,1.0,1.0,0.0,0.0,0.0,0.0,,,,,,,,,,,,0.0,,,,,,,,,,,,,40-49
P161,Laki-laki,SMA/Sederajat,PPNPN,PPNPN,-,sistem_lama,0,Tidak Terdaftar,2024,1,,,,,,43.0,43.0,0.0,100.0,3.0,3.0,3.0,0.0,0.0,0.0,0.0,,,,,,,,,,,,0.0,,,,,,,,,,,,,40-49
P161,Laki-laki,SMA/Sederajat,PPNPN,PPNPN,-,sistem_lama,0,Tidak Terdaftar,2025,1,0.0,0.0,0.0,,,34.0,33.0,1.0,97.06,0.0,0.0,0.0,0.0,0.0,0.0,0.0,,,,,,,,,,,,0.0,,,,,,,,,,,,,40-49
P161,Laki-laki,SMA/Sederajat,PPNPN,PPNPN,-,sistem_lama,0,Tidak Terdaftar,2026,0,0.0,0.0,0.0,,,0.0,0.0,0.0,,0.0,0.0,,0.0,0.0,0.0,0.0,,,,,,,,,,,,0.0,,,,,,,,,,0.0,,,40-49
P162,Perempuan,S2,Fungsional,PNS,IV/b,keduanya,1,Aktif,2023,1,,,,,,28.0,20.0,8.0,71.43,14.0,14.0,14.0,5.0,5.0,16.0,0.0,2.0,2.0,1.0,2.0,1.0,2.0,2.0,2.0,2.0,16.0,59.26,1.0,,,,,,,,,,,,,40-49
P162,Perempuan,S2,Fungsional,PNS,IV/b,keduanya,1,Aktif,2024,1,,,,,,43.0,37.0,6.0,86.05,23.0,23.0,23.0,1.0,1.0,17.0,0.0,2.0,2.0,1.0,2.0,1.0,2.0,2.0,2.0,2.0,16.0,59.26,1.0,Baik,0.0,1.0,12.0,0.0,,,,,,,Tahunan,40-49
P162,Perempuan,S2,Fungsional,PNS,IV/b,keduanya,1,Aktif,2025,1,157.0,157.0,150.0,7.46,9.05,34.0,21.0,13.0,61.76,16.0,16.0,16.0,0.0,0.0,17.0,0.0,2.0,2.0,1.0,2.0,1.0,2.0,2.0,2.0,2.0,16.0,59.26,1.0,Baik,0.0,1.0,11.0,0.0,,,,,,,Tahunan,40-49
P162,Perempuan,S2,Fungsional,PNS,IV/b,keduanya,1,Aktif,2026,1,122.0,122.0,119.0,7.41,8.77,18.0,13.0,5.0,72.22,3.0,3.0,,0.0,0.0,17.0,0.0,2.0,2.0,1.0,2.0,1.0,2.0,2.0,2.0,2.0,16.0,59.26,1.0,Sangat Baik,1.0,,,,Baik,0.0,Sangat Baik,1.0,2.0,0.0,Triwulan (terkini),40-49
P163,Laki-laki,S1/D4,PNS,Widyaiswara,Penata Tk. I/IIId,sistem_lama,0,Tidak Terdaftar,2023,0,,,,,,0.0,0.0,0.0,,0.0,0.0,0.0,0.0,0.0,0.0,0.0,,,,,,,,,,,,0.0,,,,,,,,,,,,,60+
P163,Laki-laki,S1/D4,PNS,Widyaiswara,Penata Tk. I/IIId,sistem_lama,0,Tidak Terdaftar,2024,0,,,,,,0.0,0.0,0.0,,0.0,0.0,0.0,0.0,0.0,0.0,0.0,,,,,,,,,,,,0.0,,,,,,,,,,,,,60+
P163,Laki-laki,S1/D4,PNS,Widyaiswara,Penata Tk. I/IIId,sistem_lama,0,Tidak Terdaftar,2025,0,0.0,0.0,0.0,,,0.0,0.0,0.0,,0.0,0.0,0.0,0.0,0.0,0.0,0.0,,,,,,,,,,,,0.0,,,,,,,,,,,,,60+
P163,Laki-laki,S1/D4,PNS,Widyaiswara,Penata Tk. I/IIId,sistem_lama,0,Tidak Terdaftar,2026,0,0.0,0.0,0.0,,,0.0,0.0,0.0,,0.0,0.0,,0.0,0.0,0.0,0.0,,,,,,,,,,,,0.0,,,,,,,,,,0.0,,,60+
P164,Laki-laki,SMA/Sederajat,PPNPN,PPNPN,-,sistem_lama,0,Tidak Terdaftar,2023,1,,,,,,28.0,28.0,0.0,100.0,1.0,1.0,1.0,0.0,0.0,0.0,0.0,,,,,,,,,,,,0.0,,,,,,,,,,,,,40-49
P164,Laki-laki,SMA/Sederajat,PPNPN,PPNPN,-,sistem_lama,0,Tidak Terdaftar,2024,1,,,,,,43.0,42.0,1.0,97.67,2.0,2.0,2.0,0.0,0.0,0.0,0.0,,,,,,,,,,,,0.0,,,,,,,,,,,,,40-49
P164,Laki-laki,SMA/Sederajat,PPNPN,PPNPN,-,sistem_lama,0,Tidak Terdaftar,2025,1,0.0,0.0,0.0,,,34.0,31.0,3.0,91.18,0.0,0.0,0.0,0.0,0.0,0.0,0.0,,,,,,,,,,,,0.0,,,,,,,,,,,,,40-49
P164,Laki-laki,SMA/Sederajat,PPNPN,PPNPN,-,sistem_lama,0,Tidak Terdaftar,2026,0,0.0,0.0,0.0,,,0.0,0.0,0.0,,0.0,0.0,,0.0,0.0,0.0,0.0,,,,,,,,,,,,0.0,,,,,,,,,,0.0,,,40-49
P165,Perempuan,S1/D4,PNS,Fungsional Umum,Penata/IIIc,sistem_lama,0,Tidak Terdaftar,2023,0,,,,,,0.0,0.0,0.0,,0.0,0.0,0.0,0.0,0.0,0.0,0.0,,,,,,,,,,,,0.0,,,,,,,,,,,,,60+
P165,Perempuan,S1/D4,PNS,Fungsional Umum,Penata/IIIc,sistem_lama,0,Tidak Terdaftar,2024,0,,,,,,0.0,0.0,0.0,,0.0,0.0,0.0,0.0,0.0,0.0,0.0,,,,,,,,,,,,0.0,,,,,,,,,,,,,60+
P165,Perempuan,S1/D4,PNS,Fungsional Umum,Penata/IIIc,sistem_lama,0,Tidak Terdaftar,2025,0,0.0,0.0,0.0,,,0.0,0.0,0.0,,0.0,0.0,0.0,0.0,0.0,0.0,0.0,,,,,,,,,,,,0.0,,,,,,,,,,,,,60+
P165,Perempuan,S1/D4,PNS,Fungsional Umum,Penata/IIIc,sistem_lama,0,Tidak Terdaftar,2026,0,0.0,0.0,0.0,,,0.0,0.0,0.0,,0.0,0.0,,0.0,0.0,0.0,0.0,,,,,,,,,,,,0.0,,,,,,,,,,0.0,,,60+
P166,Laki-laki,S2,Fungsional,PNS,IV/a,keduanya,1,Aktif,2023,1,,,,,,28.0,16.0,12.0,57.14,25.0,25.0,25.0,0.0,0.0,20.0,0.0,2.0,1.0,2.0,2.0,2.0,2.0,2.0,1.0,2.0,16.0,59.26,1.0,,,,,,,,,,,,,50-59
P166,Laki-laki,S2,Fungsional,PNS,IV/a,keduanya,1,Aktif,2024,1,,,,,,43.0,31.0,12.0,72.09,29.0,29.0,29.0,0.0,0.0,20.0,0.0,2.0,1.0,2.0,2.0,2.0,2.0,2.0,1.0,2.0,16.0,59.26,1.0,Sangat Baik,1.0,1.0,12.0,0.0,,,,,,,Tahunan,50-59
P166,Laki-laki,S2,Fungsional,PNS,IV/a,keduanya,1,Aktif,2025,1,170.0,169.0,154.0,7.22,9.19,34.0,20.0,14.0,58.82,10.0,10.0,10.0,0.0,0.0,20.0,0.0,2.0,1.0,2.0,2.0,2.0,2.0,2.0,1.0,2.0,16.0,59.26,1.0,Sangat Baik,1.0,1.0,11.0,0.0,,,,,,,Tahunan,50-59
P166,Laki-laki,S2,Fungsional,PNS,IV/a,keduanya,1,Aktif,2026,1,119.0,119.0,114.0,7.27,9.03,18.0,10.0,8.0,55.56,10.0,10.0,,0.0,0.0,20.0,0.0,2.0,1.0,2.0,2.0,2.0,2.0,2.0,1.0,2.0,16.0,59.26,1.0,Sangat Baik,1.0,,,,Sangat Baik,1.0,Sangat Baik,1.0,2.0,1.0,Triwulan (terkini),50-59
P167,Laki-laki,SMA/Sederajat,PNS,Pelaksana,Penata Muda Tk. I/IIIb,sistem_lama,0,Tidak Terdaftar,2023,1,,,,,,28.0,3.0,25.0,10.71,6.0,6.0,6.0,0.0,0.0,0.0,0.0,,,,,,,,,,,,0.0,,,,,,,,,,,,,50-59
P167,Laki-laki,SMA/Sederajat,PNS,Pelaksana,Penata Muda Tk. I/IIIb,sistem_lama,0,Tidak Terdaftar,2024,1,,,,,,7.0,3.0,4.0,42.86,1.0,1.0,1.0,0.0,0.0,0.0,0.0,,,,,,,,,,,,0.0,,,,,,,,,,,,,50-59
P167,Laki-laki,SMA/Sederajat,PNS,Pelaksana,Penata Muda Tk. I/IIIb,sistem_lama,0,Tidak Terdaftar,2025,0,0.0,0.0,0.0,,,0.0,0.0,0.0,,0.0,0.0,0.0,0.0,0.0,0.0,0.0,,,,,,,,,,,,0.0,,,,,,,,,,,,,50-59
P167,Laki-laki,SMA/Sederajat,PNS,Pelaksana,Penata Muda Tk. I/IIIb,sistem_lama,0,Tidak Terdaftar,2026,0,0.0,0.0,0.0,,,0.0,0.0,0.0,,0.0,0.0,,0.0,0.0,0.0,0.0,,,,,,,,,,,,0.0,,,,,,,,,,0.0,,,50-59
P168,Perempuan,S1,Fungsional,PNS,-,keduanya,1,Aktif,2023,0,,,,,,0.0,0.0,0.0,,0.0,0.0,0.0,0.0,0.0,0.0,0.0,2.0,1.0,1.0,1.0,2.0,1.0,1.0,1.0,1.0,11.0,40.74,1.0,,,,,,,,,,,,,<30
P168,Perempuan,S1,Fungsional,PNS,-,keduanya,1,Aktif,2024,0,,,,,,0.0,0.0,0.0,,0.0,0.0,0.0,0.0,0.0,0.0,0.0,2.0,1.0,1.0,1.0,2.0,1.0,1.0,1.0,1.0,11.0,40.74,1.0,,,,,,,,,,,,,<30
P168,Perempuan,S1,Fungsional,PNS,-,keduanya,1,Aktif,2025,1,128.0,127.0,118.0,7.16,9.38,22.0,20.0,2.0,90.91,2.0,2.0,2.0,4.0,4.0,4.0,0.0,2.0,1.0,1.0,1.0,2.0,1.0,1.0,1.0,1.0,11.0,40.74,1.0,Baik,0.0,1.0,7.0,0.0,,,,,,,Tahunan,<30
P168,Perempuan,S1,Fungsional,PNS,-,keduanya,1,Aktif,2026,1,128.0,127.0,124.0,7.13,9.01,18.0,15.0,3.0,83.33,6.0,6.0,,0.0,0.0,4.0,0.0,2.0,1.0,1.0,1.0,2.0,1.0,1.0,1.0,1.0,11.0,40.74,1.0,Baik,0.0,,,,Baik,0.0,Baik,0.0,2.0,0.0,Triwulan (terkini),<30
P169,Laki-laki,SMA/Sederajat,PNS,Fungsional Umum,Pengatur Tk. I/IId,sistem_lama,0,Tidak Terdaftar,2023,0,,,,,,0.0,0.0,0.0,,0.0,0.0,0.0,0.0,0.0,0.0,0.0,,,,,,,,,,,,0.0,,,,,,,,,,,,,60+
P169,Laki-laki,SMA/Sederajat,PNS,Fungsional Umum,Pengatur Tk. I/IId,sistem_lama,0,Tidak Terdaftar,2024,0,,,,,,0.0,0.0,0.0,,0.0,0.0,0.0,0.0,0.0,0.0,0.0,,,,,,,,,,,,0.0,,,,,,,,,,,,,60+
P169,Laki-laki,SMA/Sederajat,PNS,Fungsional Umum,Pengatur Tk. I/IId,sistem_lama,0,Tidak Terdaftar,2025,0,0.0,0.0,0.0,,,0.0,0.0,0.0,,0.0,0.0,0.0,0.0,0.0,0.0,0.0,,,,,,,,,,,,0.0,,,,,,,,,,,,,60+
P169,Laki-laki,SMA/Sederajat,PNS,Fungsional Umum,Pengatur Tk. I/IId,sistem_lama,0,Tidak Terdaftar,2026,0,0.0,0.0,0.0,,,0.0,0.0,0.0,,0.0,0.0,,0.0,0.0,0.0,0.0,,,,,,,,,,,,0.0,,,,,,,,,,0.0,,,60+
P170,Laki-laki,S2,Struktural,PNS,IV/a,keduanya,1,Aktif,2023,1,,,,,,28.0,21.0,7.0,75.0,35.0,35.0,35.0,4.0,4.0,41.0,0.0,2.0,2.0,2.0,2.0,1.0,2.0,2.0,2.0,2.0,17.0,62.96,1.0,,,,,,,,,,,,,40-49
P170,Laki-laki,S2,Struktural,PNS,IV/a,keduanya,1,Aktif,2024,1,,,,,,35.0,34.0,1.0,97.14,42.0,42.0,42.0,1.0,1.0,42.0,0.0,2.0,2.0,2.0,2.0,1.0,2.0,2.0,2.0,2.0,17.0,62.96,1.0,Baik,0.0,1.0,9.0,0.0,,,,,,,Tahunan,40-49
P170,Laki-laki,S2,Struktural,PNS,IV/a,keduanya,1,Aktif,2025,1,13.0,11.0,9.0,7.17,10.27,4.0,2.0,2.0,50.0,9.0,9.0,9.0,0.0,0.0,42.0,0.0,2.0,2.0,2.0,2.0,1.0,2.0,2.0,2.0,2.0,17.0,62.96,1.0,Sangat Baik,1.0,1.0,3.0,0.0,,,,,,,Tahunan,40-49
P170,Laki-laki,S2,Struktural,PNS,IV/a,keduanya,1,Aktif,2026,1,72.0,72.0,69.0,7.23,9.76,18.0,15.0,3.0,83.33,22.0,22.0,,0.0,0.0,42.0,0.0,2.0,2.0,2.0,2.0,1.0,2.0,2.0,2.0,2.0,17.0,62.96,1.0,Sangat Baik,1.0,,,,Sangat Baik,1.0,Sangat Baik,1.0,2.0,1.0,Triwulan (terkini),50-59
P171,Perempuan,SMA/SMK,Pelaksana,PPPK,V,keduanya,1,Aktif,2023,1,,,,,,28.0,27.0,1.0,96.43,1.0,1.0,1.0,0.0,0.0,0.0,0.0,,,,,,,,,,,,0.0,,,,,,,,,,,,,30-39
P171,Perempuan,SMA/SMK,Pelaksana,PPPK,V,keduanya,1,Aktif,2024,1,,,,,,43.0,38.0,5.0,88.37,1.0,1.0,1.0,0.0,0.0,0.0,0.0,,,,,,,,,,,,0.0,,,,,,,,,,,,,30-39
P171,Perempuan,SMA/SMK,Pelaksana,PPPK,V,keduanya,1,Aktif,2025,1,61.0,61.0,45.0,6.41,8.94,34.0,33.0,1.0,97.06,2.0,2.0,2.0,0.0,0.0,0.0,0.0,,,,,,,,,,,,0.0,Baik,0.0,1.0,4.0,0.0,,,,,,,Tahunan,30-39
P171,Perempuan,SMA/SMK,Pelaksana,PPPK,V,keduanya,1,Aktif,2026,1,151.0,151.0,145.0,6.44,9.72,18.0,18.0,0.0,100.0,1.0,1.0,,0.0,0.0,0.0,0.0,,,,,,,,,,,,0.0,Baik,0.0,,,,Baik,0.0,Baik,0.0,2.0,0.0,Triwulan (terkini),30-39
P172,Perempuan,SMA/Sederajat,PNS,Pelaksana,Penata Muda Tk. I/IIIb,sistem_lama,0,Tidak Terdaftar,2023,1,,,,,,28.0,26.0,2.0,92.86,3.0,3.0,3.0,0.0,0.0,0.0,0.0,,,,,,,,,,,,0.0,,,,,,,,,,,,,50-59
P172,Perempuan,SMA/Sederajat,PNS,Pelaksana,Penata Muda Tk. I/IIIb,sistem_lama,0,Tidak Terdaftar,2024,1,,,,,,43.0,38.0,5.0,88.37,5.0,5.0,5.0,0.0,0.0,0.0,0.0,,,,,,,,,,,,0.0,Sangat Baik,1.0,1.0,12.0,0.0,,,,,,,Tahunan,50-59
P172,Perempuan,SMA/Sederajat,PNS,Pelaksana,Penata Muda Tk. I/IIIb,sistem_lama,0,Tidak Terdaftar,2025,1,110.0,108.0,108.0,7.09,9.29,20.0,17.0,3.0,85.0,1.0,1.0,1.0,0.0,0.0,0.0,0.0,,,,,,,,,,,,0.0,Baik,0.0,1.0,11.0,0.0,,,,,,,Tahunan,50-59
P172,Perempuan,SMA/Sederajat,PNS,Pelaksana,Penata Muda Tk. I/IIIb,sistem_lama,0,Tidak Terdaftar,2026,0,0.0,0.0,0.0,,,0.0,0.0,0.0,,0.0,0.0,,0.0,0.0,0.0,0.0,,,,,,,,,,,,0.0,,,,,,,,,,0.0,,,50-59
P173,Perempuan,SMA/SMK,Pelaksana,PPPK PW,,sistem_baru,1,Aktif,2023,1,,,,,,28.0,28.0,0.0,100.0,0.0,0.0,0.0,0.0,0.0,0.0,0.0,,,,,,,,,,,,0.0,,,,,,,,,,,,,40-49
P173,Perempuan,SMA/SMK,Pelaksana,PPPK PW,,sistem_baru,1,Aktif,2024,1,,,,,,43.0,41.0,2.0,95.35,0.0,0.0,0.0,0.0,0.0,0.0,0.0,,,,,,,,,,,,0.0,,,,,,,,,,,,,40-49
P173,Perempuan,SMA/SMK,Pelaksana,PPPK PW,,sistem_baru,1,Aktif,2025,1,0.0,0.0,0.0,,,34.0,34.0,0.0,100.0,0.0,0.0,0.0,0.0,0.0,0.0,0.0,,,,,,,,,,,,0.0,Baik,0.0,1.0,3.0,0.0,,,,,,,Tahunan,50-59
P173,Perempuan,SMA/SMK,Pelaksana,PPPK PW,,sistem_baru,1,Aktif,2026,1,137.0,136.0,117.0,6.2,8.83,18.0,18.0,0.0,100.0,2.0,2.0,,0.0,0.0,0.0,0.0,,,,,,,,,,,,0.0,Baik,0.0,,,,Baik,0.0,Baik,0.0,2.0,0.0,Triwulan (terkini),50-59
P174,Laki-laki,SMA/SMK,Pelaksana,PPPK PW,,sistem_baru,1,Aktif,2023,1,,,,,,28.0,22.0,6.0,78.57,0.0,0.0,0.0,0.0,0.0,0.0,0.0,,,,,,,,,,,,0.0,,,,,,,,,,,,,40-49
P174,Laki-laki,SMA/SMK,Pelaksana,PPPK PW,,sistem_baru,1,Aktif,2024,1,,,,,,43.0,41.0,2.0,95.35,0.0,0.0,0.0,0.0,0.0,0.0,0.0,,,,,,,,,,,,0.0,,,,,,,,,,,,,40-49
P174,Laki-laki,SMA/SMK,Pelaksana,PPPK PW,,sistem_baru,1,Aktif,2025,1,0.0,0.0,0.0,,,34.0,32.0,2.0,94.12,0.0,0.0,0.0,0.0,0.0,0.0,0.0,,,,,,,,,,,,0.0,Baik,0.0,1.0,3.0,0.0,,,,,,,Tahunan,40-49
P174,Laki-laki,SMA/SMK,Pelaksana,PPPK PW,,sistem_baru,1,Aktif,2026,1,99.0,98.0,38.0,6.89,12.65,18.0,16.0,2.0,88.89,2.0,2.0,,0.0,0.0,0.0,0.0,,,,,,,,,,,,0.0,Baik,0.0,,,,Baik,0.0,Baik,0.0,2.0,0.0,Triwulan (terkini),40-49
P175,Laki-laki,S2,PPNPN,PPNPN,-,sistem_lama,0,Tidak Terdaftar,2023,0,,,,,,0.0,0.0,0.0,,0.0,0.0,0.0,0.0,0.0,0.0,0.0,,,,,,,,,,,,0.0,,,,,,,,,,,,,60+
P175,Laki-laki,S2,PPNPN,PPNPN,-,sistem_lama,0,Tidak Terdaftar,2024,0,,,,,,0.0,0.0,0.0,,0.0,0.0,0.0,0.0,0.0,0.0,0.0,,,,,,,,,,,,0.0,,,,,,,,,,,,,60+
P175,Laki-laki,S2,PPNPN,PPNPN,-,sistem_lama,0,Tidak Terdaftar,2025,0,0.0,0.0,0.0,,,0.0,0.0,0.0,,0.0,0.0,0.0,0.0,0.0,0.0,0.0,,,,,,,,,,,,0.0,,,,,,,,,,,,,60+
P175,Laki-laki,S2,PPNPN,PPNPN,-,sistem_lama,0,Tidak Terdaftar,2026,0,0.0,0.0,0.0,,,0.0,0.0,0.0,,0.0,0.0,,0.0,0.0,0.0,0.0,,,,,,,,,,,,0.0,,,,,,,,,,0.0,,,60+
P176,Perempuan,SMA/Sederajat,PPNPN,PPNPN,-,sistem_lama,0,Tidak Terdaftar,2023,1,,,,,,28.0,26.0,2.0,92.86,2.0,2.0,2.0,0.0,0.0,0.0,0.0,,,,,,,,,,,,0.0,,,,,,,,,,,,,<30
P176,Perempuan,SMA/Sederajat,PPNPN,PPNPN,-,sistem_lama,0,Tidak Terdaftar,2024,1,,,,,,43.0,43.0,0.0,100.0,3.0,3.0,3.0,0.0,0.0,0.0,0.0,,,,,,,,,,,,0.0,,,,,,,,,,,,,30-39
P176,Perempuan,SMA/Sederajat,PPNPN,PPNPN,-,sistem_lama,0,Tidak Terdaftar,2025,1,0.0,0.0,0.0,,,34.0,33.0,1.0,97.06,1.0,1.0,1.0,0.0,0.0,0.0,0.0,,,,,,,,,,,,0.0,,,,,,,,,,,,,30-39
P176,Perempuan,SMA/Sederajat,PPNPN,PPNPN,-,sistem_lama,0,Tidak Terdaftar,2026,0,0.0,0.0,0.0,,,0.0,0.0,0.0,,0.0,0.0,,0.0,0.0,0.0,0.0,,,,,,,,,,,,0.0,,,,,,,,,,0.0,,,30-39
P177,Laki-laki,S1/D4,PNS,Pelaksana,Penata Tk. I/IIId,sistem_lama,0,Tidak Terdaftar,2023,1,,,,,,28.0,24.0,4.0,85.71,9.0,9.0,9.0,0.0,0.0,0.0,0.0,,,,,,,,,,,,0.0,,,,,,,,,,,,,50-59
P177,Laki-laki,S1/D4,PNS,Pelaksana,Penata Tk. I/IIId,sistem_lama,0,Tidak Terdaftar,2024,1,,,,,,24.0,19.0,5.0,79.17,11.0,11.0,10.0,0.0,0.0,0.0,0.0,,,,,,,,,,,,0.0,,,,,,,,,,,,,50-59
P177,Laki-laki,S1/D4,PNS,Pelaksana,Penata Tk. I/IIId,sistem_lama,0,Tidak Terdaftar,2025,0,0.0,0.0,0.0,,,0.0,0.0,0.0,,0.0,0.0,0.0,0.0,0.0,0.0,0.0,,,,,,,,,,,,0.0,,,,,,,,,,,,,50-59
P177,Laki-laki,S1/D4,PNS,Pelaksana,Penata Tk. I/IIId,sistem_lama,0,Tidak Terdaftar,2026,0,0.0,0.0,0.0,,,0.0,0.0,0.0,,0.0,0.0,,0.0,0.0,0.0,0.0,,,,,,,,,,,,0.0,,,,,,,,,,0.0,,,50-59
P178,Laki-laki,S1,Fungsional,PPPK,IX,keduanya,1,Aktif,2023,1,,,,,,28.0,15.0,13.0,53.57,5.0,5.0,5.0,1.0,1.0,2.0,0.0,2.0,1.0,2.0,1.0,1.0,1.0,1.0,2.0,1.0,12.0,44.44,1.0,,,,,,,,,,,,,<30
P178,Laki-laki,S1,Fungsional,PPPK,IX,keduanya,1,Aktif,2024,1,,,,,,43.0,31.0,12.0,72.09,7.0,7.0,7.0,3.0,3.0,5.0,0.0,2.0,1.0,2.0,1.0,1.0,1.0,1.0,2.0,1.0,12.0,44.44,1.0,Baik,0.0,1.0,9.0,0.0,,,,,,,Tahunan,<30
P178,Laki-laki,S1,Fungsional,PPPK,IX,keduanya,1,Aktif,2025,1,206.0,199.0,187.0,7.66,9.32,34.0,25.0,9.0,73.53,5.0,5.0,5.0,1.0,1.0,6.0,0.0,2.0,1.0,2.0,1.0,1.0,1.0,1.0,2.0,1.0,12.0,44.44,1.0,Baik,0.0,1.0,11.0,0.0,,,,,,,Tahunan,<30
P178,Laki-laki,S1,Fungsional,PPPK,IX,keduanya,1,Aktif,2026,1,125.0,122.0,122.0,7.15,9.87,18.0,16.0,2.0,88.89,6.0,6.0,,0.0,0.0,6.0,0.0,2.0,1.0,2.0,1.0,1.0,1.0,1.0,2.0,1.0,12.0,44.44,1.0,Sangat Baik,1.0,,,,Sangat Baik,1.0,Sangat Baik,1.0,2.0,1.0,Triwulan (terkini),30-39
P179,Laki-laki,S1/D4,PNS,Pelaksana,Penata Tk. I/IIId,sistem_lama,0,Tidak Terdaftar,2023,1,,,,,,28.0,26.0,2.0,92.86,10.0,10.0,10.0,0.0,0.0,0.0,0.0,,,,,,,,,,,,0.0,,,,,,,,,,,,,50-59
P179,Laki-laki,S1/D4,PNS,Pelaksana,Penata Tk. I/IIId,sistem_lama,0,Tidak Terdaftar,2024,1,,,,,,43.0,39.0,4.0,90.7,14.0,14.0,14.0,0.0,0.0,0.0,0.0,,,,,,,,,,,,0.0,Sangat Baik,1.0,2.0,10.0,1.0,,,,,,,Tahunan,50-59
P179,Laki-laki,S1/D4,PNS,Pelaksana,Penata Tk. I/IIId,sistem_lama,0,Tidak Terdaftar,2025,1,54.0,54.0,49.0,7.2,9.36,10.0,8.0,2.0,80.0,0.0,0.0,0.0,0.0,0.0,0.0,0.0,,,,,,,,,,,,0.0,Baik,0.0,1.0,3.0,0.0,,,,,,,Tahunan,50-59
P179,Laki-laki,S1/D4,PNS,Pelaksana,Penata Tk. I/IIId,sistem_lama,0,Tidak Terdaftar,2026,0,0.0,0.0,0.0,,,0.0,0.0,0.0,,0.0,0.0,,0.0,0.0,0.0,0.0,,,,,,,,,,,,0.0,,,,,,,,,,0.0,,,50-59
P180,Laki-laki,S2,PNS,Widyaiswara,Pembina Tk. I/IVb,sistem_lama,0,Tidak Terdaftar,2023,0,,,,,,0.0,0.0,0.0,,0.0,0.0,0.0,0.0,0.0,0.0,0.0,,,,,,,,,,,,0.0,,,,,,,,,,,,,60+
P180,Laki-laki,S2,PNS,Widyaiswara,Pembina Tk. I/IVb,sistem_lama,0,Tidak Terdaftar,2024,0,,,,,,0.0,0.0,0.0,,0.0,0.0,0.0,0.0,0.0,0.0,0.0,,,,,,,,,,,,0.0,,,,,,,,,,,,,60+
P180,Laki-laki,S2,PNS,Widyaiswara,Pembina Tk. I/IVb,sistem_lama,0,Tidak Terdaftar,2025,0,0.0,0.0,0.0,,,0.0,0.0,0.0,,0.0,0.0,0.0,0.0,0.0,0.0,0.0,,,,,,,,,,,,0.0,,,,,,,,,,,,,60+
P180,Laki-laki,S2,PNS,Widyaiswara,Pembina Tk. I/IVb,sistem_lama,0,Tidak Terdaftar,2026,0,0.0,0.0,0.0,,,0.0,0.0,0.0,,0.0,0.0,,0.0,0.0,0.0,0.0,,,,,,,,,,,,0.0,,,,,,,,,,0.0,,,60+
P181,Laki-laki,S1/D4,PNS,Fungsional Umum,Penata Tk. I/IIId,sistem_lama,0,Tidak Terdaftar,2023,0,,,,,,0.0,0.0,0.0,,0.0,0.0,0.0,0.0,0.0,0.0,0.0,,,,,,,,,,,,0.0,,,,,,,,,,,,,50-59
P181,Laki-laki,S1/D4,PNS,Fungsional Umum,Penata Tk. I/IIId,sistem_lama,0,Tidak Terdaftar,2024,0,,,,,,0.0,0.0,0.0,,0.0,0.0,0.0,0.0,0.0,0.0,0.0,,,,,,,,,,,,0.0,,,,,,,,,,,,,50-59
P181,Laki-laki,S1/D4,PNS,Fungsional Umum,Penata Tk. I/IIId,sistem_lama,0,Tidak Terdaftar,2025,0,0.0,0.0,0.0,,,0.0,0.0,0.0,,0.0,0.0,0.0,0.0,0.0,0.0,0.0,,,,,,,,,,,,0.0,,,,,,,,,,,,,50-59
P181,Laki-laki,S1/D4,PNS,Fungsional Umum,Penata Tk. I/IIId,sistem_lama,0,Tidak Terdaftar,2026,0,0.0,0.0,0.0,,,0.0,0.0,0.0,,0.0,0.0,,0.0,0.0,0.0,0.0,,,,,,,,,,,,0.0,,,,,,,,,,0.0,,,50-59
P182,Laki-laki,S1,Pelaksana,PNS,III/d,keduanya,1,Aktif,2023,1,,,,,,28.0,27.0,1.0,96.43,8.0,8.0,8.0,3.0,3.0,3.0,0.0,1.0,2.0,2.0,2.0,2.0,2.0,2.0,1.0,2.0,16.0,59.26,1.0,,,,,,,,,,,,,40-49
P182,Laki-laki,S1,Pelaksana,PNS,III/d,keduanya,1,Aktif,2024,1,,,,,,43.0,35.0,8.0,81.4,17.0,17.0,16.0,2.0,2.0,5.0,0.0,1.0,2.0,2.0,2.0,2.0,2.0,2.0,1.0,2.0,16.0,59.26,1.0,Sangat Baik,1.0,1.0,10.0,0.0,,,,,,,Tahunan,40-49
P182,Laki-laki,S1,Pelaksana,PNS,III/d,keduanya,1,Aktif,2025,1,174.0,171.0,159.0,7.18,9.15,34.0,13.0,21.0,38.24,14.0,14.0,14.0,0.0,0.0,5.0,0.0,1.0,2.0,2.0,2.0,2.0,2.0,2.0,1.0,2.0,16.0,59.26,1.0,Sangat Baik,1.0,2.0,11.0,0.0,,,,,,,Tahunan,40-49
P182,Laki-laki,S1,Pelaksana,PNS,III/d,keduanya,1,Aktif,2026,1,126.0,124.0,120.0,7.23,9.13,18.0,12.0,6.0,66.67,10.0,10.0,,0.0,0.0,5.0,0.0,1.0,2.0,2.0,2.0,2.0,2.0,2.0,1.0,2.0,16.0,59.26,1.0,Sangat Baik,1.0,,,,Sangat Baik,1.0,Sangat Baik,1.0,2.0,1.0,Triwulan (terkini),50-59
P183,Laki-laki,D1,PPNPN,PPNPN,-,sistem_lama,0,Tidak Terdaftar,2023,1,,,,,,28.0,8.0,20.0,28.57,1.0,1.0,1.0,0.0,0.0,0.0,0.0,,,,,,,,,,,,0.0,,,,,,,,,,,,,30-39
P183,Laki-laki,D1,PPNPN,PPNPN,-,sistem_lama,0,Tidak Terdaftar,2024,1,,,,,,43.0,34.0,9.0,79.07,1.0,1.0,1.0,0.0,0.0,0.0,0.0,,,,,,,,,,,,0.0,,,,,,,,,,,,,30-39
P183,Laki-laki,D1,PPNPN,PPNPN,-,sistem_lama,0,Tidak Terdaftar,2025,1,0.0,0.0,0.0,,,26.0,13.0,13.0,50.0,0.0,0.0,0.0,0.0,0.0,0.0,0.0,,,,,,,,,,,,0.0,,,,,,,,,,,,,30-39
P183,Laki-laki,D1,PPNPN,PPNPN,-,sistem_lama,0,Tidak Terdaftar,2026,0,0.0,0.0,0.0,,,0.0,0.0,0.0,,0.0,0.0,,0.0,0.0,0.0,0.0,,,,,,,,,,,,0.0,,,,,,,,,,0.0,,,30-39
P184,Laki-laki,S2,PNS,Widyaiswara,Pembina Tk. I/IVb,sistem_lama,0,Tidak Terdaftar,2023,0,,,,,,0.0,0.0,0.0,,0.0,0.0,0.0,0.0,0.0,0.0,0.0,,,,,,,,,,,,0.0,,,,,,,,,,,,,60+
P184,Laki-laki,S2,PNS,Widyaiswara,Pembina Tk. I/IVb,sistem_lama,0,Tidak Terdaftar,2024,0,,,,,,0.0,0.0,0.0,,0.0,0.0,0.0,0.0,0.0,0.0,0.0,,,,,,,,,,,,0.0,,,,,,,,,,,,,60+
P184,Laki-laki,S2,PNS,Widyaiswara,Pembina Tk. I/IVb,sistem_lama,0,Tidak Terdaftar,2025,0,0.0,0.0,0.0,,,0.0,0.0,0.0,,0.0,0.0,0.0,0.0,0.0,0.0,0.0,,,,,,,,,,,,0.0,,,,,,,,,,,,,60+
P184,Laki-laki,S2,PNS,Widyaiswara,Pembina Tk. I/IVb,sistem_lama,0,Tidak Terdaftar,2026,0,0.0,0.0,0.0,,,0.0,0.0,0.0,,0.0,0.0,,0.0,0.0,0.0,0.0,,,,,,,,,,,,0.0,,,,,,,,,,0.0,,,60+
P185,Laki-laki,S2,PNS,Widyaiswara,Pembina Tk. I/IVb,sistem_lama,0,Tidak Terdaftar,2023,0,,,,,,0.0,0.0,0.0,,0.0,0.0,0.0,0.0,0.0,0.0,0.0,,,,,,,,,,,,0.0,,,,,,,,,,,,,30-39
P185,Laki-laki,S2,PNS,Widyaiswara,Pembina Tk. I/IVb,sistem_lama,0,Tidak Terdaftar,2024,0,,,,,,0.0,0.0,0.0,,0.0,0.0,0.0,0.0,0.0,0.0,0.0,,,,,,,,,,,,0.0,,,,,,,,,,,,,30-39
P185,Laki-laki,S2,PNS,Widyaiswara,Pembina Tk. I/IVb,sistem_lama,0,Tidak Terdaftar,2025,0,0.0,0.0,0.0,,,0.0,0.0,0.0,,0.0,0.0,0.0,0.0,0.0,0.0,0.0,,,,,,,,,,,,0.0,,,,,,,,,,,,,30-39
P185,Laki-laki,S2,PNS,Widyaiswara,Pembina Tk. I/IVb,sistem_lama,0,Tidak Terdaftar,2026,0,0.0,0.0,0.0,,,0.0,0.0,0.0,,0.0,0.0,,0.0,0.0,0.0,0.0,,,,,,,,,,,,0.0,,,,,,,,,,0.0,,,30-39
P186,Laki-laki,S2,PNS,Widyaiswara,Pembina/IVa,sistem_lama,0,Tidak Terdaftar,2023,0,,,,,,0.0,0.0,0.0,,0.0,0.0,0.0,0.0,0.0,0.0,0.0,,,,,,,,,,,,0.0,,,,,,,,,,,,,60+
P186,Laki-laki,S2,PNS,Widyaiswara,Pembina/IVa,sistem_lama,0,Tidak Terdaftar,2024,0,,,,,,0.0,0.0,0.0,,0.0,0.0,0.0,0.0,0.0,0.0,0.0,,,,,,,,,,,,0.0,,,,,,,,,,,,,60+
P186,Laki-laki,S2,PNS,Widyaiswara,Pembina/IVa,sistem_lama,0,Tidak Terdaftar,2025,0,0.0,0.0,0.0,,,0.0,0.0,0.0,,0.0,0.0,0.0,0.0,0.0,0.0,0.0,,,,,,,,,,,,0.0,,,,,,,,,,,,,60+
P186,Laki-laki,S2,PNS,Widyaiswara,Pembina/IVa,sistem_lama,0,Tidak Terdaftar,2026,0,0.0,0.0,0.0,,,0.0,0.0,0.0,,0.0,0.0,,0.0,0.0,0.0,0.0,,,,,,,,,,,,0.0,,,,,,,,,,0.0,,,60+
P187,Laki-laki,SMA/SMK,Pelaksana,PPPK,V,keduanya,1,Aktif,2023,1,,,,,,28.0,12.0,16.0,42.86,1.0,1.0,1.0,0.0,0.0,0.0,0.0,,,,,,,,,,,,0.0,,,,,,,,,,,,,40-49
P187,Laki-laki,SMA/SMK,Pelaksana,PPPK,V,keduanya,1,Aktif,2024,1,,,,,,43.0,25.0,18.0,58.14,1.0,1.0,1.0,0.0,0.0,0.0,0.0,,,,,,,,,,,,0.0,,,,,,,,,,,,,40-49
P187,Laki-laki,SMA/SMK,Pelaksana,PPPK,V,keduanya,1,Aktif,2025,1,58.0,57.0,54.0,7.02,9.59,34.0,28.0,6.0,82.35,2.0,2.0,2.0,0.0,0.0,0.0,0.0,,,,,,,,,,,,0.0,Baik,0.0,1.0,4.0,0.0,,,,,,,Tahunan,40-49
P187,Laki-laki,SMA/SMK,Pelaksana,PPPK,V,keduanya,1,Aktif,2026,1,138.0,136.0,132.0,7.25,9.51,18.0,16.0,2.0,88.89,1.0,1.0,,0.0,0.0,0.0,0.0,,,,,,,,,,,,0.0,Baik,0.0,,,,Baik,0.0,Baik,0.0,2.0,0.0,Triwulan (terkini),40-49
P188,Laki-laki,SMA/SMK,Pelaksana,PPPK,V,keduanya,1,Aktif,2023,1,,,,,,28.0,13.0,15.0,46.43,1.0,1.0,1.0,0.0,0.0,0.0,0.0,,,,,,,,,,,,0.0,,,,,,,,,,,,,<30
P188,Laki-laki,SMA/SMK,Pelaksana,PPPK,V,keduanya,1,Aktif,2024,1,,,,,,43.0,41.0,2.0,95.35,2.0,2.0,2.0,0.0,0.0,0.0,0.0,,,,,,,,,,,,0.0,,,,,,,,,,,,,<30
P188,Laki-laki,SMA/SMK,Pelaksana,PPPK,V,keduanya,1,Aktif,2025,1,59.0,58.0,53.0,6.6,8.94,34.0,33.0,1.0,97.06,2.0,2.0,2.0,0.0,0.0,0.0,0.0,,,,,,,,,,,,0.0,Baik,0.0,1.0,4.0,0.0,,,,,,,Tahunan,30-39
P188,Laki-laki,SMA/SMK,Pelaksana,PPPK,V,keduanya,1,Aktif,2026,1,139.0,138.0,132.0,6.66,9.51,18.0,18.0,0.0,100.0,1.0,1.0,,0.0,0.0,0.0,0.0,,,,,,,,,,,,0.0,Baik,0.0,,,,Baik,0.0,Baik,0.0,2.0,0.0,Triwulan (terkini),30-39
P189,Laki-laki,SMA/SMK,Pelaksana,PPPK,V,keduanya,1,Aktif,2023,1,,,,,,28.0,24.0,4.0,85.71,1.0,1.0,1.0,0.0,0.0,0.0,0.0,,,,,,,,,,,,0.0,,,,,,,,,,,,,30-39
P189,Laki-laki,SMA/SMK,Pelaksana,PPPK,V,keduanya,1,Aktif,2024,1,,,,,,43.0,42.0,1.0,97.67,1.0,1.0,1.0,0.0,0.0,0.0,0.0,,,,,,,,,,,,0.0,,,,,,,,,,,,,30-39
P189,Laki-laki,SMA/SMK,Pelaksana,PPPK,V,keduanya,1,Aktif,2025,1,57.0,57.0,54.0,7.09,9.22,34.0,32.0,2.0,94.12,2.0,2.0,2.0,0.0,0.0,0.0,0.0,,,,,,,,,,,,0.0,Baik,0.0,1.0,4.0,0.0,,,,,,,Tahunan,40-49
P189,Laki-laki,SMA/SMK,Pelaksana,PPPK,V,keduanya,1,Aktif,2026,1,141.0,139.0,139.0,7.2,8.87,18.0,18.0,0.0,100.0,2.0,2.0,,0.0,0.0,0.0,0.0,,,,,,,,,,,,0.0,Baik,0.0,,,,Baik,0.0,Baik,0.0,2.0,0.0,Triwulan (terkini),40-49
P190,Laki-laki,SMA/SMK,Pelaksana,PPPK PW,,sistem_baru,1,Aktif,2023,1,,,,,,28.0,24.0,4.0,85.71,0.0,0.0,0.0,0.0,0.0,0.0,0.0,,,,,,,,,,,,0.0,,,,,,,,,,,,,30-39
P190,Laki-laki,SMA/SMK,Pelaksana,PPPK PW,,sistem_baru,1,Aktif,2024,1,,,,,,43.0,42.0,1.0,97.67,0.0,0.0,0.0,0.0,0.0,0.0,0.0,,,,,,,,,,,,0.0,,,,,,,,,,,,,30-39
P190,Laki-laki,SMA/SMK,Pelaksana,PPPK PW,,sistem_baru,1,Aktif,2025,1,0.0,0.0,0.0,,,34.0,33.0,1.0,97.06,0.0,0.0,0.0,0.0,0.0,0.0,0.0,,,,,,,,,,,,0.0,Baik,0.0,1.0,3.0,0.0,,,,,,,Tahunan,40-49
P190,Laki-laki,SMA/SMK,Pelaksana,PPPK PW,,sistem_baru,1,Aktif,2026,1,123.0,118.0,118.0,6.86,10.03,18.0,17.0,1.0,94.44,5.0,5.0,,0.0,0.0,0.0,0.0,,,,,,,,,,,,0.0,Baik,0.0,,,,Baik,0.0,Baik,0.0,2.0,0.0,Triwulan (terkini),40-49
P191,Laki-laki,SMA/Sederajat,PPNPN,PPNPN,-,sistem_lama,0,Tidak Terdaftar,2023,1,,,,,,28.0,27.0,1.0,96.43,1.0,1.0,1.0,0.0,0.0,0.0,0.0,,,,,,,,,,,,0.0,,,,,,,,,,,,,40-49
P191,Laki-laki,SMA/Sederajat,PPNPN,PPNPN,-,sistem_lama,0,Tidak Terdaftar,2024,1,,,,,,43.0,41.0,2.0,95.35,3.0,3.0,3.0,0.0,0.0,0.0,0.0,,,,,,,,,,,,0.0,,,,,,,,,,,,,40-49
P191,Laki-laki,SMA/Sederajat,PPNPN,PPNPN,-,sistem_lama,0,Tidak Terdaftar,2025,1,0.0,0.0,0.0,,,34.0,33.0,1.0,97.06,0.0,0.0,0.0,0.0,0.0,0.0,0.0,,,,,,,,,,,,0.0,,,,,,,,,,,,,40-49
P191,Laki-laki,SMA/Sederajat,PPNPN,PPNPN,-,sistem_lama,0,Tidak Terdaftar,2026,0,0.0,0.0,0.0,,,0.0,0.0,0.0,,0.0,0.0,,0.0,0.0,0.0,0.0,,,,,,,,,,,,0.0,,,,,,,,,,0.0,,,40-49
P192,Laki-laki,SMA/Sederajat,PNS,Fungsional Umum,Penata Muda Tk. I/IIIb,sistem_lama,0,Tidak Terdaftar,2023,0,,,,,,0.0,0.0,0.0,,0.0,0.0,0.0,0.0,0.0,0.0,0.0,,,,,,,,,,,,0.0,,,,,,,,,,,,,50-59
P192,Laki-laki,SMA/Sederajat,PNS,Fungsional Umum,Penata Muda Tk. I/IIIb,sistem_lama,0,Tidak Terdaftar,2024,0,,,,,,0.0,0.0,0.0,,0.0,0.0,0.0,0.0,0.0,0.0,0.0,,,,,,,,,,,,0.0,,,,,,,,,,,,,50-59
P192,Laki-laki,SMA/Sederajat,PNS,Fungsional Umum,Penata Muda Tk. I/IIIb,sistem_lama,0,Tidak Terdaftar,2025,0,0.0,0.0,0.0,,,0.0,0.0,0.0,,0.0,0.0,0.0,0.0,0.0,0.0,0.0,,,,,,,,,,,,0.0,,,,,,,,,,,,,60+
P192,Laki-laki,SMA/Sederajat,PNS,Fungsional Umum,Penata Muda Tk. I/IIIb,sistem_lama,0,Tidak Terdaftar,2026,0,0.0,0.0,0.0,,,0.0,0.0,0.0,,0.0,0.0,,0.0,0.0,0.0,0.0,,,,,,,,,,,,0.0,,,,,,,,,,0.0,,,60+
P193,Perempuan,S3,PNS,Widyaiswara,Pembina Tk. I/IVb,sistem_lama,0,Tidak Terdaftar,2023,0,,,,,,0.0,0.0,0.0,,0.0,0.0,0.0,0.0,0.0,0.0,0.0,,,,,,,,,,,,0.0,,,,,,,,,,,,,50-59
P193,Perempuan,S3,PNS,Widyaiswara,Pembina Tk. I/IVb,sistem_lama,0,Tidak Terdaftar,2024,0,,,,,,0.0,0.0,0.0,,0.0,0.0,0.0,0.0,0.0,0.0,0.0,,,,,,,,,,,,0.0,,,,,,,,,,,,,50-59
P193,Perempuan,S3,PNS,Widyaiswara,Pembina Tk. I/IVb,sistem_lama,0,Tidak Terdaftar,2025,0,0.0,0.0,0.0,,,0.0,0.0,0.0,,0.0,0.0,0.0,0.0,0.0,0.0,0.0,,,,,,,,,,,,0.0,,,,,,,,,,,,,50-59
P193,Perempuan,S3,PNS,Widyaiswara,Pembina Tk. I/IVb,sistem_lama,0,Tidak Terdaftar,2026,0,0.0,0.0,0.0,,,0.0,0.0,0.0,,0.0,0.0,,0.0,0.0,0.0,0.0,,,,,,,,,,,,0.0,,,,,,,,,,0.0,,,60+
P194,Perempuan,S3,Fungsional,PNS,IV/c,keduanya,1,Aktif,2023,1,,,,,,28.0,25.0,3.0,89.29,10.0,10.0,10.0,7.0,7.0,13.0,0.0,2.0,1.0,1.0,1.0,1.0,2.0,2.0,2.0,1.0,13.0,48.15,1.0,,,,,,,,,,,,,50-59
P194,Perempuan,S3,Fungsional,PNS,IV/c,keduanya,1,Aktif,2024,1,,,,,,43.0,37.0,6.0,86.05,10.0,10.0,10.0,1.0,1.0,14.0,0.0,2.0,1.0,1.0,1.0,1.0,2.0,2.0,2.0,1.0,13.0,48.15,1.0,Sangat Baik,1.0,1.0,12.0,0.0,,,,,,,Tahunan,50-59
P194,Perempuan,S3,Fungsional,PNS,IV/c,keduanya,1,Aktif,2025,1,180.0,180.0,164.0,7.61,8.99,34.0,27.0,7.0,79.41,7.0,7.0,7.0,7.0,7.0,21.0,0.0,2.0,1.0,1.0,1.0,1.0,2.0,2.0,2.0,1.0,13.0,48.15,1.0,Sangat Baik,1.0,1.0,11.0,0.0,,,,,,,Tahunan,50-59
P194,Perempuan,S3,Fungsional,PNS,IV/c,keduanya,1,Aktif,2026,1,139.0,139.0,136.0,7.2,9.27,18.0,16.0,2.0,88.89,5.0,5.0,,0.0,0.0,21.0,0.0,2.0,1.0,1.0,1.0,1.0,2.0,2.0,2.0,1.0,13.0,48.15,1.0,Sangat Baik,1.0,,,,Baik,0.0,Sangat Baik,1.0,2.0,0.0,Triwulan (terkini),50-59
P195,Laki-laki,SMA/Sederajat,PPNPN,PPNPN,-,sistem_lama,0,Tidak Terdaftar,2023,1,,,,,,28.0,25.0,3.0,89.29,1.0,1.0,1.0,0.0,0.0,0.0,0.0,,,,,,,,,,,,0.0,,,,,,,,,,,,,<30
P195,Laki-laki,SMA/Sederajat,PPNPN,PPNPN,-,sistem_lama,0,Tidak Terdaftar,2024,1,,,,,,43.0,40.0,3.0,93.02,2.0,2.0,2.0,0.0,0.0,0.0,0.0,,,,,,,,,,,,0.0,,,,,,,,,,,,,<30
P195,Laki-laki,SMA/Sederajat,PPNPN,PPNPN,-,sistem_lama,0,Tidak Terdaftar,2025,1,0.0,0.0,0.0,,,34.0,33.0,1.0,97.06,0.0,0.0,0.0,0.0,0.0,0.0,0.0,,,,,,,,,,,,0.0,,,,,,,,,,,,,<30
P195,Laki-laki,SMA/Sederajat,PPNPN,PPNPN,-,sistem_lama,0,Tidak Terdaftar,2026,0,0.0,0.0,0.0,,,0.0,0.0,0.0,,0.0,0.0,,0.0,0.0,0.0,0.0,,,,,,,,,,,,0.0,,,,,,,,,,0.0,,,<30
P196,Laki-laki,SMA/Sederajat,PPNPN,PPNPN,-,sistem_lama,0,Tidak Terdaftar,2023,1,,,,,,28.0,13.0,15.0,46.43,1.0,1.0,1.0,0.0,0.0,0.0,0.0,,,,,,,,,,,,0.0,,,,,,,,,,,,,40-49
P196,Laki-laki,SMA/Sederajat,PPNPN,PPNPN,-,sistem_lama,0,Tidak Terdaftar,2024,1,,,,,,43.0,37.0,6.0,86.05,1.0,1.0,1.0,0.0,0.0,0.0,0.0,,,,,,,,,,,,0.0,,,,,,,,,,,,,40-49
P196,Laki-laki,SMA/Sederajat,PPNPN,PPNPN,-,sistem_lama,0,Tidak Terdaftar,2025,1,0.0,0.0,0.0,,,34.0,33.0,1.0,97.06,0.0,0.0,0.0,0.0,0.0,0.0,0.0,,,,,,,,,,,,0.0,,,,,,,,,,,,,40-49
P196,Laki-laki,SMA/Sederajat,PPNPN,PPNPN,-,sistem_lama,0,Tidak Terdaftar,2026,0,0.0,0.0,0.0,,,0.0,0.0,0.0,,0.0,0.0,,0.0,0.0,0.0,0.0,,,,,,,,,,,,0.0,,,,,,,,,,0.0,,,40-49
P197,Laki-laki,S1,Pelaksana,PNS,III/d,keduanya,0,Tidak Aktif,2023,1,,,,,,28.0,18.0,10.0,64.29,13.0,13.0,13.0,0.0,0.0,0.0,0.0,2.0,1.0,2.0,1.0,1.0,1.0,1.0,1.0,3.0,13.0,48.15,1.0,,,,,,,,,,,,,50-59
P197,Laki-laki,S1,Pelaksana,PNS,III/d,keduanya,0,Tidak Aktif,2024,1,,,,,,43.0,22.0,21.0,51.16,14.0,14.0,12.0,0.0,0.0,0.0,0.0,2.0,1.0,2.0,1.0,1.0,1.0,1.0,1.0,3.0,13.0,48.15,1.0,Baik,0.0,1.0,12.0,0.0,,,,,,,Tahunan,50-59
P197,Laki-laki,S1,Pelaksana,PNS,III/d,keduanya,0,Tidak Aktif,2025,1,139.0,121.0,111.0,7.96,8.79,34.0,9.0,25.0,26.47,17.0,17.0,17.0,0.0,0.0,0.0,0.0,2.0,1.0,2.0,1.0,1.0,1.0,1.0,1.0,3.0,13.0,48.15,1.0,Baik,0.0,2.0,11.0,0.0,,,,,,,Tahunan,50-59
P197,Laki-laki,S1,Pelaksana,PNS,III/d,keduanya,0,Tidak Aktif,2026,1,72.0,66.0,61.0,7.3,9.58,13.0,7.0,6.0,53.85,3.0,3.0,,0.0,0.0,0.0,0.0,2.0,1.0,2.0,1.0,1.0,1.0,1.0,1.0,3.0,13.0,48.15,1.0,Baik,0.0,,,,Baik,0.0,,,1.0,,Triwulan (terkini),50-59
P198,Laki-laki,S2,PNS,Widyaiswara,Pembina Tk. I/IVb,sistem_lama,0,Tidak Terdaftar,2023,0,,,,,,0.0,0.0,0.0,,0.0,0.0,0.0,0.0,0.0,0.0,0.0,,,,,,,,,,,,0.0,,,,,,,,,,,,,60+
P198,Laki-laki,S2,PNS,Widyaiswara,Pembina Tk. I/IVb,sistem_lama,0,Tidak Terdaftar,2024,0,,,,,,0.0,0.0,0.0,,0.0,0.0,0.0,0.0,0.0,0.0,0.0,,,,,,,,,,,,0.0,,,,,,,,,,,,,60+
P198,Laki-laki,S2,PNS,Widyaiswara,Pembina Tk. I/IVb,sistem_lama,0,Tidak Terdaftar,2025,0,0.0,0.0,0.0,,,0.0,0.0,0.0,,0.0,0.0,0.0,0.0,0.0,0.0,0.0,,,,,,,,,,,,0.0,,,,,,,,,,,,,60+
P198,Laki-laki,S2,PNS,Widyaiswara,Pembina Tk. I/IVb,sistem_lama,0,Tidak Terdaftar,2026,0,0.0,0.0,0.0,,,0.0,0.0,0.0,,0.0,0.0,,0.0,0.0,0.0,0.0,,,,,,,,,,,,0.0,,,,,,,,,,0.0,,,60+
P199,Perempuan,S3,PNS,Struktural,Pembina Utama Muda/IVc,sistem_lama,0,Tidak Terdaftar,2023,0,,,,,,0.0,0.0,0.0,,0.0,0.0,0.0,0.0,0.0,0.0,0.0,,,,,,,,,,,,0.0,,,,,,,,,,,,,50-59
P199,Perempuan,S3,PNS,Struktural,Pembina Utama Muda/IVc,sistem_lama,0,Tidak Terdaftar,2024,0,,,,,,0.0,0.0,0.0,,0.0,0.0,0.0,0.0,0.0,0.0,0.0,,,,,,,,,,,,0.0,,,,,,,,,,,,,60+
P199,Perempuan,S3,PNS,Struktural,Pembina Utama Muda/IVc,sistem_lama,0,Tidak Terdaftar,2025,0,0.0,0.0,0.0,,,0.0,0.0,0.0,,0.0,0.0,0.0,0.0,0.0,0.0,0.0,,,,,,,,,,,,0.0,,,,,,,,,,,,,60+
P199,Perempuan,S3,PNS,Struktural,Pembina Utama Muda/IVc,sistem_lama,0,Tidak Terdaftar,2026,0,0.0,0.0,0.0,,,0.0,0.0,0.0,,0.0,0.0,,0.0,0.0,0.0,0.0,,,,,,,,,,,,0.0,,,,,,,,,,0.0,,,60+
P200,Perempuan,S2,Fungsional,PPPK,X,keduanya,1,Aktif,2023,0,,,,,,0.0,0.0,0.0,,0.0,0.0,0.0,0.0,0.0,0.0,0.0,,,,,,,,,,,,0.0,,,,,,,,,,,,,30-39
P200,Perempuan,S2,Fungsional,PPPK,X,keduanya,1,Aktif,2024,1,,,,,,23.0,21.0,2.0,91.3,3.0,3.0,3.0,3.0,3.0,3.0,0.0,,,,,,,,,,,,0.0,Baik,0.0,1.0,9.0,0.0,,,,,,,Tahunan,30-39
P200,Perempuan,S2,Fungsional,PPPK,X,keduanya,1,Aktif,2025,1,194.0,191.0,182.0,7.15,9.3,34.0,29.0,5.0,85.29,5.0,5.0,5.0,4.0,4.0,7.0,0.0,,,,,,,,,,,,0.0,Baik,0.0,1.0,11.0,0.0,,,,,,,Tahunan,30-39
P200,Perempuan,S2,Fungsional,PPPK,X,keduanya,1,Aktif,2026,1,123.0,122.0,119.0,6.79,9.72,18.0,15.0,3.0,83.33,4.0,4.0,,0.0,0.0,7.0,0.0,,,,,,,,,,,,0.0,Baik,0.0,,,,Baik,0.0,Baik,0.0,2.0,0.0,Triwulan (terkini),30-39
P201,Laki-laki,S1,Pelaksana,PNS,III/d,keduanya,1,Aktif,2023,1,,,,,,28.0,23.0,5.0,82.14,9.0,9.0,9.0,1.0,1.0,6.0,0.0,2.0,1.0,2.0,2.0,1.0,1.0,1.0,1.0,2.0,13.0,48.15,1.0,,,,,,,,,,,,,50-59
P201,Laki-laki,S1,Pelaksana,PNS,III/d,keduanya,1,Aktif,2024,1,,,,,,43.0,34.0,9.0,79.07,12.0,12.0,12.0,2.0,1.0,8.0,0.0,2.0,1.0,2.0,2.0,1.0,1.0,1.0,1.0,2.0,13.0,48.15,1.0,Baik,0.0,2.0,10.0,1.0,,,,,,,Tahunan,50-59
P201,Laki-laki,S1,Pelaksana,PNS,III/d,keduanya,1,Aktif,2025,1,200.0,199.0,189.0,7.31,8.87,34.0,24.0,10.0,70.59,4.0,4.0,4.0,0.0,0.0,8.0,0.0,2.0,1.0,2.0,2.0,1.0,1.0,1.0,1.0,2.0,13.0,48.15,1.0,Baik,0.0,1.0,11.0,0.0,,,,,,,Tahunan,50-59
P201,Laki-laki,S1,Pelaksana,PNS,III/d,keduanya,1,Aktif,2026,1,138.0,138.0,136.0,7.3,8.66,18.0,11.0,7.0,61.11,3.0,3.0,,0.0,0.0,8.0,0.0,2.0,1.0,2.0,2.0,1.0,1.0,1.0,1.0,2.0,13.0,48.15,1.0,Baik,0.0,,,,Baik,0.0,Baik,0.0,2.0,0.0,Triwulan (terkini),50-59
P202,Laki-laki,S1,Pelaksana,PNS,III/d,keduanya,0,Tidak Aktif,2023,1,,,,,,28.0,24.0,4.0,85.71,9.0,9.0,9.0,1.0,1.0,1.0,2.0,,,,,,,,,,,,0.0,,,,,,,,,,,,,50-59
P202,Laki-laki,S1,Pelaksana,PNS,III/d,keduanya,0,Tidak Aktif,2024,1,,,,,,43.0,42.0,1.0,97.67,6.0,6.0,6.0,0.0,0.0,1.0,2.0,,,,,,,,,,,,0.0,Baik,0.0,1.0,12.0,0.0,,,,,,,Tahunan,50-59
P202,Laki-laki,S1,Pelaksana,PNS,III/d,keduanya,0,Tidak Aktif,2025,1,212.0,211.0,200.0,7.09,9.31,34.0,19.0,15.0,55.88,2.0,2.0,2.0,0.0,0.0,1.0,2.0,,,,,,,,,,,,0.0,Sangat Baik,1.0,1.0,11.0,0.0,,,,,,,Tahunan,50-59
P202,Laki-laki,S1,Pelaksana,PNS,III/d,keduanya,0,Tidak Aktif,2026,1,105.0,105.0,103.0,7.05,9.17,15.0,6.0,9.0,40.0,4.0,4.0,,0.0,0.0,1.0,2.0,,,,,,,,,,,,0.0,Baik,0.0,,,,Baik,0.0,,,1.0,,Triwulan (terkini),50-59
P203,Laki-laki,SMA/Sederajat,PNS,Pelaksana,Penata Muda Tk. I/IIIb,sistem_lama,0,Tidak Terdaftar,2023,1,,,,,,28.0,26.0,2.0,92.86,5.0,5.0,5.0,0.0,0.0,0.0,0.0,,,,,,,,,,,,0.0,,,,,,,,,,,,,50-59
P203,Laki-laki,SMA/Sederajat,PNS,Pelaksana,Penata Muda Tk. I/IIIb,sistem_lama,0,Tidak Terdaftar,2024,1,,,,,,30.0,8.0,22.0,26.67,0.0,0.0,0.0,0.0,0.0,0.0,0.0,,,,,,,,,,,,0.0,,,,,,,,,,,,,50-59
P203,Laki-laki,SMA/Sederajat,PNS,Pelaksana,Penata Muda Tk. I/IIIb,sistem_lama,0,Tidak Terdaftar,2025,0,0.0,0.0,0.0,,,0.0,0.0,0.0,,0.0,0.0,0.0,0.0,0.0,0.0,0.0,,,,,,,,,,,,0.0,,,,,,,,,,,,,50-59
P203,Laki-laki,SMA/Sederajat,PNS,Pelaksana,Penata Muda Tk. I/IIIb,sistem_lama,0,Tidak Terdaftar,2026,0,0.0,0.0,0.0,,,0.0,0.0,0.0,,0.0,0.0,,0.0,0.0,0.0,0.0,,,,,,,,,,,,0.0,,,,,,,,,,0.0,,,50-59
P204,Perempuan,S2,Fungsional,PNS,IV/c,keduanya,0,Tidak Aktif,2023,1,,,,,,28.0,24.0,4.0,85.71,18.0,18.0,18.0,0.0,0.0,0.0,0.0,,,,,,,,,,,,0.0,,,,,,,,,,,,,50-59
P204,Perempuan,S2,Fungsional,PNS,IV/c,keduanya,0,Tidak Aktif,2024,1,,,,,,43.0,39.0,4.0,90.7,17.0,17.0,17.0,0.0,0.0,0.0,0.0,,,,,,,,,,,,0.0,Sangat Baik,1.0,1.0,12.0,0.0,,,,,,,Tahunan,50-59
P204,Perempuan,S2,Fungsional,PNS,IV/c,keduanya,0,Tidak Aktif,2025,1,138.0,137.0,126.0,7.41,9.08,34.0,24.0,10.0,70.59,9.0,9.0,9.0,0.0,0.0,0.0,0.0,,,,,,,,,,,,0.0,Sangat Baik,1.0,1.0,9.0,0.0,,,,,,,Tahunan,50-59
P204,Perempuan,S2,Fungsional,PNS,IV/c,keduanya,0,Tidak Aktif,2026,1,0.0,0.0,0.0,,,13.0,13.0,0.0,100.0,0.0,0.0,,0.0,0.0,0.0,0.0,,,,,,,,,,,,0.0,,,,,,,,,,0.0,,,60+
P205,Perempuan,SMA/Sederajat,PNS,Pelaksana,Penata Muda/IIIa,sistem_lama,0,Tidak Terdaftar,2023,1,,,,,,28.0,4.0,24.0,14.29,1.0,1.0,1.0,0.0,0.0,0.0,0.0,,,,,,,,,,,,0.0,,,,,,,,,,,,,
P205,Perempuan,SMA/Sederajat,PNS,Pelaksana,Penata Muda/IIIa,sistem_lama,0,Tidak Terdaftar,2024,1,,,,,,43.0,16.0,27.0,37.21,0.0,0.0,0.0,0.0,0.0,0.0,0.0,,,,,,,,,,,,0.0,Sangat Baik,1.0,1.0,12.0,0.0,,,,,,,Tahunan,
P205,Perempuan,SMA/Sederajat,PNS,Pelaksana,Penata Muda/IIIa,sistem_lama,0,Tidak Terdaftar,2025,1,22.0,18.0,20.0,6.89,10.47,10.0,2.0,8.0,20.0,0.0,0.0,0.0,0.0,0.0,0.0,0.0,,,,,,,,,,,,0.0,Baik,0.0,1.0,3.0,0.0,,,,,,,Tahunan,
P205,Perempuan,SMA/Sederajat,PNS,Pelaksana,Penata Muda/IIIa,sistem_lama,0,Tidak Terdaftar,2026,0,0.0,0.0,0.0,,,0.0,0.0,0.0,,0.0,0.0,,0.0,0.0,0.0,0.0,,,,,,,,,,,,0.0,,,,,,,,,,0.0,,,
P206,Laki-laki,S1,Pelaksana,PNS,,daftar_terbaru,1,Aktif,2023,0,,,,,,,,,,,,,,,,,,,,,,,,,,,,,,,,,,,,,,,,,
P206,Laki-laki,S1,Pelaksana,PNS,,daftar_terbaru,1,Aktif,2024,0,,,,,,,,,,,,,,,,,,,,,,,,,,,,,,,,,,,,,,,,,
P206,Laki-laki,S1,Pelaksana,PNS,,daftar_terbaru,1,Aktif,2025,0,,,,,,,,,,,,,,,,,,,,,,,,,,,,,,,,,,,,,,,,,
P206,Laki-laki,S1,Pelaksana,PNS,,daftar_terbaru,1,Aktif,2026,0,,,,,,,,,,,,,,,,,,,,,,,,,,,,,,,,,,,,,,0.0,,,
P207,Perempuan,S1,Pelaksana,PPPK,IX,keduanya,1,Aktif,2023,1,,,,,,28.0,25.0,3.0,89.29,4.0,4.0,4.0,0.0,0.0,0.0,0.0,,,,,,,,,,,,0.0,,,,,,,,,,,,,30-39
P207,Perempuan,S1,Pelaksana,PPPK,IX,keduanya,1,Aktif,2024,1,,,,,,43.0,35.0,8.0,81.4,0.0,0.0,0.0,0.0,0.0,0.0,0.0,,,,,,,,,,,,0.0,,,,,,,,,,,,,30-39
P207,Perempuan,S1,Pelaksana,PPPK,IX,keduanya,1,Aktif,2025,1,52.0,51.0,47.0,7.56,8.89,34.0,31.0,3.0,91.18,5.0,5.0,5.0,0.0,0.0,0.0,0.0,,,,,,,,,,,,0.0,Baik,0.0,1.0,4.0,0.0,,,,,,,Tahunan,30-39
P207,Perempuan,S1,Pelaksana,PPPK,IX,keduanya,1,Aktif,2026,1,142.0,137.0,140.0,7.36,8.88,18.0,18.0,0.0,100.0,1.0,1.0,,0.0,0.0,0.0,0.0,,,,,,,,,,,,0.0,Baik,0.0,,,,Baik,0.0,Baik,0.0,2.0,0.0,Triwulan (terkini),30-39
P208,Laki-laki,S1,Fungsional,PNS,III/d,keduanya,1,Aktif,2023,1,,,,,,28.0,21.0,7.0,75.0,19.0,19.0,19.0,2.0,2.0,10.0,0.0,2.0,2.0,2.0,2.0,2.0,2.0,2.0,2.0,2.0,18.0,66.67,1.0,,,,,,,,,,,,,40-49
P208,Laki-laki,S1,Fungsional,PNS,III/d,keduanya,1,Aktif,2024,1,,,,,,43.0,29.0,14.0,67.44,22.0,22.0,21.0,1.0,1.0,11.0,0.0,2.0,2.0,2.0,2.0,2.0,2.0,2.0,2.0,2.0,18.0,66.67,1.0,Sangat Baik,1.0,1.0,12.0,0.0,,,,,,,Tahunan,40-49
P208,Laki-laki,S1,Fungsional,PNS,III/d,keduanya,1,Aktif,2025,1,155.0,154.0,140.0,7.46,8.86,34.0,21.0,13.0,61.76,18.0,18.0,17.0,3.0,1.0,14.0,0.0,2.0,2.0,2.0,2.0,2.0,2.0,2.0,2.0,2.0,18.0,66.67,1.0,Sangat Baik,1.0,1.0,11.0,0.0,,,,,,,Tahunan,40-49
P208,Laki-laki,S1,Fungsional,PNS,III/d,keduanya,1,Aktif,2026,1,106.0,104.0,104.0,7.31,9.0,18.0,13.0,5.0,72.22,13.0,13.0,,0.0,0.0,14.0,0.0,2.0,2.0,2.0,2.0,2.0,2.0,2.0,2.0,2.0,18.0,66.67,1.0,Sangat Baik,1.0,,,,Sangat Baik,1.0,Sangat Baik,1.0,2.0,1.0,Triwulan (terkini),40-49
P209,Perempuan,SMA/SMK,Pelaksana,PPPK,V,keduanya,1,Aktif,2023,1,,,,,,28.0,26.0,2.0,92.86,1.0,1.0,1.0,0.0,0.0,0.0,0.0,,,,,,,,,,,,0.0,,,,,,,,,,,,,
P209,Perempuan,SMA/SMK,Pelaksana,PPPK,V,keduanya,1,Aktif,2024,1,,,,,,43.0,42.0,1.0,97.67,2.0,2.0,2.0,0.0,0.0,0.0,0.0,,,,,,,,,,,,0.0,,,,,,,,,,,,,
P209,Perempuan,SMA/SMK,Pelaksana,PPPK,V,keduanya,1,Aktif,2025,1,53.0,52.0,49.0,6.88,10.24,34.0,33.0,1.0,97.06,2.0,2.0,2.0,0.0,0.0,0.0,0.0,,,,,,,,,,,,0.0,Baik,0.0,1.0,4.0,0.0,,,,,,,Tahunan,
P209,Perempuan,SMA/SMK,Pelaksana,PPPK,V,keduanya,1,Aktif,2026,1,129.0,128.0,125.0,6.92,9.98,18.0,17.0,1.0,94.44,1.0,1.0,,0.0,0.0,0.0,0.0,,,,,,,,,,,,0.0,Baik,0.0,,,,Baik,0.0,Baik,0.0,2.0,0.0,Triwulan (terkini),
P210,Laki-laki,SMA/SMK,Pelaksana,PPPK PW,,sistem_baru,1,Aktif,2023,1,,,,,,28.0,24.0,4.0,85.71,0.0,0.0,0.0,0.0,0.0,0.0,0.0,,,,,,,,,,,,0.0,,,,,,,,,,,,,40-49
P210,Laki-laki,SMA/SMK,Pelaksana,PPPK PW,,sistem_baru,1,Aktif,2024,1,,,,,,43.0,41.0,2.0,95.35,0.0,0.0,0.0,0.0,0.0,0.0,0.0,,,,,,,,,,,,0.0,,,,,,,,,,,,,40-49
P210,Laki-laki,SMA/SMK,Pelaksana,PPPK PW,,sistem_baru,1,Aktif,2025,1,0.0,0.0,0.0,,,34.0,31.0,3.0,91.18,0.0,0.0,0.0,0.0,0.0,0.0,0.0,,,,,,,,,,,,0.0,Baik,0.0,1.0,3.0,0.0,,,,,,,Tahunan,40-49
P210,Laki-laki,SMA/SMK,Pelaksana,PPPK PW,,sistem_baru,1,Aktif,2026,1,131.0,130.0,126.0,7.11,10.09,18.0,18.0,0.0,100.0,2.0,2.0,,0.0,0.0,0.0,0.0,,,,,,,,,,,,0.0,Baik,0.0,,,,Baik,0.0,Baik,0.0,2.0,0.0,Triwulan (terkini),40-49
P211,Perempuan,S2,PNS,Fungsional,Pembina Utama Muda/IVc,sistem_lama,0,Tidak Terdaftar,2023,1,,,,,,28.0,19.0,9.0,67.86,31.0,31.0,31.0,0.0,0.0,0.0,0.0,,,,,,,,,,,,0.0,,,,,,,,,,,,,50-59
P211,Perempuan,S2,PNS,Fungsional,Pembina Utama Muda/IVc,sistem_lama,0,Tidak Terdaftar,2024,1,,,,,,43.0,33.0,10.0,76.74,21.0,21.0,21.0,0.0,0.0,0.0,0.0,,,,,,,,,,,,0.0,Sangat Baik,1.0,1.0,12.0,0.0,,,,,,,Tahunan,50-59
P211,Perempuan,S2,PNS,Fungsional,Pembina Utama Muda/IVc,sistem_lama,0,Tidak Terdaftar,2025,1,138.0,137.0,114.0,7.57,8.97,34.0,27.0,7.0,79.41,9.0,9.0,9.0,0.0,0.0,0.0,0.0,,,,,,,,,,,,0.0,Sangat Baik,1.0,1.0,9.0,0.0,,,,,,,Tahunan,50-59
P211,Perempuan,S2,PNS,Fungsional,Pembina Utama Muda/IVc,sistem_lama,0,Tidak Terdaftar,2026,0,0.0,0.0,0.0,,,0.0,0.0,0.0,,0.0,0.0,,0.0,0.0,0.0,0.0,,,,,,,,,,,,0.0,,,,,,,,,,0.0,,,60+
P212,Laki-laki,S1/D4,PNS,Pelaksana,Penata Tk. I/IIId,sistem_lama,0,Tidak Terdaftar,2023,1,,,,,,0.0,0.0,0.0,,3.0,3.0,3.0,0.0,0.0,0.0,0.0,,,,,,,,,,,,0.0,,,,,,,,,,,,,50-59
P212,Laki-laki,S1/D4,PNS,Pelaksana,Penata Tk. I/IIId,sistem_lama,0,Tidak Terdaftar,2024,0,,,,,,0.0,0.0,0.0,,0.0,0.0,0.0,0.0,0.0,0.0,0.0,,,,,,,,,,,,0.0,,,,,,,,,,,,,50-59
P212,Laki-laki,S1/D4,PNS,Pelaksana,Penata Tk. I/IIId,sistem_lama,0,Tidak Terdaftar,2025,0,0.0,0.0,0.0,,,0.0,0.0,0.0,,0.0,0.0,0.0,0.0,0.0,0.0,0.0,,,,,,,,,,,,0.0,,,,,,,,,,,,,50-59
P212,Laki-laki,S1/D4,PNS,Pelaksana,Penata Tk. I/IIId,sistem_lama,0,Tidak Terdaftar,2026,0,0.0,0.0,0.0,,,0.0,0.0,0.0,,0.0,0.0,,0.0,0.0,0.0,0.0,,,,,,,,,,,,0.0,,,,,,,,,,0.0,,,60+
P213,Laki-laki,SMA/Sederajat,PPNPN,PPNPN,-,sistem_lama,0,Tidak Terdaftar,2023,1,,,,,,28.0,19.0,9.0,67.86,1.0,1.0,1.0,0.0,0.0,0.0,0.0,,,,,,,,,,,,0.0,,,,,,,,,,,,,40-49
P213,Laki-laki,SMA/Sederajat,PPNPN,PPNPN,-,sistem_lama,0,Tidak Terdaftar,2024,1,,,,,,43.0,40.0,3.0,93.02,2.0,2.0,2.0,0.0,0.0,0.0,0.0,,,,,,,,,,,,0.0,,,,,,,,,,,,,40-49
P213,Laki-laki,SMA/Sederajat,PPNPN,PPNPN,-,sistem_lama,0,Tidak Terdaftar,2025,1,0.0,0.0,0.0,,,34.0,32.0,2.0,94.12,0.0,0.0,0.0,0.0,0.0,0.0,0.0,,,,,,,,,,,,0.0,,,,,,,,,,,,,40-49
P213,Laki-laki,SMA/Sederajat,PPNPN,PPNPN,-,sistem_lama,0,Tidak Terdaftar,2026,0,0.0,0.0,0.0,,,0.0,0.0,0.0,,0.0,0.0,,0.0,0.0,0.0,0.0,,,,,,,,,,,,0.0,,,,,,,,,,0.0,,,40-49
P214,Laki-laki,SMA/SMK,Pelaksana,PNS,III/b,keduanya,1,Aktif,2023,1,,,,,,28.0,12.0,16.0,42.86,1.0,1.0,1.0,1.0,1.0,1.0,0.0,,,,,,,,,,,,0.0,,,,,,,,,,,,,50-59
P214,Laki-laki,SMA/SMK,Pelaksana,PNS,III/b,keduanya,1,Aktif,2024,1,,,,,,43.0,24.0,19.0,55.81,3.0,3.0,3.0,0.0,0.0,1.0,0.0,,,,,,,,,,,,0.0,Baik,0.0,2.0,12.0,0.0,,,,,,,Tahunan,50-59
P214,Laki-laki,SMA/SMK,Pelaksana,PNS,III/b,keduanya,1,Aktif,2025,1,175.0,134.0,113.0,7.58,9.33,34.0,9.0,25.0,26.47,1.0,1.0,1.0,0.0,0.0,1.0,0.0,,,,,,,,,,,,0.0,Baik,0.0,1.0,11.0,0.0,,,,,,,Tahunan,50-59
P214,Laki-laki,SMA/SMK,Pelaksana,PNS,III/b,keduanya,1,Aktif,2026,1,124.0,112.0,100.0,7.3,9.47,18.0,4.0,14.0,22.22,1.0,1.0,,0.0,0.0,1.0,0.0,,,,,,,,,,,,0.0,Baik,0.0,,,,Baik,0.0,Baik,0.0,2.0,0.0,Triwulan (terkini),50-59
P215,Laki-laki,S2,Fungsional,PNS,IV/a,keduanya,1,Aktif,2023,1,,,,,,28.0,3.0,25.0,10.71,17.0,17.0,17.0,4.0,4.0,5.0,0.0,2.0,2.0,2.0,1.0,1.0,1.0,2.0,2.0,2.0,15.0,55.56,1.0,,,,,,,,,,,,,40-49
P215,Laki-laki,S2,Fungsional,PNS,IV/a,keduanya,1,Aktif,2024,1,,,,,,43.0,16.0,27.0,37.21,18.0,18.0,18.0,0.0,0.0,5.0,0.0,2.0,2.0,2.0,1.0,1.0,1.0,2.0,2.0,2.0,15.0,55.56,1.0,Baik,0.0,1.0,12.0,0.0,,,,,,,Tahunan,40-49
P215,Laki-laki,S2,Fungsional,PNS,IV/a,keduanya,1,Aktif,2025,1,147.0,124.0,124.0,7.59,9.17,34.0,5.0,29.0,14.71,10.0,10.0,10.0,0.0,0.0,5.0,0.0,2.0,2.0,2.0,1.0,1.0,1.0,2.0,2.0,2.0,15.0,55.56,1.0,Baik,0.0,2.0,11.0,0.0,,,,,,,Tahunan,40-49
P215,Laki-laki,S2,Fungsional,PNS,IV/a,keduanya,1,Aktif,2026,1,112.0,111.0,104.0,7.44,8.84,18.0,5.0,13.0,27.78,4.0,4.0,,0.0,0.0,5.0,0.0,2.0,2.0,2.0,1.0,1.0,1.0,2.0,2.0,2.0,15.0,55.56,1.0,Baik,0.0,,,,Baik,0.0,Baik,0.0,2.0,0.0,Triwulan (terkini),40-49
P216,Laki-laki,SMA/SMK,Pelaksana,PNS,III/a,keduanya,1,Aktif,2023,1,,,,,,28.0,25.0,3.0,89.29,4.0,4.0,4.0,1.0,1.0,3.0,0.0,2.0,1.0,1.0,2.0,2.0,2.0,1.0,1.0,2.0,14.0,51.85,1.0,,,,,,,,,,,,,40-49
P216,Laki-laki,SMA/SMK,Pelaksana,PNS,III/a,keduanya,1,Aktif,2024,1,,,,,,43.0,41.0,2.0,95.35,6.0,6.0,6.0,1.0,1.0,4.0,0.0,2.0,1.0,1.0,2.0,2.0,2.0,1.0,1.0,2.0,14.0,51.85,1.0,Baik,0.0,1.0,12.0,0.0,,,,,,,Tahunan,40-49
P216,Laki-laki,SMA/SMK,Pelaksana,PNS,III/a,keduanya,1,Aktif,2025,1,202.0,202.0,191.0,7.39,9.01,34.0,32.0,2.0,94.12,2.0,2.0,2.0,0.0,0.0,4.0,0.0,2.0,1.0,1.0,2.0,2.0,2.0,1.0,1.0,2.0,14.0,51.85,1.0,Baik,0.0,1.0,11.0,0.0,,,,,,,Tahunan,40-49
P216,Laki-laki,SMA/SMK,Pelaksana,PNS,III/a,keduanya,1,Aktif,2026,1,143.0,143.0,141.0,7.28,8.95,18.0,17.0,1.0,94.44,2.0,2.0,,0.0,0.0,4.0,0.0,2.0,1.0,1.0,2.0,2.0,2.0,1.0,1.0,2.0,14.0,51.85,1.0,Baik,0.0,,,,Baik,0.0,Baik,0.0,2.0,0.0,Triwulan (terkini),50-59
P217,Laki-laki,SMA/SMK,Pelaksana,PPPK PW,,sistem_baru,1,Aktif,2023,1,,,,,,28.0,27.0,1.0,96.43,0.0,0.0,0.0,0.0,0.0,0.0,0.0,,,,,,,,,,,,0.0,,,,,,,,,,,,,40-49
P217,Laki-laki,SMA/SMK,Pelaksana,PPPK PW,,sistem_baru,1,Aktif,2024,1,,,,,,43.0,40.0,3.0,93.02,0.0,0.0,0.0,0.0,0.0,0.0,0.0,,,,,,,,,,,,0.0,,,,,,,,,,,,,40-49
P217,Laki-laki,SMA/SMK,Pelaksana,PPPK PW,,sistem_baru,1,Aktif,2025,1,0.0,0.0,0.0,,,34.0,33.0,1.0,97.06,0.0,0.0,0.0,0.0,0.0,0.0,0.0,,,,,,,,,,,,0.0,Baik,0.0,1.0,3.0,0.0,,,,,,,Tahunan,40-49
P217,Laki-laki,SMA/SMK,Pelaksana,PPPK PW,,sistem_baru,1,Aktif,2026,1,124.0,123.0,122.0,6.97,10.68,18.0,18.0,0.0,100.0,4.0,4.0,,0.0,0.0,0.0,0.0,,,,,,,,,,,,0.0,Baik,0.0,,,,Baik,0.0,Baik,0.0,2.0,0.0,Triwulan (terkini),40-49
P218,Perempuan,SMA/SMK,Pelaksana,PPPK,V,keduanya,1,Aktif,2023,1,,,,,,28.0,28.0,0.0,100.0,1.0,1.0,1.0,0.0,0.0,0.0,0.0,,,,,,,,,,,,0.0,,,,,,,,,,,,,40-49
P218,Perempuan,SMA/SMK,Pelaksana,PPPK,V,keduanya,1,Aktif,2024,1,,,,,,43.0,42.0,1.0,97.67,2.0,2.0,2.0,0.0,0.0,0.0,0.0,,,,,,,,,,,,0.0,,,,,,,,,,,,,50-59
P218,Perempuan,SMA/SMK,Pelaksana,PPPK,V,keduanya,1,Aktif,2025,1,59.0,59.0,46.0,6.17,9.15,34.0,31.0,3.0,91.18,2.0,2.0,2.0,0.0,0.0,0.0,0.0,,,,,,,,,,,,0.0,Baik,0.0,1.0,4.0,0.0,,,,,,,Tahunan,50-59
P218,Perempuan,SMA/SMK,Pelaksana,PPPK,V,keduanya,1,Aktif,2026,1,152.0,152.0,144.0,6.18,9.78,18.0,18.0,0.0,100.0,1.0,1.0,,0.0,0.0,0.0,0.0,,,,,,,,,,,,0.0,Baik,0.0,,,,Baik,0.0,Baik,0.0,2.0,0.0,Triwulan (terkini),50-59
P219,Laki-laki,SMA/SMK,Pelaksana,PPPK PW,,sistem_baru,1,Aktif,2023,1,,,,,,28.0,19.0,9.0,67.86,0.0,0.0,0.0,0.0,0.0,0.0,0.0,,,,,,,,,,,,0.0,,,,,,,,,,,,,40-49
P219,Laki-laki,SMA/SMK,Pelaksana,PPPK PW,,sistem_baru,1,Aktif,2024,1,,,,,,43.0,41.0,2.0,95.35,0.0,0.0,0.0,0.0,0.0,0.0,0.0,,,,,,,,,,,,0.0,,,,,,,,,,,,,40-49
P219,Laki-laki,SMA/SMK,Pelaksana,PPPK PW,,sistem_baru,1,Aktif,2025,1,0.0,0.0,0.0,,,34.0,33.0,1.0,97.06,0.0,0.0,0.0,0.0,0.0,0.0,0.0,,,,,,,,,,,,0.0,Baik,0.0,1.0,3.0,0.0,,,,,,,Tahunan,40-49
P219,Laki-laki,SMA/SMK,Pelaksana,PPPK PW,,sistem_baru,1,Aktif,2026,1,97.0,97.0,37.0,7.13,12.35,18.0,14.0,4.0,77.78,2.0,2.0,,0.0,0.0,0.0,0.0,,,,,,,,,,,,0.0,Baik,0.0,,,,Baik,0.0,Baik,0.0,2.0,0.0,Triwulan (terkini),40-49
P220,Laki-laki,S3,PNS,Widyaiswara,Pembina Utama Muda/IVc,sistem_lama,0,Tidak Terdaftar,2023,0,,,,,,0.0,0.0,0.0,,0.0,0.0,0.0,0.0,0.0,0.0,0.0,,,,,,,,,,,,0.0,,,,,,,,,,,,,50-59
P220,Laki-laki,S3,PNS,Widyaiswara,Pembina Utama Muda/IVc,sistem_lama,0,Tidak Terdaftar,2024,0,,,,,,0.0,0.0,0.0,,0.0,0.0,0.0,0.0,0.0,0.0,0.0,,,,,,,,,,,,0.0,,,,,,,,,,,,,50-59
P220,Laki-laki,S3,PNS,Widyaiswara,Pembina Utama Muda/IVc,sistem_lama,0,Tidak Terdaftar,2025,0,0.0,0.0,0.0,,,0.0,0.0,0.0,,0.0,0.0,0.0,0.0,0.0,0.0,0.0,,,,,,,,,,,,0.0,,,,,,,,,,,,,50-59
P220,Laki-laki,S3,PNS,Widyaiswara,Pembina Utama Muda/IVc,sistem_lama,0,Tidak Terdaftar,2026,0,0.0,0.0,0.0,,,0.0,0.0,0.0,,0.0,0.0,,0.0,0.0,0.0,0.0,,,,,,,,,,,,0.0,,,,,,,,,,0.0,,,60+
P221,Laki-laki,S2,Fungsional,PNS,III/b,keduanya,1,Aktif,2023,1,,,,,,28.0,15.0,13.0,53.57,11.0,11.0,11.0,4.0,4.0,5.0,0.0,2.0,2.0,2.0,1.0,2.0,2.0,1.0,2.0,2.0,16.0,59.26,1.0,,,,,,,,,,,,,30-39
P221,Laki-laki,S2,Fungsional,PNS,III/b,keduanya,1,Aktif,2024,1,,,,,,43.0,33.0,10.0,76.74,23.0,23.0,22.0,3.0,3.0,8.0,0.0,2.0,2.0,2.0,1.0,2.0,2.0,1.0,2.0,2.0,16.0,59.26,1.0,Sangat Baik,1.0,1.0,12.0,0.0,,,,,,,Tahunan,30-39
P221,Laki-laki,S2,Fungsional,PNS,III/b,keduanya,1,Aktif,2025,1,161.0,160.0,150.0,7.3,8.95,34.0,13.0,21.0,38.24,16.0,16.0,16.0,7.0,7.0,15.0,0.0,2.0,2.0,2.0,1.0,2.0,2.0,1.0,2.0,2.0,16.0,59.26,1.0,Sangat Baik,1.0,2.0,11.0,0.0,,,,,,,Tahunan,40-49
P221,Laki-laki,S2,Fungsional,PNS,III/b,keduanya,1,Aktif,2026,1,112.0,112.0,109.0,7.23,9.11,18.0,13.0,5.0,72.22,8.0,8.0,,0.0,0.0,15.0,0.0,2.0,2.0,2.0,1.0,2.0,2.0,1.0,2.0,2.0,16.0,59.26,1.0,Sangat Baik,1.0,,,,Sangat Baik,1.0,Sangat Baik,1.0,2.0,1.0,Triwulan (terkini),40-49
P222,Perempuan,S1,Fungsional,PNS,III/b,keduanya,1,Aktif,2023,1,,,,,,28.0,20.0,8.0,71.43,15.0,15.0,15.0,3.0,3.0,5.0,0.0,2.0,1.0,2.0,2.0,1.0,2.0,1.0,2.0,1.0,14.0,51.85,1.0,,,,,,,,,,,,,<30
P222,Perempuan,S1,Fungsional,PNS,III/b,keduanya,1,Aktif,2024,1,,,,,,43.0,36.0,7.0,83.72,21.0,21.0,21.0,1.0,1.0,6.0,0.0,2.0,1.0,2.0,2.0,1.0,2.0,1.0,2.0,1.0,14.0,51.85,1.0,Sangat Baik,1.0,2.0,12.0,0.0,,,,,,,Tahunan,30-39
P222,Perempuan,S1,Fungsional,PNS,III/b,keduanya,1,Aktif,2025,1,178.0,178.0,168.0,7.4,8.78,34.0,29.0,5.0,85.29,9.0,9.0,8.0,1.0,1.0,7.0,0.0,2.0,1.0,2.0,2.0,1.0,2.0,1.0,2.0,1.0,14.0,51.85,1.0,Sangat Baik,1.0,2.0,11.0,0.0,,,,,,,Tahunan,30-39
P222,Perempuan,S1,Fungsional,PNS,III/b,keduanya,1,Aktif,2026,1,132.0,132.0,129.0,7.32,8.9,18.0,15.0,3.0,83.33,4.0,4.0,,0.0,0.0,7.0,0.0,2.0,1.0,2.0,2.0,1.0,2.0,1.0,2.0,1.0,14.0,51.85,1.0,Sangat Baik,1.0,,,,Sangat Baik,1.0,Sangat Baik,1.0,2.0,1.0,Triwulan (terkini),30-39
P223,Laki-laki,SMA/Sederajat,PNS,Pelaksana,Penata Muda Tk. I/IIIb,sistem_lama,0,Tidak Terdaftar,2023,1,,,,,,28.0,25.0,3.0,89.29,3.0,3.0,3.0,0.0,0.0,0.0,0.0,,,,,,,,,,,,0.0,,,,,,,,,,,,,50-59
P223,Laki-laki,SMA/Sederajat,PNS,Pelaksana,Penata Muda Tk. I/IIIb,sistem_lama,0,Tidak Terdaftar,2024,1,,,,,,43.0,38.0,5.0,88.37,5.0,5.0,5.0,0.0,0.0,0.0,0.0,,,,,,,,,,,,0.0,Sangat Baik,1.0,1.0,12.0,0.0,,,,,,,Tahunan,50-59
P223,Laki-laki,SMA/Sederajat,PNS,Pelaksana,Penata Muda Tk. I/IIIb,sistem_lama,0,Tidak Terdaftar,2025,1,20.0,19.0,17.0,7.13,9.87,7.0,4.0,3.0,57.14,1.0,1.0,1.0,0.0,0.0,0.0,0.0,,,,,,,,,,,,0.0,Baik,0.0,1.0,1.0,0.0,,,,,,,Tahunan,50-59
P223,Laki-laki,SMA/Sederajat,PNS,Pelaksana,Penata Muda Tk. I/IIIb,sistem_lama,0,Tidak Terdaftar,2026,0,0.0,0.0,0.0,,,0.0,0.0,0.0,,0.0,0.0,,0.0,0.0,0.0,0.0,,,,,,,,,,,,0.0,,,,,,,,,,0.0,,,50-59
P224,Perempuan,S1,Fungsional,PNS,-,keduanya,1,Aktif,2023,0,,,,,,0.0,0.0,0.0,,0.0,0.0,0.0,0.0,0.0,0.0,0.0,1.0,2.0,1.0,2.0,2.0,1.0,1.0,1.0,2.0,13.0,48.15,1.0,,,,,,,,,,,,,
P224,Perempuan,S1,Fungsional,PNS,-,keduanya,1,Aktif,2024,0,,,,,,0.0,0.0,0.0,,0.0,0.0,0.0,0.0,0.0,0.0,0.0,1.0,2.0,1.0,2.0,2.0,1.0,1.0,1.0,2.0,13.0,48.15,1.0,,,,,,,,,,,,,
P224,Perempuan,S1,Fungsional,PNS,-,keduanya,1,Aktif,2025,1,125.0,124.0,111.0,7.14,9.34,22.0,20.0,2.0,90.91,3.0,3.0,3.0,0.0,0.0,0.0,0.0,1.0,2.0,1.0,2.0,2.0,1.0,1.0,1.0,2.0,13.0,48.15,1.0,Baik,0.0,1.0,7.0,0.0,,,,,,,Tahunan,
P224,Perempuan,S1,Fungsional,PNS,-,keduanya,1,Aktif,2026,1,131.0,127.0,128.0,7.3,9.04,18.0,17.0,1.0,94.44,4.0,4.0,,0.0,0.0,0.0,0.0,1.0,2.0,1.0,2.0,2.0,1.0,1.0,1.0,2.0,13.0,48.15,1.0,Baik,0.0,,,,Baik,0.0,Baik,0.0,2.0,0.0,Triwulan (terkini),
P225,Perempuan,S1,Fungsional,PNS,-,keduanya,1,Aktif,2023,0,,,,,,0.0,0.0,0.0,,0.0,0.0,0.0,0.0,0.0,0.0,0.0,2.0,2.0,2.0,2.0,2.0,1.0,1.0,2.0,2.0,16.0,59.26,1.0,,,,,,,,,,,,,
P225,Perempuan,S1,Fungsional,PNS,-,keduanya,1,Aktif,2024,0,,,,,,0.0,0.0,0.0,,0.0,0.0,0.0,0.0,0.0,0.0,0.0,2.0,2.0,2.0,2.0,2.0,1.0,1.0,2.0,2.0,16.0,59.26,1.0,,,,,,,,,,,,,
P225,Perempuan,S1,Fungsional,PNS,-,keduanya,1,Aktif,2025,1,118.0,117.0,108.0,7.4,9.5,22.0,19.0,3.0,86.36,4.0,4.0,4.0,0.0,0.0,0.0,0.0,2.0,2.0,2.0,2.0,2.0,1.0,1.0,2.0,2.0,16.0,59.26,1.0,Baik,0.0,1.0,7.0,0.0,,,,,,,Tahunan,
P225,Perempuan,S1,Fungsional,PNS,-,keduanya,1,Aktif,2026,1,124.0,121.0,120.0,7.44,9.36,18.0,16.0,2.0,88.89,7.0,7.0,,0.0,0.0,0.0,0.0,2.0,2.0,2.0,2.0,2.0,1.0,1.0,2.0,2.0,16.0,59.26,1.0,Baik,0.0,,,,Baik,0.0,Baik,0.0,2.0,0.0,Triwulan (terkini),
P226,Laki-laki,SMA/SMK,Pelaksana,PNS,III/b,keduanya,1,Aktif,2023,1,,,,,,28.0,28.0,0.0,100.0,4.0,4.0,4.0,1.0,1.0,3.0,0.0,2.0,1.0,2.0,2.0,2.0,1.0,1.0,2.0,3.0,16.0,59.26,1.0,,,,,,,,,,,,,50-59
P226,Laki-laki,SMA/SMK,Pelaksana,PNS,III/b,keduanya,1,Aktif,2024,1,,,,,,43.0,41.0,2.0,95.35,3.0,3.0,3.0,0.0,0.0,3.0,0.0,2.0,1.0,2.0,2.0,2.0,1.0,1.0,2.0,3.0,16.0,59.26,1.0,Baik,0.0,1.0,12.0,0.0,,,,,,,Tahunan,50-59
P226,Laki-laki,SMA/SMK,Pelaksana,PNS,III/b,keduanya,1,Aktif,2025,1,213.0,213.0,200.0,6.95,9.68,34.0,15.0,19.0,44.12,0.0,0.0,0.0,0.0,0.0,3.0,0.0,2.0,1.0,2.0,2.0,2.0,1.0,1.0,2.0,3.0,16.0,59.26,1.0,Baik,0.0,1.0,11.0,0.0,,,,,,,Tahunan,50-59
P226,Laki-laki,SMA/SMK,Pelaksana,PNS,III/b,keduanya,1,Aktif,2026,1,138.0,138.0,135.0,6.91,9.75,18.0,4.0,14.0,22.22,3.0,3.0,,0.0,0.0,3.0,0.0,2.0,1.0,2.0,2.0,2.0,1.0,1.0,2.0,3.0,16.0,59.26,1.0,Baik,0.0,,,,Baik,0.0,Baik,0.0,2.0,0.0,Triwulan (terkini),50-59
P227,Laki-laki,S2,PNS,Widyaiswara,Pembina Tk. I/IVb,sistem_lama,0,Tidak Terdaftar,2023,0,,,,,,0.0,0.0,0.0,,0.0,0.0,0.0,0.0,0.0,0.0,0.0,,,,,,,,,,,,0.0,,,,,,,,,,,,,60+
P227,Laki-laki,S2,PNS,Widyaiswara,Pembina Tk. I/IVb,sistem_lama,0,Tidak Terdaftar,2024,0,,,,,,0.0,0.0,0.0,,0.0,0.0,0.0,0.0,0.0,0.0,0.0,,,,,,,,,,,,0.0,,,,,,,,,,,,,60+
P227,Laki-laki,S2,PNS,Widyaiswara,Pembina Tk. I/IVb,sistem_lama,0,Tidak Terdaftar,2025,0,0.0,0.0,0.0,,,0.0,0.0,0.0,,0.0,0.0,0.0,0.0,0.0,0.0,0.0,,,,,,,,,,,,0.0,,,,,,,,,,,,,60+
P227,Laki-laki,S2,PNS,Widyaiswara,Pembina Tk. I/IVb,sistem_lama,0,Tidak Terdaftar,2026,0,0.0,0.0,0.0,,,0.0,0.0,0.0,,0.0,0.0,,0.0,0.0,0.0,0.0,,,,,,,,,,,,0.0,,,,,,,,,,0.0,,,60+
P228,Laki-laki,SMA/SMK,Pelaksana,PPPK,V,keduanya,1,Aktif,2023,1,,,,,,28.0,20.0,8.0,71.43,1.0,1.0,1.0,0.0,0.0,0.0,0.0,,,,,,,,,,,,0.0,,,,,,,,,,,,,40-49
P228,Laki-laki,SMA/SMK,Pelaksana,PPPK,V,keduanya,1,Aktif,2024,1,,,,,,43.0,38.0,5.0,88.37,2.0,2.0,2.0,0.0,0.0,0.0,0.0,,,,,,,,,,,,0.0,,,,,,,,,,,,,40-49
P228,Laki-laki,SMA/SMK,Pelaksana,PPPK,V,keduanya,1,Aktif,2025,1,62.0,61.0,47.0,6.39,9.15,34.0,33.0,1.0,97.06,2.0,2.0,2.0,0.0,0.0,0.0,0.0,,,,,,,,,,,,0.0,Baik,0.0,1.0,4.0,0.0,,,,,,,Tahunan,40-49
P228,Laki-laki,SMA/SMK,Pelaksana,PPPK,V,keduanya,1,Aktif,2026,1,150.0,149.0,145.0,6.53,9.57,18.0,18.0,0.0,100.0,1.0,1.0,,0.0,0.0,0.0,0.0,,,,,,,,,,,,0.0,Baik,0.0,,,,Baik,0.0,Baik,0.0,2.0,0.0,Triwulan (terkini),40-49
P229,Perempuan,S2,PNS,Struktural,Pembina/IVa,sistem_lama,0,Tidak Terdaftar,2023,0,,,,,,0.0,0.0,0.0,,0.0,0.0,0.0,0.0,0.0,0.0,0.0,,,,,,,,,,,,0.0,,,,,,,,,,,,,60+
P229,Perempuan,S2,PNS,Struktural,Pembina/IVa,sistem_lama,0,Tidak Terdaftar,2024,0,,,,,,0.0,0.0,0.0,,0.0,0.0,0.0,0.0,0.0,0.0,0.0,,,,,,,,,,,,0.0,,,,,,,,,,,,,60+
P229,Perempuan,S2,PNS,Struktural,Pembina/IVa,sistem_lama,0,Tidak Terdaftar,2025,0,0.0,0.0,0.0,,,0.0,0.0,0.0,,0.0,0.0,0.0,0.0,0.0,0.0,0.0,,,,,,,,,,,,0.0,,,,,,,,,,,,,60+
P229,Perempuan,S2,PNS,Struktural,Pembina/IVa,sistem_lama,0,Tidak Terdaftar,2026,0,0.0,0.0,0.0,,,0.0,0.0,0.0,,0.0,0.0,,0.0,0.0,0.0,0.0,,,,,,,,,,,,0.0,,,,,,,,,,0.0,,,60+
P230,Laki-laki,S1,Fungsional,PNS,III/c,keduanya,1,Aktif,2023,1,,,,,,28.0,24.0,4.0,85.71,13.0,13.0,13.0,1.0,1.0,5.0,0.0,3.0,3.0,3.0,3.0,3.0,3.0,3.0,2.0,1.0,24.0,88.89,1.0,,,,,,,,,,,,,50-59
P230,Laki-laki,S1,Fungsional,PNS,III/c,keduanya,1,Aktif,2024,1,,,,,,43.0,28.0,15.0,65.12,14.0,14.0,14.0,1.0,1.0,6.0,0.0,3.0,3.0,3.0,3.0,3.0,3.0,3.0,2.0,1.0,24.0,88.89,1.0,Baik,0.0,1.0,12.0,0.0,,,,,,,Tahunan,50-59
P230,Laki-laki,S1,Fungsional,PNS,III/c,keduanya,1,Aktif,2025,1,186.0,178.0,168.0,6.86,10.49,34.0,6.0,28.0,17.65,7.0,7.0,7.0,0.0,0.0,6.0,0.0,3.0,3.0,3.0,3.0,3.0,3.0,3.0,2.0,1.0,24.0,88.89,1.0,Baik,0.0,1.0,11.0,0.0,,,,,,,Tahunan,50-59
P230,Laki-laki,S1,Fungsional,PNS,III/c,keduanya,1,Aktif,2026,1,134.0,132.0,125.0,6.89,10.06,18.0,2.0,16.0,11.11,3.0,3.0,,1.0,0.0,7.0,0.0,3.0,3.0,3.0,3.0,3.0,3.0,3.0,2.0,1.0,24.0,88.89,1.0,Baik,0.0,,,,Baik,0.0,Baik,0.0,2.0,0.0,Triwulan (terkini),50-59
P231,Laki-laki,S2,PNS,Widyaiswara,Pembina Tk. I/IVb,sistem_lama,0,Tidak Terdaftar,2023,0,,,,,,0.0,0.0,0.0,,0.0,0.0,0.0,0.0,0.0,0.0,0.0,,,,,,,,,,,,0.0,,,,,,,,,,,,,60+
P231,Laki-laki,S2,PNS,Widyaiswara,Pembina Tk. I/IVb,sistem_lama,0,Tidak Terdaftar,2024,0,,,,,,0.0,0.0,0.0,,0.0,0.0,0.0,0.0,0.0,0.0,0.0,,,,,,,,,,,,0.0,,,,,,,,,,,,,60+
P231,Laki-laki,S2,PNS,Widyaiswara,Pembina Tk. I/IVb,sistem_lama,0,Tidak Terdaftar,2025,0,0.0,0.0,0.0,,,0.0,0.0,0.0,,0.0,0.0,0.0,0.0,0.0,0.0,0.0,,,,,,,,,,,,0.0,,,,,,,,,,,,,60+
P231,Laki-laki,S2,PNS,Widyaiswara,Pembina Tk. I/IVb,sistem_lama,0,Tidak Terdaftar,2026,0,0.0,0.0,0.0,,,0.0,0.0,0.0,,0.0,0.0,,0.0,0.0,0.0,0.0,,,,,,,,,,,,0.0,,,,,,,,,,0.0,,,60+
P232,Perempuan,SMA/Sederajat,PPNPN,PPNPN,-,sistem_lama,0,Tidak Terdaftar,2023,0,,,,,,0.0,0.0,0.0,,0.0,0.0,0.0,0.0,0.0,0.0,0.0,,,,,,,,,,,,0.0,,,,,,,,,,,,,
P232,Perempuan,SMA/Sederajat,PPNPN,PPNPN,-,sistem_lama,0,Tidak Terdaftar,2024,0,,,,,,0.0,0.0,0.0,,0.0,0.0,0.0,0.0,0.0,0.0,0.0,,,,,,,,,,,,0.0,,,,,,,,,,,,,
P232,Perempuan,SMA/Sederajat,PPNPN,PPNPN,-,sistem_lama,0,Tidak Terdaftar,2025,0,0.0,0.0,0.0,,,0.0,0.0,0.0,,0.0,0.0,0.0,0.0,0.0,0.0,0.0,,,,,,,,,,,,0.0,,,,,,,,,,,,,
P232,Perempuan,SMA/Sederajat,PPNPN,PPNPN,-,sistem_lama,0,Tidak Terdaftar,2026,0,0.0,0.0,0.0,,,0.0,0.0,0.0,,0.0,0.0,,0.0,0.0,0.0,0.0,,,,,,,,,,,,0.0,,,,,,,,,,0.0,,,
P233,Perempuan,SMA/Sederajat,PNS,Pelaksana,Penata Muda Tk. I/IIIb,sistem_lama,0,Tidak Terdaftar,2023,1,,,,,,28.0,26.0,2.0,92.86,2.0,2.0,2.0,0.0,0.0,0.0,0.0,,,,,,,,,,,,0.0,,,,,,,,,,,,,50-59
P233,Perempuan,SMA/Sederajat,PNS,Pelaksana,Penata Muda Tk. I/IIIb,sistem_lama,0,Tidak Terdaftar,2024,1,,,,,,43.0,40.0,3.0,93.02,5.0,5.0,5.0,0.0,0.0,0.0,0.0,,,,,,,,,,,,0.0,Sangat Baik,1.0,2.0,10.0,1.0,,,,,,,Tahunan,50-59
P233,Perempuan,SMA/Sederajat,PNS,Pelaksana,Penata Muda Tk. I/IIIb,sistem_lama,0,Tidak Terdaftar,2025,1,138.0,137.0,131.0,7.45,8.74,34.0,31.0,3.0,91.18,1.0,1.0,1.0,0.0,0.0,0.0,0.0,,,,,,,,,,,,0.0,Baik,0.0,1.0,11.0,0.0,,,,,,,Tahunan,50-59
P233,Perempuan,SMA/Sederajat,PNS,Pelaksana,Penata Muda Tk. I/IIIb,sistem_lama,0,Tidak Terdaftar,2026,0,0.0,0.0,0.0,,,0.0,0.0,0.0,,0.0,0.0,,0.0,0.0,0.0,0.0,,,,,,,,,,,,0.0,,,,,,,,,,0.0,,,50-59
P234,Perempuan,S2,PNS,Widyaiswara,Pembina/IVa,sistem_lama,0,Tidak Terdaftar,2023,0,,,,,,0.0,0.0,0.0,,0.0,0.0,0.0,0.0,0.0,0.0,0.0,,,,,,,,,,,,0.0,,,,,,,,,,,,,60+
P234,Perempuan,S2,PNS,Widyaiswara,Pembina/IVa,sistem_lama,0,Tidak Terdaftar,2024,0,,,,,,0.0,0.0,0.0,,0.0,0.0,0.0,0.0,0.0,0.0,0.0,,,,,,,,,,,,0.0,,,,,,,,,,,,,60+
P234,Perempuan,S2,PNS,Widyaiswara,Pembina/IVa,sistem_lama,0,Tidak Terdaftar,2025,0,0.0,0.0,0.0,,,0.0,0.0,0.0,,0.0,0.0,0.0,0.0,0.0,0.0,0.0,,,,,,,,,,,,0.0,,,,,,,,,,,,,60+
P234,Perempuan,S2,PNS,Widyaiswara,Pembina/IVa,sistem_lama,0,Tidak Terdaftar,2026,0,0.0,0.0,0.0,,,0.0,0.0,0.0,,0.0,0.0,,0.0,0.0,0.0,0.0,,,,,,,,,,,,0.0,,,,,,,,,,0.0,,,60+
P235,Laki-laki,SMA/SMK,Pelaksana,PNS,III/a,keduanya,1,Aktif,2023,1,,,,,,28.0,25.0,3.0,89.29,2.0,2.0,2.0,1.0,1.0,6.0,0.0,1.0,1.0,1.0,1.0,2.0,1.0,1.0,1.0,2.0,11.0,40.74,1.0,,,,,,,,,,,,,50-59
P235,Laki-laki,SMA/SMK,Pelaksana,PNS,III/a,keduanya,1,Aktif,2024,1,,,,,,43.0,39.0,4.0,90.7,2.0,2.0,2.0,2.0,2.0,8.0,0.0,1.0,1.0,1.0,1.0,2.0,1.0,1.0,1.0,2.0,11.0,40.74,1.0,Baik,0.0,2.0,12.0,0.0,,,,,,,Tahunan,50-59
P235,Laki-laki,SMA/SMK,Pelaksana,PNS,III/a,keduanya,1,Aktif,2025,1,216.0,216.0,208.0,6.43,9.69,34.0,33.0,1.0,97.06,0.0,0.0,0.0,0.0,0.0,8.0,0.0,1.0,1.0,1.0,1.0,2.0,1.0,1.0,1.0,2.0,11.0,40.74,1.0,Baik,0.0,1.0,11.0,0.0,,,,,,,Tahunan,50-59
P235,Laki-laki,SMA/SMK,Pelaksana,PNS,III/a,keduanya,1,Aktif,2026,1,143.0,143.0,140.0,6.5,9.58,18.0,18.0,0.0,100.0,1.0,1.0,,0.0,0.0,8.0,0.0,1.0,1.0,1.0,1.0,2.0,1.0,1.0,1.0,2.0,11.0,40.74,1.0,Baik,0.0,,,,Baik,0.0,Baik,0.0,2.0,0.0,Triwulan (terkini),50-59
P236,Perempuan,S1/D4,PNS,Fungsional,Penata Tk. I/IIId,sistem_lama,0,Tidak Terdaftar,2023,1,,,,,,28.0,2.0,26.0,7.14,13.0,13.0,13.0,0.0,0.0,0.0,0.0,,,,,,,,,,,,0.0,,,,,,,,,,,,,50-59
P236,Perempuan,S1/D4,PNS,Fungsional,Penata Tk. I/IIId,sistem_lama,0,Tidak Terdaftar,2024,1,,,,,,32.0,9.0,23.0,28.12,7.0,7.0,7.0,0.0,0.0,0.0,0.0,,,,,,,,,,,,0.0,,,,,,,,,,,,,50-59
P236,Perempuan,S1/D4,PNS,Fungsional,Penata Tk. I/IIId,sistem_lama,0,Tidak Terdaftar,2025,0,0.0,0.0,0.0,,,0.0,0.0,0.0,,0.0,0.0,0.0,0.0,0.0,0.0,0.0,,,,,,,,,,,,0.0,,,,,,,,,,,,,50-59
P236,Perempuan,S1/D4,PNS,Fungsional,Penata Tk. I/IIId,sistem_lama,0,Tidak Terdaftar,2026,0,0.0,0.0,0.0,,,0.0,0.0,0.0,,0.0,0.0,,0.0,0.0,0.0,0.0,,,,,,,,,,,,0.0,,,,,,,,,,0.0,,,50-59
P237,Laki-laki,S2,Fungsional,PNS,III/d,keduanya,1,Aktif,2023,1,,,,,,28.0,25.0,3.0,89.29,15.0,15.0,15.0,2.0,2.0,5.0,0.0,2.0,2.0,1.0,2.0,2.0,2.0,2.0,2.0,2.0,17.0,62.96,1.0,,,,,,,,,,,,,50-59
P237,Laki-laki,S2,Fungsional,PNS,III/d,keduanya,1,Aktif,2024,1,,,,,,43.0,35.0,8.0,81.4,18.0,18.0,18.0,1.0,1.0,6.0,0.0,2.0,2.0,1.0,2.0,2.0,2.0,2.0,2.0,2.0,17.0,62.96,1.0,Sangat Baik,1.0,1.0,12.0,0.0,,,,,,,Tahunan,50-59
P237,Laki-laki,S2,Fungsional,PNS,III/d,keduanya,1,Aktif,2025,1,161.0,161.0,152.0,7.54,9.03,34.0,24.0,10.0,70.59,12.0,12.0,12.0,0.0,0.0,6.0,0.0,2.0,2.0,1.0,2.0,2.0,2.0,2.0,2.0,2.0,17.0,62.96,1.0,Sangat Baik,1.0,1.0,11.0,0.0,,,,,,,Tahunan,50-59
P237,Laki-laki,S2,Fungsional,PNS,III/d,keduanya,1,Aktif,2026,1,114.0,114.0,112.0,7.46,8.82,18.0,13.0,5.0,72.22,11.0,11.0,,0.0,0.0,6.0,0.0,2.0,2.0,1.0,2.0,2.0,2.0,2.0,2.0,2.0,17.0,62.96,1.0,Sangat Baik,1.0,,,,Baik,0.0,Sangat Baik,1.0,2.0,0.0,Triwulan (terkini),50-59
P238,Laki-laki,SMA/Sederajat,PPNPN,PPNPN,-,sistem_lama,0,Tidak Terdaftar,2023,1,,,,,,28.0,15.0,13.0,53.57,0.0,0.0,0.0,0.0,0.0,0.0,0.0,,,,,,,,,,,,0.0,,,,,,,,,,,,,50-59
P238,Laki-laki,SMA/Sederajat,PPNPN,PPNPN,-,sistem_lama,0,Tidak Terdaftar,2024,1,,,,,,43.0,31.0,12.0,72.09,2.0,2.0,2.0,0.0,0.0,0.0,0.0,,,,,,,,,,,,0.0,,,,,,,,,,,,,50-59
P238,Laki-laki,SMA/Sederajat,PPNPN,PPNPN,-,sistem_lama,0,Tidak Terdaftar,2025,1,0.0,0.0,0.0,,,34.0,27.0,7.0,79.41,0.0,0.0,0.0,0.0,0.0,0.0,0.0,,,,,,,,,,,,0.0,,,,,,,,,,,,,50-59
P238,Laki-laki,SMA/Sederajat,PPNPN,PPNPN,-,sistem_lama,0,Tidak Terdaftar,2026,0,0.0,0.0,0.0,,,0.0,0.0,0.0,,0.0,0.0,,0.0,0.0,0.0,0.0,,,,,,,,,,,,0.0,,,,,,,,,,0.0,,,50-59
P239,Laki-laki,S2,Fungsional,PNS,IV/c,keduanya,1,Aktif,2023,1,,,,,,28.0,19.0,9.0,67.86,20.0,20.0,20.0,2.0,2.0,33.0,0.0,2.0,2.0,2.0,2.0,1.0,2.0,2.0,1.0,2.0,16.0,59.26,1.0,,,,,,,,,,,,,50-59
P239,Laki-laki,S2,Fungsional,PNS,IV/c,keduanya,1,Aktif,2024,1,,,,,,43.0,37.0,6.0,86.05,33.0,33.0,33.0,0.0,0.0,33.0,0.0,2.0,2.0,2.0,2.0,1.0,2.0,2.0,1.0,2.0,16.0,59.26,1.0,Sangat Baik,1.0,1.0,12.0,0.0,,,,,,,Tahunan,50-59
P239,Laki-laki,S2,Fungsional,PNS,IV/c,keduanya,1,Aktif,2025,1,154.0,153.0,144.0,7.18,9.32,34.0,28.0,6.0,82.35,20.0,20.0,20.0,0.0,0.0,33.0,0.0,2.0,2.0,2.0,2.0,1.0,2.0,2.0,1.0,2.0,16.0,59.26,1.0,Sangat Baik,1.0,1.0,11.0,0.0,,,,,,,Tahunan,50-59
P239,Laki-laki,S2,Fungsional,PNS,IV/c,keduanya,1,Aktif,2026,1,120.0,120.0,115.0,7.01,9.13,18.0,16.0,2.0,88.89,9.0,9.0,,0.0,0.0,33.0,0.0,2.0,2.0,2.0,2.0,1.0,2.0,2.0,1.0,2.0,16.0,59.26,1.0,Sangat Baik,1.0,,,,Sangat Baik,1.0,Sangat Baik,1.0,2.0,1.0,Triwulan (terkini),50-59
P240,Perempuan,SMA/Sederajat,PNS,Pelaksana,Penata Muda Tk. I/IIIb,sistem_lama,0,Tidak Terdaftar,2023,1,,,,,,28.0,25.0,3.0,89.29,8.0,8.0,8.0,0.0,0.0,0.0,0.0,,,,,,,,,,,,0.0,,,,,,,,,,,,,50-59
P240,Perempuan,SMA/Sederajat,PNS,Pelaksana,Penata Muda Tk. I/IIIb,sistem_lama,0,Tidak Terdaftar,2024,1,,,,,,6.0,4.0,2.0,66.67,2.0,2.0,2.0,0.0,0.0,0.0,0.0,,,,,,,,,,,,0.0,,,,,,,,,,,,,50-59
P240,Perempuan,SMA/Sederajat,PNS,Pelaksana,Penata Muda Tk. I/IIIb,sistem_lama,0,Tidak Terdaftar,2025,0,0.0,0.0,0.0,,,0.0,0.0,0.0,,0.0,0.0,0.0,0.0,0.0,0.0,0.0,,,,,,,,,,,,0.0,,,,,,,,,,,,,50-59
P240,Perempuan,SMA/Sederajat,PNS,Pelaksana,Penata Muda Tk. I/IIIb,sistem_lama,0,Tidak Terdaftar,2026,0,0.0,0.0,0.0,,,0.0,0.0,0.0,,0.0,0.0,,0.0,0.0,0.0,0.0,,,,,,,,,,,,0.0,,,,,,,,,,0.0,,,50-59
P241,Laki-laki,SMA/Sederajat,PPNPN,PPNPN,-,sistem_lama,0,Tidak Terdaftar,2023,1,,,,,,28.0,22.0,6.0,78.57,1.0,1.0,1.0,0.0,0.0,0.0,0.0,,,,,,,,,,,,0.0,,,,,,,,,,,,,<30
P241,Laki-laki,SMA/Sederajat,PPNPN,PPNPN,-,sistem_lama,0,Tidak Terdaftar,2024,1,,,,,,43.0,41.0,2.0,95.35,1.0,1.0,1.0,0.0,0.0,0.0,0.0,,,,,,,,,,,,0.0,,,,,,,,,,,,,<30
P241,Laki-laki,SMA/Sederajat,PPNPN,PPNPN,-,sistem_lama,0,Tidak Terdaftar,2025,1,0.0,0.0,0.0,,,34.0,28.0,6.0,82.35,0.0,0.0,0.0,0.0,0.0,0.0,0.0,,,,,,,,,,,,0.0,,,,,,,,,,,,,<30
P241,Laki-laki,SMA/Sederajat,PPNPN,PPNPN,-,sistem_lama,0,Tidak Terdaftar,2026,0,0.0,0.0,0.0,,,0.0,0.0,0.0,,0.0,0.0,,0.0,0.0,0.0,0.0,,,,,,,,,,,,0.0,,,,,,,,,,0.0,,,<30
P242,Laki-laki,S2,PNS,Widyaiswara,Pembina/IVa,sistem_lama,0,Tidak Terdaftar,2023,0,,,,,,0.0,0.0,0.0,,0.0,0.0,0.0,0.0,0.0,0.0,0.0,,,,,,,,,,,,0.0,,,,,,,,,,,,,60+
P242,Laki-laki,S2,PNS,Widyaiswara,Pembina/IVa,sistem_lama,0,Tidak Terdaftar,2024,0,,,,,,0.0,0.0,0.0,,0.0,0.0,0.0,0.0,0.0,0.0,0.0,,,,,,,,,,,,0.0,,,,,,,,,,,,,60+
P242,Laki-laki,S2,PNS,Widyaiswara,Pembina/IVa,sistem_lama,0,Tidak Terdaftar,2025,0,0.0,0.0,0.0,,,0.0,0.0,0.0,,0.0,0.0,0.0,0.0,0.0,0.0,0.0,,,,,,,,,,,,0.0,,,,,,,,,,,,,60+
P242,Laki-laki,S2,PNS,Widyaiswara,Pembina/IVa,sistem_lama,0,Tidak Terdaftar,2026,0,0.0,0.0,0.0,,,0.0,0.0,0.0,,0.0,0.0,,0.0,0.0,0.0,0.0,,,,,,,,,,,,0.0,,,,,,,,,,0.0,,,60+
P243,Perempuan,SMA/SMK,Pelaksana,PNS,III/b,keduanya,0,Tidak Aktif,2023,1,,,,,,28.0,24.0,4.0,85.71,1.0,1.0,1.0,0.0,0.0,0.0,0.0,,,,,,,,,,,,0.0,,,,,,,,,,,,,50-59
P243,Perempuan,SMA/SMK,Pelaksana,PNS,III/b,keduanya,0,Tidak Aktif,2024,1,,,,,,43.0,38.0,5.0,88.37,1.0,1.0,1.0,0.0,0.0,0.0,0.0,,,,,,,,,,,,0.0,Baik,0.0,1.0,12.0,0.0,,,,,,,Tahunan,50-59
P243,Perempuan,SMA/SMK,Pelaksana,PNS,III/b,keduanya,0,Tidak Aktif,2025,1,189.0,188.0,177.0,7.17,9.05,34.0,20.0,14.0,58.82,0.0,0.0,0.0,0.0,0.0,0.0,0.0,,,,,,,,,,,,0.0,Baik,0.0,1.0,11.0,0.0,,,,,,,Tahunan,50-59
P243,Perempuan,SMA/SMK,Pelaksana,PNS,III/b,keduanya,0,Tidak Aktif,2026,1,64.0,64.0,61.0,7.3,8.78,13.0,7.0,6.0,53.85,1.0,1.0,,0.0,0.0,0.0,0.0,,,,,,,,,,,,0.0,Baik,0.0,,,,Baik,0.0,,,1.0,,Triwulan (terkini),50-59
P244,Laki-laki,S2,PNS,Widyaiswara,Pembina Tk. I/IVb,sistem_lama,0,Tidak Terdaftar,2023,0,,,,,,0.0,0.0,0.0,,0.0,0.0,0.0,0.0,0.0,0.0,0.0,,,,,,,,,,,,0.0,,,,,,,,,,,,,60+
P244,Laki-laki,S2,PNS,Widyaiswara,Pembina Tk. I/IVb,sistem_lama,0,Tidak Terdaftar,2024,0,,,,,,0.0,0.0,0.0,,0.0,0.0,0.0,0.0,0.0,0.0,0.0,,,,,,,,,,,,0.0,,,,,,,,,,,,,60+
P244,Laki-laki,S2,PNS,Widyaiswara,Pembina Tk. I/IVb,sistem_lama,0,Tidak Terdaftar,2025,0,0.0,0.0,0.0,,,0.0,0.0,0.0,,0.0,0.0,0.0,0.0,0.0,0.0,0.0,,,,,,,,,,,,0.0,,,,,,,,,,,,,60+
P244,Laki-laki,S2,PNS,Widyaiswara,Pembina Tk. I/IVb,sistem_lama,0,Tidak Terdaftar,2026,0,0.0,0.0,0.0,,,0.0,0.0,0.0,,0.0,0.0,,0.0,0.0,0.0,0.0,,,,,,,,,,,,0.0,,,,,,,,,,0.0,,,60+
P245,Laki-laki,SMA/Sederajat,PNS,Fungsional Umum,Penata Muda Tk. I/IIIb,sistem_lama,0,Tidak Terdaftar,2023,0,,,,,,0.0,0.0,0.0,,0.0,0.0,0.0,0.0,0.0,0.0,0.0,,,,,,,,,,,,0.0,,,,,,,,,,,,,50-59
P245,Laki-laki,SMA/Sederajat,PNS,Fungsional Umum,Penata Muda Tk. I/IIIb,sistem_lama,0,Tidak Terdaftar,2024,0,,,,,,0.0,0.0,0.0,,0.0,0.0,0.0,0.0,0.0,0.0,0.0,,,,,,,,,,,,0.0,,,,,,,,,,,,,60+
P245,Laki-laki,SMA/Sederajat,PNS,Fungsional Umum,Penata Muda Tk. I/IIIb,sistem_lama,0,Tidak Terdaftar,2025,0,0.0,0.0,0.0,,,0.0,0.0,0.0,,0.0,0.0,0.0,0.0,0.0,0.0,0.0,,,,,,,,,,,,0.0,,,,,,,,,,,,,60+
P245,Laki-laki,SMA/Sederajat,PNS,Fungsional Umum,Penata Muda Tk. I/IIIb,sistem_lama,0,Tidak Terdaftar,2026,0,0.0,0.0,0.0,,,0.0,0.0,0.0,,0.0,0.0,,0.0,0.0,0.0,0.0,,,,,,,,,,,,0.0,,,,,,,,,,0.0,,,60+
P246,Laki-laki,SMA/SMK,Pelaksana,PNS,III/a,keduanya,1,Aktif,2023,1,,,,,,28.0,26.0,2.0,92.86,4.0,4.0,4.0,2.0,2.0,5.0,0.0,1.0,1.0,2.0,1.0,2.0,2.0,2.0,2.0,2.0,15.0,55.56,1.0,,,,,,,,,,,,,50-59
P246,Laki-laki,SMA/SMK,Pelaksana,PNS,III/a,keduanya,1,Aktif,2024,1,,,,,,43.0,42.0,1.0,97.67,4.0,4.0,4.0,1.0,1.0,6.0,0.0,1.0,1.0,2.0,1.0,2.0,2.0,2.0,2.0,2.0,15.0,55.56,1.0,Baik,0.0,1.0,12.0,0.0,,,,,,,Tahunan,50-59
P246,Laki-laki,SMA/SMK,Pelaksana,PNS,III/a,keduanya,1,Aktif,2025,1,211.0,210.0,200.0,6.61,9.6,34.0,33.0,1.0,97.06,2.0,2.0,2.0,0.0,0.0,6.0,0.0,1.0,1.0,2.0,1.0,2.0,2.0,2.0,2.0,2.0,15.0,55.56,1.0,Baik,0.0,1.0,11.0,0.0,,,,,,,Tahunan,50-59
P246,Laki-laki,SMA/SMK,Pelaksana,PNS,III/a,keduanya,1,Aktif,2026,1,142.0,141.0,140.0,6.69,9.48,18.0,18.0,0.0,100.0,1.0,1.0,,1.0,0.0,7.0,0.0,1.0,1.0,2.0,1.0,2.0,2.0,2.0,2.0,2.0,15.0,55.56,1.0,Baik,0.0,,,,Baik,0.0,Baik,0.0,2.0,0.0,Triwulan (terkini),50-59
P247,Laki-laki,S2,PNS,Struktural,Pembina/IVa,sistem_lama,0,Tidak Terdaftar,2023,0,,,,,,0.0,0.0,0.0,,0.0,0.0,0.0,0.0,0.0,0.0,0.0,,,,,,,,,,,,0.0,,,,,,,,,,,,,60+
P247,Laki-laki,S2,PNS,Struktural,Pembina/IVa,sistem_lama,0,Tidak Terdaftar,2024,0,,,,,,0.0,0.0,0.0,,0.0,0.0,0.0,0.0,0.0,0.0,0.0,,,,,,,,,,,,0.0,,,,,,,,,,,,,60+
P247,Laki-laki,S2,PNS,Struktural,Pembina/IVa,sistem_lama,0,Tidak Terdaftar,2025,0,0.0,0.0,0.0,,,0.0,0.0,0.0,,0.0,0.0,0.0,0.0,0.0,0.0,0.0,,,,,,,,,,,,0.0,,,,,,,,,,,,,60+
P247,Laki-laki,S2,PNS,Struktural,Pembina/IVa,sistem_lama,0,Tidak Terdaftar,2026,0,0.0,0.0,0.0,,,0.0,0.0,0.0,,0.0,0.0,,0.0,0.0,0.0,0.0,,,,,,,,,,,,0.0,,,,,,,,,,0.0,,,60+
P248,Laki-laki,S2,Fungsional,PNS,IV/b,keduanya,1,Aktif,2023,1,,,,,,28.0,11.0,17.0,39.29,23.0,23.0,23.0,3.0,3.0,33.0,0.0,2.0,2.0,2.0,2.0,1.0,1.0,2.0,2.0,3.0,17.0,62.96,1.0,,,,,,,,,,,,,50-59
P248,Laki-laki,S2,Fungsional,PNS,IV/b,keduanya,1,Aktif,2024,1,,,,,,43.0,37.0,6.0,86.05,19.0,19.0,18.0,1.0,1.0,34.0,0.0,2.0,2.0,2.0,2.0,1.0,1.0,2.0,2.0,3.0,17.0,62.96,1.0,Sangat Baik,1.0,1.0,12.0,0.0,,,,,,,Tahunan,50-59
P248,Laki-laki,S2,Fungsional,PNS,IV/b,keduanya,1,Aktif,2025,1,159.0,159.0,148.0,7.24,9.2,34.0,26.0,8.0,76.47,15.0,15.0,15.0,1.0,1.0,35.0,0.0,2.0,2.0,2.0,2.0,1.0,1.0,2.0,2.0,3.0,17.0,62.96,1.0,Sangat Baik,1.0,1.0,11.0,0.0,,,,,,,Tahunan,50-59
P248,Laki-laki,S2,Fungsional,PNS,IV/b,keduanya,1,Aktif,2026,1,132.0,132.0,129.0,7.14,9.05,18.0,17.0,1.0,94.44,4.0,4.0,,0.0,0.0,35.0,0.0,2.0,2.0,2.0,2.0,1.0,1.0,2.0,2.0,3.0,17.0,62.96,1.0,Sangat Baik,1.0,,,,Sangat Baik,1.0,Sangat Baik,1.0,2.0,1.0,Triwulan (terkini),50-59
P249,Laki-laki,SMA/SMK,Pelaksana,PPPK,V,keduanya,1,Aktif,2023,1,,,,,,28.0,20.0,8.0,71.43,1.0,1.0,1.0,0.0,0.0,0.0,0.0,,,,,,,,,,,,0.0,,,,,,,,,,,,,40-49
P249,Laki-laki,SMA/SMK,Pelaksana,PPPK,V,keduanya,1,Aktif,2024,1,,,,,,43.0,39.0,4.0,90.7,1.0,1.0,1.0,0.0,0.0,0.0,0.0,,,,,,,,,,,,0.0,,,,,,,,,,,,,40-49
P249,Laki-laki,SMA/SMK,Pelaksana,PPPK,V,keduanya,1,Aktif,2025,1,43.0,43.0,1.0,6.97,8.8,34.0,31.0,3.0,91.18,2.0,2.0,2.0,0.0,0.0,0.0,0.0,,,,,,,,,,,,0.0,Baik,0.0,1.0,4.0,0.0,,,,,,,Tahunan,40-49
P249,Laki-laki,SMA/SMK,Pelaksana,PPPK,V,keduanya,1,Aktif,2026,1,108.0,108.0,39.0,7.01,10.13,18.0,15.0,3.0,83.33,1.0,1.0,,0.0,0.0,0.0,0.0,,,,,,,,,,,,0.0,Baik,0.0,,,,Baik,0.0,Baik,0.0,2.0,0.0,Triwulan (terkini),50-59
P250,Laki-laki,S1/D4,PNS,Pelaksana,Penata Tk. I/IIId,sistem_lama,0,Tidak Terdaftar,2023,1,,,,,,28.0,25.0,3.0,89.29,12.0,12.0,11.0,0.0,0.0,0.0,0.0,,,,,,,,,,,,0.0,,,,,,,,,,,,,50-59
P250,Laki-laki,S1/D4,PNS,Pelaksana,Penata Tk. I/IIId,sistem_lama,0,Tidak Terdaftar,2024,1,,,,,,43.0,36.0,7.0,83.72,20.0,20.0,19.0,0.0,0.0,0.0,0.0,,,,,,,,,,,,0.0,Sangat Baik,1.0,2.0,12.0,0.0,,,,,,,Tahunan,50-59
P250,Laki-laki,S1/D4,PNS,Pelaksana,Penata Tk. I/IIId,sistem_lama,0,Tidak Terdaftar,2025,1,50.0,50.0,47.0,7.51,8.48,10.0,8.0,2.0,80.0,0.0,0.0,0.0,0.0,0.0,0.0,0.0,,,,,,,,,,,,0.0,Baik,0.0,1.0,3.0,0.0,,,,,,,Tahunan,50-59
P250,Laki-laki,S1/D4,PNS,Pelaksana,Penata Tk. I/IIId,sistem_lama,0,Tidak Terdaftar,2026,0,0.0,0.0,0.0,,,0.0,0.0,0.0,,0.0,0.0,,0.0,0.0,0.0,0.0,,,,,,,,,,,,0.0,,,,,,,,,,0.0,,,50-59
P251,Laki-laki,SMA/SMK,Pelaksana,PPPK PW,,sistem_baru,1,Aktif,2023,1,,,,,,28.0,17.0,11.0,60.71,0.0,0.0,0.0,0.0,0.0,0.0,0.0,,,,,,,,,,,,0.0,,,,,,,,,,,,,50-59
P251,Laki-laki,SMA/SMK,Pelaksana,PPPK PW,,sistem_baru,1,Aktif,2024,1,,,,,,43.0,39.0,4.0,90.7,0.0,0.0,0.0,0.0,0.0,0.0,0.0,,,,,,,,,,,,0.0,,,,,,,,,,,,,50-59
P251,Laki-laki,SMA/SMK,Pelaksana,PPPK PW,,sistem_baru,1,Aktif,2025,1,0.0,0.0,0.0,,,34.0,33.0,1.0,97.06,0.0,0.0,0.0,0.0,0.0,0.0,0.0,,,,,,,,,,,,0.0,Baik,0.0,1.0,3.0,0.0,,,,,,,Tahunan,50-59
P251,Laki-laki,SMA/SMK,Pelaksana,PPPK PW,,sistem_baru,1,Aktif,2026,1,101.0,100.0,43.0,6.89,13.16,18.0,14.0,4.0,77.78,2.0,2.0,,0.0,0.0,0.0,0.0,,,,,,,,,,,,0.0,Baik,0.0,,,,Baik,0.0,Baik,0.0,2.0,0.0,Triwulan (terkini),50-59
P252,Laki-laki,SMA/SMK,Pelaksana,PPPK PW,,sistem_baru,1,Aktif,2023,1,,,,,,28.0,21.0,7.0,75.0,0.0,0.0,0.0,0.0,0.0,0.0,0.0,,,,,,,,,,,,0.0,,,,,,,,,,,,,40-49
P252,Laki-laki,SMA/SMK,Pelaksana,PPPK PW,,sistem_baru,1,Aktif,2024,1,,,,,,43.0,42.0,1.0,97.67,0.0,0.0,0.0,0.0,0.0,0.0,0.0,,,,,,,,,,,,0.0,,,,,,,,,,,,,40-49
P252,Laki-laki,SMA/SMK,Pelaksana,PPPK PW,,sistem_baru,1,Aktif,2025,1,0.0,0.0,0.0,,,34.0,33.0,1.0,97.06,0.0,0.0,0.0,0.0,0.0,0.0,0.0,,,,,,,,,,,,0.0,Baik,0.0,1.0,3.0,0.0,,,,,,,Tahunan,40-49
P252,Laki-laki,SMA/SMK,Pelaksana,PPPK PW,,sistem_baru,1,Aktif,2026,1,99.0,98.0,39.0,6.82,12.26,18.0,16.0,2.0,88.89,2.0,2.0,,0.0,0.0,0.0,0.0,,,,,,,,,,,,0.0,Baik,0.0,,,,Baik,0.0,Baik,0.0,2.0,0.0,Triwulan (terkini),40-49
P253,Laki-laki,S2,PNS,Struktural,Pembina/IVa,sistem_lama,0,Tidak Terdaftar,2023,0,,,,,,0.0,0.0,0.0,,0.0,0.0,0.0,0.0,0.0,0.0,0.0,,,,,,,,,,,,0.0,,,,,,,,,,,,,50-59
P253,Laki-laki,S2,PNS,Struktural,Pembina/IVa,sistem_lama,0,Tidak Terdaftar,2024,0,,,,,,0.0,0.0,0.0,,0.0,0.0,0.0,0.0,0.0,0.0,0.0,,,,,,,,,,,,0.0,,,,,,,,,,,,,50-59
P253,Laki-laki,S2,PNS,Struktural,Pembina/IVa,sistem_lama,0,Tidak Terdaftar,2025,0,0.0,0.0,0.0,,,0.0,0.0,0.0,,0.0,0.0,0.0,0.0,0.0,0.0,0.0,,,,,,,,,,,,0.0,,,,,,,,,,,,,60+
P253,Laki-laki,S2,PNS,Struktural,Pembina/IVa,sistem_lama,0,Tidak Terdaftar,2026,0,0.0,0.0,0.0,,,0.0,0.0,0.0,,0.0,0.0,,0.0,0.0,0.0,0.0,,,,,,,,,,,,0.0,,,,,,,,,,0.0,,,60+
P254,Laki-laki,SMA/Sederajat,PNS,Pelaksana,Penata Tk. I/IIId,sistem_lama,0,Tidak Terdaftar,2023,1,,,,,,0.0,0.0,0.0,,4.0,4.0,4.0,0.0,0.0,0.0,0.0,,,,,,,,,,,,0.0,,,,,,,,,,,,,50-59
P254,Laki-laki,SMA/Sederajat,PNS,Pelaksana,Penata Tk. I/IIId,sistem_lama,0,Tidak Terdaftar,2024,0,,,,,,0.0,0.0,0.0,,0.0,0.0,0.0,0.0,0.0,0.0,0.0,,,,,,,,,,,,0.0,,,,,,,,,,,,,50-59
P254,Laki-laki,SMA/Sederajat,PNS,Pelaksana,Penata Tk. I/IIId,sistem_lama,0,Tidak Terdaftar,2025,0,0.0,0.0,0.0,,,0.0,0.0,0.0,,0.0,0.0,0.0,0.0,0.0,0.0,0.0,,,,,,,,,,,,0.0,,,,,,,,,,,,,50-59
P254,Laki-laki,SMA/Sederajat,PNS,Pelaksana,Penata Tk. I/IIId,sistem_lama,0,Tidak Terdaftar,2026,0,0.0,0.0,0.0,,,0.0,0.0,0.0,,0.0,0.0,,0.0,0.0,0.0,0.0,,,,,,,,,,,,0.0,,,,,,,,,,0.0,,,50-59
P255,Perempuan,SMA/SMK,Pelaksana,PNS,III/b,keduanya,1,Aktif,2023,1,,,,,,28.0,24.0,4.0,85.71,2.0,2.0,2.0,2.0,2.0,2.0,0.0,1.0,1.0,1.0,1.0,1.0,1.0,1.0,1.0,3.0,11.0,40.74,1.0,,,,,,,,,,,,,50-59
P255,Perempuan,SMA/SMK,Pelaksana,PNS,III/b,keduanya,1,Aktif,2024,1,,,,,,43.0,42.0,1.0,97.67,2.0,2.0,2.0,1.0,1.0,3.0,0.0,1.0,1.0,1.0,1.0,1.0,1.0,1.0,1.0,3.0,11.0,40.74,1.0,Baik,0.0,1.0,12.0,0.0,,,,,,,Tahunan,50-59
P255,Perempuan,SMA/SMK,Pelaksana,PNS,III/b,keduanya,1,Aktif,2025,1,206.0,205.0,195.0,7.44,8.83,34.0,29.0,5.0,85.29,1.0,1.0,1.0,0.0,0.0,3.0,0.0,1.0,1.0,1.0,1.0,1.0,1.0,1.0,1.0,3.0,11.0,40.74,1.0,Baik,0.0,1.0,11.0,0.0,,,,,,,Tahunan,50-59
P255,Perempuan,SMA/SMK,Pelaksana,PNS,III/b,keduanya,1,Aktif,2026,1,139.0,138.0,137.0,7.38,8.84,18.0,18.0,0.0,100.0,3.0,3.0,,0.0,0.0,3.0,0.0,1.0,1.0,1.0,1.0,1.0,1.0,1.0,1.0,3.0,11.0,40.74,1.0,Baik,0.0,,,,Baik,0.0,Baik,0.0,2.0,0.0,Triwulan (terkini),50-59
P256,Perempuan,SMA/Sederajat,PNS,Fungsional Umum,Penata Muda/IIIa,sistem_lama,0,Tidak Terdaftar,2023,0,,,,,,0.0,0.0,0.0,,0.0,0.0,0.0,0.0,0.0,0.0,0.0,,,,,,,,,,,,0.0,,,,,,,,,,,,,60+
P256,Perempuan,SMA/Sederajat,PNS,Fungsional Umum,Penata Muda/IIIa,sistem_lama,0,Tidak Terdaftar,2024,0,,,,,,0.0,0.0,0.0,,0.0,0.0,0.0,0.0,0.0,0.0,0.0,,,,,,,,,,,,0.0,,,,,,,,,,,,,60+
P256,Perempuan,SMA/Sederajat,PNS,Fungsional Umum,Penata Muda/IIIa,sistem_lama,0,Tidak Terdaftar,2025,0,0.0,0.0,0.0,,,0.0,0.0,0.0,,0.0,0.0,0.0,0.0,0.0,0.0,0.0,,,,,,,,,,,,0.0,,,,,,,,,,,,,60+
P256,Perempuan,SMA/Sederajat,PNS,Fungsional Umum,Penata Muda/IIIa,sistem_lama,0,Tidak Terdaftar,2026,0,0.0,0.0,0.0,,,0.0,0.0,0.0,,0.0,0.0,,0.0,0.0,0.0,0.0,,,,,,,,,,,,0.0,,,,,,,,,,0.0,,,60+
P257,Laki-laki,S2,PNS,Widyaiswara,Pembina Tk. I/IVb,sistem_lama,0,Tidak Terdaftar,2023,0,,,,,,0.0,0.0,0.0,,0.0,0.0,0.0,0.0,0.0,0.0,0.0,,,,,,,,,,,,0.0,,,,,,,,,,,,,30-39
P257,Laki-laki,S2,PNS,Widyaiswara,Pembina Tk. I/IVb,sistem_lama,0,Tidak Terdaftar,2024,0,,,,,,0.0,0.0,0.0,,0.0,0.0,0.0,0.0,0.0,0.0,0.0,,,,,,,,,,,,0.0,,,,,,,,,,,,,30-39
P257,Laki-laki,S2,PNS,Widyaiswara,Pembina Tk. I/IVb,sistem_lama,0,Tidak Terdaftar,2025,0,0.0,0.0,0.0,,,0.0,0.0,0.0,,0.0,0.0,0.0,0.0,0.0,0.0,0.0,,,,,,,,,,,,0.0,,,,,,,,,,,,,30-39
P257,Laki-laki,S2,PNS,Widyaiswara,Pembina Tk. I/IVb,sistem_lama,0,Tidak Terdaftar,2026,0,0.0,0.0,0.0,,,0.0,0.0,0.0,,0.0,0.0,,0.0,0.0,0.0,0.0,,,,,,,,,,,,0.0,,,,,,,,,,0.0,,,30-39
P258,Laki-laki,SMA/SMK,Pelaksana,PPPK,V,keduanya,1,Aktif,2023,1,,,,,,28.0,19.0,9.0,67.86,1.0,1.0,1.0,0.0,0.0,0.0,0.0,,,,,,,,,,,,0.0,,,,,,,,,,,,,40-49
P258,Laki-laki,SMA/SMK,Pelaksana,PPPK,V,keduanya,1,Aktif,2024,1,,,,,,43.0,37.0,6.0,86.05,1.0,1.0,1.0,0.0,0.0,0.0,0.0,,,,,,,,,,,,0.0,,,,,,,,,,,,,40-49
P258,Laki-laki,SMA/SMK,Pelaksana,PPPK,V,keduanya,1,Aktif,2025,1,60.0,59.0,53.0,6.5,9.9,34.0,32.0,2.0,94.12,2.0,2.0,2.0,0.0,0.0,0.0,0.0,,,,,,,,,,,,0.0,Baik,0.0,1.0,4.0,0.0,,,,,,,Tahunan,40-49
P258,Laki-laki,SMA/SMK,Pelaksana,PPPK,V,keduanya,1,Aktif,2026,1,146.0,145.0,141.0,6.9,9.61,18.0,18.0,0.0,100.0,1.0,1.0,,0.0,0.0,0.0,0.0,,,,,,,,,,,,0.0,Baik,0.0,,,,Baik,0.0,Baik,0.0,2.0,0.0,Triwulan (terkini),40-49
P259,Laki-laki,S1/D4,PNS,Fungsional Umum,Penata Tk. I/IIId,sistem_lama,0,Tidak Terdaftar,2023,0,,,,,,0.0,0.0,0.0,,0.0,0.0,0.0,0.0,0.0,0.0,0.0,,,,,,,,,,,,0.0,,,,,,,,,,,,,50-59
P259,Laki-laki,S1/D4,PNS,Fungsional Umum,Penata Tk. I/IIId,sistem_lama,0,Tidak Terdaftar,2024,0,,,,,,0.0,0.0,0.0,,0.0,0.0,0.0,0.0,0.0,0.0,0.0,,,,,,,,,,,,0.0,,,,,,,,,,,,,60+
P259,Laki-laki,S1/D4,PNS,Fungsional Umum,Penata Tk. I/IIId,sistem_lama,0,Tidak Terdaftar,2025,0,0.0,0.0,0.0,,,0.0,0.0,0.0,,0.0,0.0,0.0,0.0,0.0,0.0,0.0,,,,,,,,,,,,0.0,,,,,,,,,,,,,60+
P259,Laki-laki,S1/D4,PNS,Fungsional Umum,Penata Tk. I/IIId,sistem_lama,0,Tidak Terdaftar,2026,0,0.0,0.0,0.0,,,0.0,0.0,0.0,,0.0,0.0,,0.0,0.0,0.0,0.0,,,,,,,,,,,,0.0,,,,,,,,,,0.0,,,60+
P260,Laki-laki,S2,PNS,Widyaiswara,Pembina Tk. I/IVb,sistem_lama,0,Tidak Terdaftar,2023,0,,,,,,0.0,0.0,0.0,,0.0,0.0,0.0,0.0,0.0,0.0,0.0,,,,,,,,,,,,0.0,,,,,,,,,,,,,60+
P260,Laki-laki,S2,PNS,Widyaiswara,Pembina Tk. I/IVb,sistem_lama,0,Tidak Terdaftar,2024,0,,,,,,0.0,0.0,0.0,,0.0,0.0,0.0,0.0,0.0,0.0,0.0,,,,,,,,,,,,0.0,,,,,,,,,,,,,60+
P260,Laki-laki,S2,PNS,Widyaiswara,Pembina Tk. I/IVb,sistem_lama,0,Tidak Terdaftar,2025,0,0.0,0.0,0.0,,,0.0,0.0,0.0,,0.0,0.0,0.0,0.0,0.0,0.0,0.0,,,,,,,,,,,,0.0,,,,,,,,,,,,,60+
P260,Laki-laki,S2,PNS,Widyaiswara,Pembina Tk. I/IVb,sistem_lama,0,Tidak Terdaftar,2026,0,0.0,0.0,0.0,,,0.0,0.0,0.0,,0.0,0.0,,0.0,0.0,0.0,0.0,,,,,,,,,,,,0.0,,,,,,,,,,0.0,,,60+
P261,Laki-laki,S3,PNS,Widyaiswara,Pembina Utama Madya/IVd,sistem_lama,0,Tidak Terdaftar,2023,0,,,,,,0.0,0.0,0.0,,0.0,0.0,0.0,0.0,0.0,0.0,0.0,,,,,,,,,,,,0.0,,,,,,,,,,,,,50-59
P261,Laki-laki,S3,PNS,Widyaiswara,Pembina Utama Madya/IVd,sistem_lama,0,Tidak Terdaftar,2024,0,,,,,,0.0,0.0,0.0,,0.0,0.0,0.0,0.0,0.0,0.0,0.0,,,,,,,,,,,,0.0,,,,,,,,,,,,,50-59
P261,Laki-laki,S3,PNS,Widyaiswara,Pembina Utama Madya/IVd,sistem_lama,0,Tidak Terdaftar,2025,0,0.0,0.0,0.0,,,0.0,0.0,0.0,,0.0,0.0,0.0,0.0,0.0,0.0,0.0,,,,,,,,,,,,0.0,,,,,,,,,,,,,60+
P261,Laki-laki,S3,PNS,Widyaiswara,Pembina Utama Madya/IVd,sistem_lama,0,Tidak Terdaftar,2026,0,0.0,0.0,0.0,,,0.0,0.0,0.0,,0.0,0.0,,0.0,0.0,0.0,0.0,,,,,,,,,,,,0.0,,,,,,,,,,0.0,,,60+
P262,Laki-laki,S2,PNS,Widyaiswara,Pembina Utama Muda/IVc,sistem_lama,0,Tidak Terdaftar,2023,0,,,,,,0.0,0.0,0.0,,0.0,0.0,0.0,0.0,0.0,0.0,0.0,,,,,,,,,,,,0.0,,,,,,,,,,,,,60+
P262,Laki-laki,S2,PNS,Widyaiswara,Pembina Utama Muda/IVc,sistem_lama,0,Tidak Terdaftar,2024,0,,,,,,0.0,0.0,0.0,,0.0,0.0,0.0,0.0,0.0,0.0,0.0,,,,,,,,,,,,0.0,,,,,,,,,,,,,60+
P262,Laki-laki,S2,PNS,Widyaiswara,Pembina Utama Muda/IVc,sistem_lama,0,Tidak Terdaftar,2025,0,0.0,0.0,0.0,,,0.0,0.0,0.0,,0.0,0.0,0.0,0.0,0.0,0.0,0.0,,,,,,,,,,,,0.0,,,,,,,,,,,,,60+
P262,Laki-laki,S2,PNS,Widyaiswara,Pembina Utama Muda/IVc,sistem_lama,0,Tidak Terdaftar,2026,0,0.0,0.0,0.0,,,0.0,0.0,0.0,,0.0,0.0,,0.0,0.0,0.0,0.0,,,,,,,,,,,,0.0,,,,,,,,,,0.0,,,60+
P263,Laki-laki,SMA/SMK,Pelaksana,PPPK,V,keduanya,1,Aktif,2023,1,,,,,,28.0,24.0,4.0,85.71,10.0,10.0,10.0,0.0,0.0,0.0,0.0,,,,,,,,,,,,0.0,,,,,,,,,,,,,40-49
P263,Laki-laki,SMA/SMK,Pelaksana,PPPK,V,keduanya,1,Aktif,2024,1,,,,,,43.0,41.0,2.0,95.35,8.0,8.0,8.0,0.0,0.0,0.0,0.0,,,,,,,,,,,,0.0,,,,,,,,,,,,,40-49
P263,Laki-laki,SMA/SMK,Pelaksana,PPPK,V,keduanya,1,Aktif,2025,1,45.0,44.0,41.0,7.13,9.19,34.0,25.0,9.0,73.53,13.0,13.0,13.0,4.0,4.0,4.0,0.0,,,,,,,,,,,,0.0,Baik,0.0,1.0,4.0,0.0,,,,,,,Tahunan,40-49
P263,Laki-laki,SMA/SMK,Pelaksana,PPPK,V,keduanya,1,Aktif,2026,1,133.0,131.0,127.0,7.1,9.1,18.0,18.0,0.0,100.0,9.0,9.0,,1.0,0.0,5.0,0.0,,,,,,,,,,,,0.0,Baik,0.0,,,,Baik,0.0,Baik,0.0,2.0,0.0,Triwulan (terkini),50-59
P264,Perempuan,S2,Fungsional,PNS,IV/a,keduanya,1,Aktif,2023,1,,,,,,28.0,23.0,5.0,82.14,16.0,16.0,16.0,2.0,2.0,3.0,0.0,2.0,2.0,1.0,2.0,2.0,2.0,2.0,2.0,1.0,16.0,59.26,1.0,,,,,,,,,,,,,40-49
P264,Perempuan,S2,Fungsional,PNS,IV/a,keduanya,1,Aktif,2024,1,,,,,,43.0,36.0,7.0,83.72,18.0,18.0,18.0,0.0,0.0,3.0,0.0,2.0,2.0,1.0,2.0,2.0,2.0,2.0,2.0,1.0,16.0,59.26,1.0,Sangat Baik,1.0,1.0,12.0,0.0,,,,,,,Tahunan,40-49
P264,Perempuan,S2,Fungsional,PNS,IV/a,keduanya,1,Aktif,2025,1,170.0,167.0,159.0,7.02,9.36,34.0,21.0,13.0,61.76,11.0,11.0,11.0,2.0,2.0,5.0,0.0,2.0,2.0,1.0,2.0,2.0,2.0,2.0,2.0,1.0,16.0,59.26,1.0,Sangat Baik,1.0,2.0,11.0,0.0,,,,,,,Tahunan,40-49
P264,Perempuan,S2,Fungsional,PNS,IV/a,keduanya,1,Aktif,2026,1,115.0,114.0,110.0,6.93,9.24,18.0,9.0,9.0,50.0,3.0,3.0,,3.0,3.0,8.0,0.0,2.0,2.0,1.0,2.0,2.0,2.0,2.0,2.0,1.0,16.0,59.26,1.0,Baik,0.0,,,,Baik,0.0,Baik,0.0,2.0,0.0,Triwulan (terkini),40-49
P265,Perempuan,S1,Pelaksana,PNS,III/d,keduanya,1,Aktif,2023,1,,,,,,28.0,21.0,7.0,75.0,18.0,18.0,18.0,2.0,2.0,6.0,0.0,,,,,,,,,,,,0.0,,,,,,,,,,,,,50-59
P265,Perempuan,S1,Pelaksana,PNS,III/d,keduanya,1,Aktif,2024,1,,,,,,43.0,22.0,21.0,51.16,19.0,19.0,19.0,0.0,0.0,6.0,0.0,,,,,,,,,,,,0.0,Sangat Baik,1.0,1.0,12.0,0.0,,,,,,,Tahunan,50-59
P265,Perempuan,S1,Pelaksana,PNS,III/d,keduanya,1,Aktif,2025,1,162.0,153.0,134.0,7.22,9.86,34.0,17.0,17.0,50.0,20.0,20.0,20.0,0.0,0.0,6.0,0.0,,,,,,,,,,,,0.0,Sangat Baik,1.0,1.0,11.0,0.0,,,,,,,Tahunan,50-59
P265,Perempuan,S1,Pelaksana,PNS,III/d,keduanya,1,Aktif,2026,1,109.0,106.0,97.0,6.9,10.35,18.0,15.0,3.0,83.33,12.0,12.0,,0.0,0.0,6.0,0.0,,,,,,,,,,,,0.0,Sangat Baik,1.0,,,,Sangat Baik,1.0,Sangat Baik,1.0,2.0,1.0,Triwulan (terkini),50-59
P266,Laki-laki,SMA/Sederajat,PNS,Fungsional Umum,Penata Muda Tk. I/IIIb,sistem_lama,0,Tidak Terdaftar,2023,0,,,,,,0.0,0.0,0.0,,0.0,0.0,0.0,0.0,0.0,0.0,0.0,,,,,,,,,,,,0.0,,,,,,,,,,,,,50-59
P266,Laki-laki,SMA/Sederajat,PNS,Fungsional Umum,Penata Muda Tk. I/IIIb,sistem_lama,0,Tidak Terdaftar,2024,0,,,,,,0.0,0.0,0.0,,0.0,0.0,0.0,0.0,0.0,0.0,0.0,,,,,,,,,,,,0.0,,,,,,,,,,,,,60+
P266,Laki-laki,SMA/Sederajat,PNS,Fungsional Umum,Penata Muda Tk. I/IIIb,sistem_lama,0,Tidak Terdaftar,2025,0,0.0,0.0,0.0,,,0.0,0.0,0.0,,0.0,0.0,0.0,0.0,0.0,0.0,0.0,,,,,,,,,,,,0.0,,,,,,,,,,,,,60+
P266,Laki-laki,SMA/Sederajat,PNS,Fungsional Umum,Penata Muda Tk. I/IIIb,sistem_lama,0,Tidak Terdaftar,2026,0,0.0,0.0,0.0,,,0.0,0.0,0.0,,0.0,0.0,,0.0,0.0,0.0,0.0,,,,,,,,,,,,0.0,,,,,,,,,,0.0,,,60+
P267,Laki-laki,S2,Fungsional,PPPK,X,keduanya,1,Aktif,2023,0,,,,,,0.0,0.0,0.0,,0.0,0.0,0.0,0.0,0.0,0.0,0.0,2.0,2.0,1.0,2.0,2.0,1.0,1.0,2.0,1.0,14.0,51.85,1.0,,,,,,,,,,,,,30-39
P267,Laki-laki,S2,Fungsional,PPPK,X,keduanya,1,Aktif,2024,1,,,,,,23.0,22.0,1.0,95.65,3.0,3.0,3.0,2.0,2.0,2.0,0.0,2.0,2.0,1.0,2.0,2.0,1.0,1.0,2.0,1.0,14.0,51.85,1.0,Baik,0.0,1.0,9.0,0.0,,,,,,,Tahunan,40-49
P267,Laki-laki,S2,Fungsional,PPPK,X,keduanya,1,Aktif,2025,1,183.0,182.0,174.0,7.2,9.85,34.0,31.0,3.0,91.18,8.0,8.0,8.0,2.0,2.0,4.0,0.0,2.0,2.0,1.0,2.0,2.0,1.0,1.0,2.0,1.0,14.0,51.85,1.0,Baik,0.0,1.0,11.0,0.0,,,,,,,Tahunan,40-49
P267,Laki-laki,S2,Fungsional,PPPK,X,keduanya,1,Aktif,2026,1,126.0,126.0,122.0,7.21,9.67,18.0,15.0,3.0,83.33,5.0,5.0,,0.0,0.0,4.0,0.0,2.0,2.0,1.0,2.0,2.0,1.0,1.0,2.0,1.0,14.0,51.85,1.0,Baik,0.0,,,,Baik,0.0,Baik,0.0,2.0,0.0,Triwulan (terkini),40-49
P268,Perempuan,SMA/SMK,Pelaksana,PPPK,V,keduanya,1,Aktif,2023,1,,,,,,28.0,27.0,1.0,96.43,1.0,1.0,1.0,0.0,0.0,0.0,0.0,,,,,,,,,,,,0.0,,,,,,,,,,,,,<30
P268,Perempuan,SMA/SMK,Pelaksana,PPPK,V,keduanya,1,Aktif,2024,1,,,,,,43.0,41.0,2.0,95.35,3.0,3.0,3.0,0.0,0.0,0.0,0.0,,,,,,,,,,,,0.0,,,,,,,,,,,,,<30
P268,Perempuan,SMA/SMK,Pelaksana,PPPK,V,keduanya,1,Aktif,2025,1,55.0,54.0,51.0,6.77,9.99,34.0,32.0,2.0,94.12,2.0,2.0,2.0,0.0,0.0,0.0,0.0,,,,,,,,,,,,0.0,Baik,0.0,1.0,4.0,0.0,,,,,,,Tahunan,<30
P268,Perempuan,SMA/SMK,Pelaksana,PPPK,V,keduanya,1,Aktif,2026,1,138.0,137.0,135.0,7.05,9.17,18.0,17.0,1.0,94.44,1.0,1.0,,0.0,0.0,0.0,0.0,,,,,,,,,,,,0.0,Baik,0.0,,,,Baik,0.0,Baik,0.0,2.0,0.0,Triwulan (terkini),<30
P269,Laki-laki,S2,PNS,Widyaiswara,Pembina Tk. I/IVb,sistem_lama,0,Tidak Terdaftar,2023,0,,,,,,0.0,0.0,0.0,,0.0,0.0,0.0,0.0,0.0,0.0,0.0,,,,,,,,,,,,0.0,,,,,,,,,,,,,60+
P269,Laki-laki,S2,PNS,Widyaiswara,Pembina Tk. I/IVb,sistem_lama,0,Tidak Terdaftar,2024,0,,,,,,0.0,0.0,0.0,,0.0,0.0,0.0,0.0,0.0,0.0,0.0,,,,,,,,,,,,0.0,,,,,,,,,,,,,60+
P269,Laki-laki,S2,PNS,Widyaiswara,Pembina Tk. I/IVb,sistem_lama,0,Tidak Terdaftar,2025,0,0.0,0.0,0.0,,,0.0,0.0,0.0,,0.0,0.0,0.0,0.0,0.0,0.0,0.0,,,,,,,,,,,,0.0,,,,,,,,,,,,,60+
P269,Laki-laki,S2,PNS,Widyaiswara,Pembina Tk. I/IVb,sistem_lama,0,Tidak Terdaftar,2026,0,0.0,0.0,0.0,,,0.0,0.0,0.0,,0.0,0.0,,0.0,0.0,0.0,0.0,,,,,,,,,,,,0.0,,,,,,,,,,0.0,,,60+
P270,Laki-laki,S1,Pelaksana,PNS,III/d,keduanya,1,Aktif,2023,1,,,,,,28.0,23.0,5.0,82.14,9.0,9.0,9.0,1.0,1.0,3.0,0.0,3.0,3.0,2.0,2.0,2.0,3.0,3.0,3.0,2.0,23.0,85.19,1.0,,,,,,,,,,,,,50-59
P270,Laki-laki,S1,Pelaksana,PNS,III/d,keduanya,1,Aktif,2024,1,,,,,,43.0,37.0,6.0,86.05,8.0,8.0,8.0,0.0,0.0,3.0,0.0,3.0,3.0,2.0,2.0,2.0,3.0,3.0,3.0,2.0,23.0,85.19,1.0,Baik,0.0,1.0,12.0,0.0,,,,,,,Tahunan,50-59
P270,Laki-laki,S1,Pelaksana,PNS,III/d,keduanya,1,Aktif,2025,1,202.0,195.0,190.0,7.7,8.97,34.0,16.0,18.0,47.06,4.0,4.0,4.0,0.0,0.0,3.0,0.0,3.0,3.0,2.0,2.0,2.0,3.0,3.0,3.0,2.0,23.0,85.19,1.0,Sangat Baik,1.0,1.0,11.0,0.0,,,,,,,Tahunan,50-59
P270,Laki-laki,S1,Pelaksana,PNS,III/d,keduanya,1,Aktif,2026,1,139.0,137.0,135.0,7.43,9.16,18.0,17.0,1.0,94.44,3.0,3.0,,0.0,0.0,3.0,0.0,3.0,3.0,2.0,2.0,2.0,3.0,3.0,3.0,2.0,23.0,85.19,1.0,Baik,0.0,,,,Baik,0.0,Baik,0.0,2.0,0.0,Triwulan (terkini),50-59
P271,Perempuan,S2,PNS,Fungsional Umum,Penata/IIIc,sistem_lama,0,Tidak Terdaftar,2023,0,,,,,,0.0,0.0,0.0,,0.0,0.0,0.0,0.0,0.0,0.0,0.0,,,,,,,,,,,,0.0,,,,,,,,,,,,,40-49
P271,Perempuan,S2,PNS,Fungsional Umum,Penata/IIIc,sistem_lama,0,Tidak Terdaftar,2024,0,,,,,,0.0,0.0,0.0,,0.0,0.0,0.0,0.0,0.0,0.0,0.0,,,,,,,,,,,,0.0,,,,,,,,,,,,,40-49
P271,Perempuan,S2,PNS,Fungsional Umum,Penata/IIIc,sistem_lama,0,Tidak Terdaftar,2025,0,0.0,0.0,0.0,,,0.0,0.0,0.0,,0.0,0.0,0.0,0.0,0.0,0.0,0.0,,,,,,,,,,,,0.0,,,,,,,,,,,,,40-49
P271,Perempuan,S2,PNS,Fungsional Umum,Penata/IIIc,sistem_lama,0,Tidak Terdaftar,2026,0,0.0,0.0,0.0,,,0.0,0.0,0.0,,0.0,0.0,,0.0,0.0,0.0,0.0,,,,,,,,,,,,0.0,,,,,,,,,,0.0,,,40-49
P272,Laki-laki,D3,Pelaksana,PNS,III/a,keduanya,1,Aktif,2023,1,,,,,,28.0,11.0,17.0,39.29,8.0,8.0,8.0,1.0,1.0,2.0,0.0,2.0,1.0,1.0,2.0,2.0,2.0,2.0,1.0,2.0,15.0,55.56,1.0,,,,,,,,,,,,,40-49
P272,Laki-laki,D3,Pelaksana,PNS,III/a,keduanya,1,Aktif,2024,1,,,,,,43.0,21.0,22.0,48.84,12.0,12.0,12.0,1.0,1.0,3.0,0.0,2.0,1.0,1.0,2.0,2.0,2.0,2.0,1.0,2.0,15.0,55.56,1.0,Baik,0.0,2.0,10.0,1.0,,,,,,,Tahunan,40-49
P272,Laki-laki,D3,Pelaksana,PNS,III/a,keduanya,1,Aktif,2025,1,202.0,190.0,172.0,7.11,10.48,34.0,16.0,18.0,47.06,6.0,6.0,6.0,0.0,0.0,3.0,0.0,2.0,1.0,1.0,2.0,2.0,2.0,2.0,1.0,2.0,15.0,55.56,1.0,Baik,0.0,1.0,11.0,0.0,,,,,,,Tahunan,50-59
P272,Laki-laki,D3,Pelaksana,PNS,III/a,keduanya,1,Aktif,2026,1,135.0,134.0,128.0,6.69,10.47,18.0,2.0,16.0,11.11,4.0,4.0,,0.0,0.0,3.0,0.0,2.0,1.0,1.0,2.0,2.0,2.0,2.0,1.0,2.0,15.0,55.56,1.0,Baik,0.0,,,,Baik,0.0,Baik,0.0,2.0,0.0,Triwulan (terkini),50-59
P273,Laki-laki,SMA/Sederajat,PPNPN,PPNPN,-,sistem_lama,0,Tidak Terdaftar,2023,1,,,,,,28.0,25.0,3.0,89.29,1.0,1.0,1.0,0.0,0.0,0.0,0.0,,,,,,,,,,,,0.0,,,,,,,,,,,,,40-49
P273,Laki-laki,SMA/Sederajat,PPNPN,PPNPN,-,sistem_lama,0,Tidak Terdaftar,2024,1,,,,,,43.0,40.0,3.0,93.02,1.0,1.0,1.0,0.0,0.0,0.0,0.0,,,,,,,,,,,,0.0,,,,,,,,,,,,,50-59
P273,Laki-laki,SMA/Sederajat,PPNPN,PPNPN,-,sistem_lama,0,Tidak Terdaftar,2025,1,0.0,0.0,0.0,,,34.0,33.0,1.0,97.06,0.0,0.0,0.0,0.0,0.0,0.0,0.0,,,,,,,,,,,,0.0,,,,,,,,,,,,,50-59
P273,Laki-laki,SMA/Sederajat,PPNPN,PPNPN,-,sistem_lama,0,Tidak Terdaftar,2026,0,0.0,0.0,0.0,,,0.0,0.0,0.0,,0.0,0.0,,0.0,0.0,0.0,0.0,,,,,,,,,,,,0.0,,,,,,,,,,0.0,,,50-59
P274,Laki-laki,SD,Pelaksana,PNS,II/a,keduanya,1,Aktif,2023,1,,,,,,28.0,27.0,1.0,96.43,0.0,0.0,0.0,1.0,1.0,2.0,0.0,,,,,,,,,,,,0.0,,,,,,,,,,,,,50-59
P274,Laki-laki,SD,Pelaksana,PNS,II/a,keduanya,1,Aktif,2024,1,,,,,,43.0,41.0,2.0,95.35,0.0,0.0,0.0,0.0,0.0,2.0,0.0,,,,,,,,,,,,0.0,Baik,0.0,1.0,12.0,0.0,,,,,,,Tahunan,50-59
P274,Laki-laki,SD,Pelaksana,PNS,II/a,keduanya,1,Aktif,2025,1,216.0,215.0,205.0,7.1,9.07,34.0,27.0,7.0,79.41,0.0,0.0,0.0,0.0,0.0,2.0,0.0,,,,,,,,,,,,0.0,Baik,0.0,1.0,11.0,0.0,,,,,,,Tahunan,50-59
P274,Laki-laki,SD,Pelaksana,PNS,II/a,keduanya,1,Aktif,2026,1,142.0,142.0,140.0,7.03,9.06,18.0,8.0,10.0,44.44,2.0,2.0,,0.0,0.0,2.0,0.0,,,,,,,,,,,,0.0,Baik,0.0,,,,Baik,0.0,Baik,0.0,2.0,0.0,Triwulan (terkini),50-59
P275,Laki-laki,S1,Pelaksana,PPPK,IX,keduanya,1,Aktif,2023,1,,,,,,28.0,21.0,7.0,75.0,9.0,9.0,9.0,0.0,0.0,0.0,0.0,,,,,,,,,,,,0.0,,,,,,,,,,,,,30-39
P275,Laki-laki,S1,Pelaksana,PPPK,IX,keduanya,1,Aktif,2024,1,,,,,,43.0,40.0,3.0,93.02,3.0,3.0,2.0,0.0,0.0,0.0,0.0,,,,,,,,,,,,0.0,,,,,,,,,,,,,30-39
P275,Laki-laki,S1,Pelaksana,PPPK,IX,keduanya,1,Aktif,2025,1,30.0,29.0,23.0,7.17,9.87,34.0,28.0,6.0,82.35,18.0,18.0,18.0,0.0,0.0,0.0,0.0,,,,,,,,,,,,0.0,Baik,0.0,1.0,4.0,0.0,,,,,,,Tahunan,30-39
P275,Laki-laki,S1,Pelaksana,PPPK,IX,keduanya,1,Aktif,2026,1,114.0,110.0,109.0,7.05,9.66,18.0,13.0,5.0,72.22,15.0,15.0,,0.0,0.0,0.0,0.0,,,,,,,,,,,,0.0,Baik,0.0,,,,Baik,0.0,Baik,0.0,2.0,0.0,Triwulan (terkini),30-39
P276,Laki-laki,SMA/Sederajat,PPNPN,PPNPN,-,sistem_lama,0,Tidak Terdaftar,2023,1,,,,,,28.0,17.0,11.0,60.71,1.0,1.0,1.0,0.0,0.0,0.0,0.0,,,,,,,,,,,,0.0,,,,,,,,,,,,,50-59
P276,Laki-laki,SMA/Sederajat,PPNPN,PPNPN,-,sistem_lama,0,Tidak Terdaftar,2024,1,,,,,,43.0,39.0,4.0,90.7,1.0,1.0,1.0,0.0,0.0,0.0,0.0,,,,,,,,,,,,0.0,,,,,,,,,,,,,50-59
P276,Laki-laki,SMA/Sederajat,PPNPN,PPNPN,-,sistem_lama,0,Tidak Terdaftar,2025,1,0.0,0.0,0.0,,,34.0,33.0,1.0,97.06,0.0,0.0,0.0,0.0,0.0,0.0,0.0,,,,,,,,,,,,0.0,,,,,,,,,,,,,50-59
P276,Laki-laki,SMA/Sederajat,PPNPN,PPNPN,-,sistem_lama,0,Tidak Terdaftar,2026,0,0.0,0.0,0.0,,,0.0,0.0,0.0,,0.0,0.0,,0.0,0.0,0.0,0.0,,,,,,,,,,,,0.0,,,,,,,,,,0.0,,,50-59
P277,Laki-laki,SMA/SMK,Pelaksana,PPPK PW,,sistem_baru,1,Aktif,2023,1,,,,,,28.0,21.0,7.0,75.0,0.0,0.0,0.0,0.0,0.0,0.0,0.0,,,,,,,,,,,,0.0,,,,,,,,,,,,,40-49
P277,Laki-laki,SMA/SMK,Pelaksana,PPPK PW,,sistem_baru,1,Aktif,2024,1,,,,,,43.0,41.0,2.0,95.35,0.0,0.0,0.0,0.0,0.0,0.0,0.0,,,,,,,,,,,,0.0,,,,,,,,,,,,,40-49
P277,Laki-laki,SMA/SMK,Pelaksana,PPPK PW,,sistem_baru,1,Aktif,2025,1,0.0,0.0,0.0,,,34.0,32.0,2.0,94.12,0.0,0.0,0.0,0.0,0.0,0.0,0.0,,,,,,,,,,,,0.0,Baik,0.0,1.0,3.0,0.0,,,,,,,Tahunan,40-49
P277,Laki-laki,SMA/SMK,Pelaksana,PPPK PW,,sistem_baru,1,Aktif,2026,1,101.0,100.0,41.0,6.92,13.54,18.0,15.0,3.0,83.33,2.0,2.0,,0.0,0.0,0.0,0.0,,,,,,,,,,,,0.0,Baik,0.0,,,,Baik,0.0,Baik,0.0,2.0,0.0,Triwulan (terkini),40-49
P278,Perempuan,S1,Pelaksana,PPPK,IX,keduanya,1,Aktif,2023,1,,,,,,28.0,27.0,1.0,96.43,5.0,5.0,5.0,0.0,0.0,0.0,0.0,,,,,,,,,,,,0.0,,,,,,,,,,,,,<30
P278,Perempuan,S1,Pelaksana,PPPK,IX,keduanya,1,Aktif,2024,1,,,,,,43.0,41.0,2.0,95.35,14.0,14.0,14.0,0.0,0.0,0.0,0.0,,,,,,,,,,,,0.0,,,,,,,,,,,,,<30
P278,Perempuan,S1,Pelaksana,PPPK,IX,keduanya,1,Aktif,2025,1,51.0,49.0,47.0,7.46,9.87,34.0,32.0,2.0,94.12,9.0,9.0,8.0,0.0,0.0,0.0,0.0,,,,,,,,,,,,0.0,Baik,0.0,1.0,4.0,0.0,,,,,,,Tahunan,30-39
P278,Perempuan,S1,Pelaksana,PPPK,IX,keduanya,1,Aktif,2026,1,124.0,123.0,115.0,7.35,10.11,18.0,15.0,3.0,83.33,8.0,8.0,,0.0,0.0,0.0,0.0,,,,,,,,,,,,0.0,Baik,0.0,,,,Baik,0.0,Baik,0.0,2.0,0.0,Triwulan (terkini),30-39
P279,Laki-laki,S2,Pelaksana,PNS,III/d,keduanya,1,Aktif,2023,1,,,,,,28.0,22.0,6.0,78.57,10.0,10.0,10.0,1.0,1.0,1.0,0.0,1.0,2.0,1.0,2.0,1.0,2.0,2.0,1.0,2.0,14.0,51.85,1.0,,,,,,,,,,,,,30-39
P279,Laki-laki,S2,Pelaksana,PNS,III/d,keduanya,1,Aktif,2024,1,,,,,,43.0,21.0,22.0,48.84,9.0,9.0,9.0,3.0,3.0,4.0,0.0,1.0,2.0,1.0,2.0,1.0,2.0,2.0,1.0,2.0,14.0,51.85,1.0,Sangat Baik,1.0,1.0,10.0,0.0,,,,,,,Tahunan,30-39
P279,Laki-laki,S2,Pelaksana,PNS,III/d,keduanya,1,Aktif,2025,1,197.0,189.0,187.0,7.54,8.97,34.0,13.0,21.0,38.24,5.0,5.0,5.0,0.0,0.0,4.0,0.0,1.0,2.0,1.0,2.0,1.0,2.0,2.0,1.0,2.0,14.0,51.85,1.0,Sangat Baik,1.0,1.0,11.0,0.0,,,,,,,Tahunan,30-39
P279,Laki-laki,S2,Pelaksana,PNS,III/d,keduanya,1,Aktif,2026,1,127.0,123.0,124.0,7.32,9.11,18.0,2.0,16.0,11.11,4.0,4.0,,0.0,0.0,4.0,0.0,1.0,2.0,1.0,2.0,1.0,2.0,2.0,1.0,2.0,14.0,51.85,1.0,Sangat Baik,1.0,,,,Baik,0.0,Sangat Baik,1.0,2.0,0.0,Triwulan (terkini),40-49
P280,Laki-laki,SMA/Sederajat,PPNPN,PPNPN,-,sistem_lama,0,Tidak Terdaftar,2023,1,,,,,,28.0,20.0,8.0,71.43,1.0,1.0,1.0,0.0,0.0,0.0,0.0,,,,,,,,,,,,0.0,,,,,,,,,,,,,40-49
P280,Laki-laki,SMA/Sederajat,PPNPN,PPNPN,-,sistem_lama,0,Tidak Terdaftar,2024,1,,,,,,43.0,41.0,2.0,95.35,1.0,1.0,1.0,0.0,0.0,0.0,0.0,,,,,,,,,,,,0.0,,,,,,,,,,,,,40-49
P280,Laki-laki,SMA/Sederajat,PPNPN,PPNPN,-,sistem_lama,0,Tidak Terdaftar,2025,1,0.0,0.0,0.0,,,34.0,32.0,2.0,94.12,0.0,0.0,0.0,0.0,0.0,0.0,0.0,,,,,,,,,,,,0.0,,,,,,,,,,,,,50-59
P280,Laki-laki,SMA/Sederajat,PPNPN,PPNPN,-,sistem_lama,0,Tidak Terdaftar,2026,0,0.0,0.0,0.0,,,0.0,0.0,0.0,,0.0,0.0,,0.0,0.0,0.0,0.0,,,,,,,,,,,,0.0,,,,,,,,,,0.0,,,50-59
P281,Laki-laki,SMA/Sederajat,PNS,Pelaksana,Penata Muda Tk. I/IIIb,sistem_lama,0,Tidak Terdaftar,2023,0,,,,,,0.0,0.0,0.0,,0.0,0.0,0.0,0.0,0.0,0.0,0.0,,,,,,,,,,,,0.0,,,,,,,,,,,,,50-59
P281,Laki-laki,SMA/Sederajat,PNS,Pelaksana,Penata Muda Tk. I/IIIb,sistem_lama,0,Tidak Terdaftar,2024,0,,,,,,0.0,0.0,0.0,,0.0,0.0,0.0,0.0,0.0,0.0,0.0,,,,,,,,,,,,0.0,,,,,,,,,,,,,50-59
P281,Laki-laki,SMA/Sederajat,PNS,Pelaksana,Penata Muda Tk. I/IIIb,sistem_lama,0,Tidak Terdaftar,2025,0,0.0,0.0,0.0,,,0.0,0.0,0.0,,0.0,0.0,0.0,0.0,0.0,0.0,0.0,,,,,,,,,,,,0.0,,,,,,,,,,,,,50-59
P281,Laki-laki,SMA/Sederajat,PNS,Pelaksana,Penata Muda Tk. I/IIIb,sistem_lama,0,Tidak Terdaftar,2026,0,0.0,0.0,0.0,,,0.0,0.0,0.0,,0.0,0.0,,0.0,0.0,0.0,0.0,,,,,,,,,,,,0.0,,,,,,,,,,0.0,,,50-59
P282,Perempuan,S2,PNS,Widyaiswara,Pembina Utama Muda/IVc,sistem_lama,0,Tidak Terdaftar,2023,0,,,,,,0.0,0.0,0.0,,0.0,0.0,0.0,0.0,0.0,0.0,0.0,,,,,,,,,,,,0.0,,,,,,,,,,,,,60+
P282,Perempuan,S2,PNS,Widyaiswara,Pembina Utama Muda/IVc,sistem_lama,0,Tidak Terdaftar,2024,0,,,,,,0.0,0.0,0.0,,0.0,0.0,0.0,0.0,0.0,0.0,0.0,,,,,,,,,,,,0.0,,,,,,,,,,,,,60+
P282,Perempuan,S2,PNS,Widyaiswara,Pembina Utama Muda/IVc,sistem_lama,0,Tidak Terdaftar,2025,0,0.0,0.0,0.0,,,0.0,0.0,0.0,,0.0,0.0,0.0,0.0,0.0,0.0,0.0,,,,,,,,,,,,0.0,,,,,,,,,,,,,60+
P282,Perempuan,S2,PNS,Widyaiswara,Pembina Utama Muda/IVc,sistem_lama,0,Tidak Terdaftar,2026,0,0.0,0.0,0.0,,,0.0,0.0,0.0,,0.0,0.0,,0.0,0.0,0.0,0.0,,,,,,,,,,,,0.0,,,,,,,,,,0.0,,,60+
P283,Laki-laki,S2,PNS,Widyaiswara,Pembina/IVa,sistem_lama,0,Tidak Terdaftar,2023,0,,,,,,0.0,0.0,0.0,,0.0,0.0,0.0,0.0,0.0,0.0,0.0,,,,,,,,,,,,0.0,,,,,,,,,,,,,60+
P283,Laki-laki,S2,PNS,Widyaiswara,Pembina/IVa,sistem_lama,0,Tidak Terdaftar,2024,0,,,,,,0.0,0.0,0.0,,0.0,0.0,0.0,0.0,0.0,0.0,0.0,,,,,,,,,,,,0.0,,,,,,,,,,,,,60+
P283,Laki-laki,S2,PNS,Widyaiswara,Pembina/IVa,sistem_lama,0,Tidak Terdaftar,2025,0,0.0,0.0,0.0,,,0.0,0.0,0.0,,0.0,0.0,0.0,0.0,0.0,0.0,0.0,,,,,,,,,,,,0.0,,,,,,,,,,,,,60+
P283,Laki-laki,S2,PNS,Widyaiswara,Pembina/IVa,sistem_lama,0,Tidak Terdaftar,2026,0,0.0,0.0,0.0,,,0.0,0.0,0.0,,0.0,0.0,,0.0,0.0,0.0,0.0,,,,,,,,,,,,0.0,,,,,,,,,,0.0,,,60+
P284,Perempuan,SMA/Sederajat,PNS,Fungsional Umum,Penata Muda Tk. I/IIIb,sistem_lama,0,Tidak Terdaftar,2023,0,,,,,,0.0,0.0,0.0,,0.0,0.0,0.0,0.0,0.0,0.0,0.0,,,,,,,,,,,,0.0,,,,,,,,,,,,,60+
P284,Perempuan,SMA/Sederajat,PNS,Fungsional Umum,Penata Muda Tk. I/IIIb,sistem_lama,0,Tidak Terdaftar,2024,0,,,,,,0.0,0.0,0.0,,0.0,0.0,0.0,0.0,0.0,0.0,0.0,,,,,,,,,,,,0.0,,,,,,,,,,,,,60+
P284,Perempuan,SMA/Sederajat,PNS,Fungsional Umum,Penata Muda Tk. I/IIIb,sistem_lama,0,Tidak Terdaftar,2025,0,0.0,0.0,0.0,,,0.0,0.0,0.0,,0.0,0.0,0.0,0.0,0.0,0.0,0.0,,,,,,,,,,,,0.0,,,,,,,,,,,,,60+
P284,Perempuan,SMA/Sederajat,PNS,Fungsional Umum,Penata Muda Tk. I/IIIb,sistem_lama,0,Tidak Terdaftar,2026,0,0.0,0.0,0.0,,,0.0,0.0,0.0,,0.0,0.0,,0.0,0.0,0.0,0.0,,,,,,,,,,,,0.0,,,,,,,,,,0.0,,,60+
P285,Laki-laki,D3,PNS,Fungsional Umum,Penata/IIIc,sistem_lama,0,Tidak Terdaftar,2023,0,,,,,,0.0,0.0,0.0,,0.0,0.0,0.0,0.0,0.0,0.0,0.0,,,,,,,,,,,,0.0,,,,,,,,,,,,,50-59
P285,Laki-laki,D3,PNS,Fungsional Umum,Penata/IIIc,sistem_lama,0,Tidak Terdaftar,2024,0,,,,,,0.0,0.0,0.0,,0.0,0.0,0.0,0.0,0.0,0.0,0.0,,,,,,,,,,,,0.0,,,,,,,,,,,,,60+
P285,Laki-laki,D3,PNS,Fungsional Umum,Penata/IIIc,sistem_lama,0,Tidak Terdaftar,2025,0,0.0,0.0,0.0,,,0.0,0.0,0.0,,0.0,0.0,0.0,0.0,0.0,0.0,0.0,,,,,,,,,,,,0.0,,,,,,,,,,,,,60+
P285,Laki-laki,D3,PNS,Fungsional Umum,Penata/IIIc,sistem_lama,0,Tidak Terdaftar,2026,0,0.0,0.0,0.0,,,0.0,0.0,0.0,,0.0,0.0,,0.0,0.0,0.0,0.0,,,,,,,,,,,,0.0,,,,,,,,,,0.0,,,60+
P286,Laki-laki,S1/D4,PNS,Pelaksana,Penata Muda Tk. I/IIIb,sistem_lama,0,Tidak Terdaftar,2023,1,,,,,,28.0,23.0,5.0,82.14,4.0,4.0,4.0,0.0,0.0,0.0,0.0,,,,,,,,,,,,0.0,,,,,,,,,,,,,50-59
P286,Laki-laki,S1/D4,PNS,Pelaksana,Penata Muda Tk. I/IIIb,sistem_lama,0,Tidak Terdaftar,2024,1,,,,,,6.0,2.0,4.0,33.33,2.0,2.0,2.0,0.0,0.0,0.0,0.0,,,,,,,,,,,,0.0,,,,,,,,,,,,,50-59
P286,Laki-laki,S1/D4,PNS,Pelaksana,Penata Muda Tk. I/IIIb,sistem_lama,0,Tidak Terdaftar,2025,0,0.0,0.0,0.0,,,0.0,0.0,0.0,,0.0,0.0,0.0,0.0,0.0,0.0,0.0,,,,,,,,,,,,0.0,,,,,,,,,,,,,50-59
P286,Laki-laki,S1/D4,PNS,Pelaksana,Penata Muda Tk. I/IIIb,sistem_lama,0,Tidak Terdaftar,2026,0,0.0,0.0,0.0,,,0.0,0.0,0.0,,0.0,0.0,,0.0,0.0,0.0,0.0,,,,,,,,,,,,0.0,,,,,,,,,,0.0,,,50-59
P287,Laki-laki,SMA/Sederajat,PPNPN,PPNPN,-,sistem_lama,0,Tidak Terdaftar,2023,1,,,,,,28.0,27.0,1.0,96.43,1.0,1.0,1.0,0.0,0.0,0.0,0.0,,,,,,,,,,,,0.0,,,,,,,,,,,,,30-39
P287,Laki-laki,SMA/Sederajat,PPNPN,PPNPN,-,sistem_lama,0,Tidak Terdaftar,2024,1,,,,,,43.0,42.0,1.0,97.67,1.0,1.0,1.0,0.0,0.0,0.0,0.0,,,,,,,,,,,,0.0,,,,,,,,,,,,,30-39
P287,Laki-laki,SMA/Sederajat,PPNPN,PPNPN,-,sistem_lama,0,Tidak Terdaftar,2025,1,0.0,0.0,0.0,,,34.0,32.0,2.0,94.12,0.0,0.0,0.0,0.0,0.0,0.0,0.0,,,,,,,,,,,,0.0,,,,,,,,,,,,,30-39
P287,Laki-laki,SMA/Sederajat,PPNPN,PPNPN,-,sistem_lama,0,Tidak Terdaftar,2026,0,0.0,0.0,0.0,,,0.0,0.0,0.0,,0.0,0.0,,0.0,0.0,0.0,0.0,,,,,,,,,,,,0.0,,,,,,,,,,0.0,,,30-39
P288,Laki-laki,SMA/Sederajat,PPNPN,PPNPN,-,sistem_lama,0,Tidak Terdaftar,2023,1,,,,,,28.0,27.0,1.0,96.43,1.0,1.0,1.0,0.0,0.0,0.0,0.0,,,,,,,,,,,,0.0,,,,,,,,,,,,,40-49
P288,Laki-laki,SMA/Sederajat,PPNPN,PPNPN,-,sistem_lama,0,Tidak Terdaftar,2024,1,,,,,,43.0,42.0,1.0,97.67,1.0,1.0,1.0,0.0,0.0,0.0,0.0,,,,,,,,,,,,0.0,,,,,,,,,,,,,40-49
P288,Laki-laki,SMA/Sederajat,PPNPN,PPNPN,-,sistem_lama,0,Tidak Terdaftar,2025,1,0.0,0.0,0.0,,,34.0,34.0,0.0,100.0,0.0,0.0,0.0,0.0,0.0,0.0,0.0,,,,,,,,,,,,0.0,,,,,,,,,,,,,40-49
P288,Laki-laki,SMA/Sederajat,PPNPN,PPNPN,-,sistem_lama,0,Tidak Terdaftar,2026,0,0.0,0.0,0.0,,,0.0,0.0,0.0,,0.0,0.0,,0.0,0.0,0.0,0.0,,,,,,,,,,,,0.0,,,,,,,,,,0.0,,,40-49
P289,Laki-laki,S1/D4,PNS,Fungsional Umum,Penata Tk. I/IIId,sistem_lama,0,Tidak Terdaftar,2023,0,,,,,,0.0,0.0,0.0,,0.0,0.0,0.0,0.0,0.0,0.0,0.0,,,,,,,,,,,,0.0,,,,,,,,,,,,,50-59
P289,Laki-laki,S1/D4,PNS,Fungsional Umum,Penata Tk. I/IIId,sistem_lama,0,Tidak Terdaftar,2024,0,,,,,,0.0,0.0,0.0,,0.0,0.0,0.0,0.0,0.0,0.0,0.0,,,,,,,,,,,,0.0,,,,,,,,,,,,,50-59
P289,Laki-laki,S1/D4,PNS,Fungsional Umum,Penata Tk. I/IIId,sistem_lama,0,Tidak Terdaftar,2025,0,0.0,0.0,0.0,,,0.0,0.0,0.0,,0.0,0.0,0.0,0.0,0.0,0.0,0.0,,,,,,,,,,,,0.0,,,,,,,,,,,,,50-59
P289,Laki-laki,S1/D4,PNS,Fungsional Umum,Penata Tk. I/IIId,sistem_lama,0,Tidak Terdaftar,2026,0,0.0,0.0,0.0,,,0.0,0.0,0.0,,0.0,0.0,,0.0,0.0,0.0,0.0,,,,,,,,,,,,0.0,,,,,,,,,,0.0,,,50-59
P290,Laki-laki,S2,PNS,Widyaiswara,Pembina Tk. I/IVb,sistem_lama,0,Tidak Terdaftar,2023,0,,,,,,0.0,0.0,0.0,,0.0,0.0,0.0,0.0,0.0,0.0,0.0,,,,,,,,,,,,0.0,,,,,,,,,,,,,60+
P290,Laki-laki,S2,PNS,Widyaiswara,Pembina Tk. I/IVb,sistem_lama,0,Tidak Terdaftar,2024,0,,,,,,0.0,0.0,0.0,,0.0,0.0,0.0,0.0,0.0,0.0,0.0,,,,,,,,,,,,0.0,,,,,,,,,,,,,60+
P290,Laki-laki,S2,PNS,Widyaiswara,Pembina Tk. I/IVb,sistem_lama,0,Tidak Terdaftar,2025,0,0.0,0.0,0.0,,,0.0,0.0,0.0,,0.0,0.0,0.0,0.0,0.0,0.0,0.0,,,,,,,,,,,,0.0,,,,,,,,,,,,,60+
P290,Laki-laki,S2,PNS,Widyaiswara,Pembina Tk. I/IVb,sistem_lama,0,Tidak Terdaftar,2026,0,0.0,0.0,0.0,,,0.0,0.0,0.0,,0.0,0.0,,0.0,0.0,0.0,0.0,,,,,,,,,,,,0.0,,,,,,,,,,0.0,,,60+
P291,Laki-laki,SMA/SMK,Pelaksana,PPPK PW,,sistem_baru,1,Aktif,2023,1,,,,,,28.0,16.0,12.0,57.14,0.0,0.0,0.0,0.0,0.0,0.0,0.0,,,,,,,,,,,,0.0,,,,,,,,,,,,,<30
P291,Laki-laki,SMA/SMK,Pelaksana,PPPK PW,,sistem_baru,1,Aktif,2024,1,,,,,,43.0,39.0,4.0,90.7,0.0,0.0,0.0,0.0,0.0,0.0,0.0,,,,,,,,,,,,0.0,,,,,,,,,,,,,<30
P291,Laki-laki,SMA/SMK,Pelaksana,PPPK PW,,sistem_baru,1,Aktif,2025,1,0.0,0.0,0.0,,,34.0,31.0,3.0,91.18,0.0,0.0,0.0,0.0,0.0,0.0,0.0,,,,,,,,,,,,0.0,Baik,0.0,1.0,3.0,0.0,,,,,,,Tahunan,<30
P291,Laki-laki,SMA/SMK,Pelaksana,PPPK PW,,sistem_baru,1,Aktif,2026,1,131.0,130.0,127.0,6.56,9.83,18.0,17.0,1.0,94.44,2.0,2.0,,0.0,0.0,0.0,0.0,,,,,,,,,,,,0.0,Sangat Baik,1.0,,,,Baik,0.0,Sangat Baik,1.0,2.0,0.0,Triwulan (terkini),<30
P292,Laki-laki,SMA/Sederajat,PNS,Fungsional Umum,Penata Muda/IIIa,sistem_lama,0,Tidak Terdaftar,2023,0,,,,,,0.0,0.0,0.0,,0.0,0.0,0.0,0.0,0.0,0.0,0.0,,,,,,,,,,,,0.0,,,,,,,,,,,,,50-59
P292,Laki-laki,SMA/Sederajat,PNS,Fungsional Umum,Penata Muda/IIIa,sistem_lama,0,Tidak Terdaftar,2024,0,,,,,,0.0,0.0,0.0,,0.0,0.0,0.0,0.0,0.0,0.0,0.0,,,,,,,,,,,,0.0,,,,,,,,,,,,,60+
P292,Laki-laki,SMA/Sederajat,PNS,Fungsional Umum,Penata Muda/IIIa,sistem_lama,0,Tidak Terdaftar,2025,0,0.0,0.0,0.0,,,0.0,0.0,0.0,,0.0,0.0,0.0,0.0,0.0,0.0,0.0,,,,,,,,,,,,0.0,,,,,,,,,,,,,60+
P292,Laki-laki,SMA/Sederajat,PNS,Fungsional Umum,Penata Muda/IIIa,sistem_lama,0,Tidak Terdaftar,2026,0,0.0,0.0,0.0,,,0.0,0.0,0.0,,0.0,0.0,,0.0,0.0,0.0,0.0,,,,,,,,,,,,0.0,,,,,,,,,,0.0,,,60+
P293,Laki-laki,S3,Struktural,PNS,IV/b,sistem_baru,1,Aktif,2023,1,,,,,,0.0,0.0,0.0,,0.0,0.0,0.0,2.0,2.0,5.0,0.0,,,,,,,,,,,,0.0,,,,,,,,,,,,,40-49
P293,Laki-laki,S3,Struktural,PNS,IV/b,sistem_baru,1,Aktif,2024,1,,,,,,0.0,0.0,0.0,,0.0,0.0,0.0,2.0,2.0,7.0,0.0,,,,,,,,,,,,0.0,,,,,,,,,,,,,40-49
P293,Laki-laki,S3,Struktural,PNS,IV/b,sistem_baru,1,Aktif,2025,1,0.0,0.0,0.0,,,0.0,0.0,0.0,,0.0,0.0,0.0,1.0,1.0,8.0,0.0,,,,,,,,,,,,0.0,,,,,,,,,,,,,40-49
P293,Laki-laki,S3,Struktural,PNS,IV/b,sistem_baru,1,Aktif,2026,1,30.0,30.0,27.0,7.09,10.54,8.0,8.0,0.0,100.0,13.0,13.0,,0.0,0.0,8.0,0.0,,,,,,,,,,,,0.0,Sangat Baik,1.0,,,,,,Sangat Baik,1.0,1.0,,Triwulan (terkini),50-59
P294,Perempuan,S1,Pelaksana,PNS,III/d,keduanya,0,Tidak Aktif,2023,1,,,,,,28.0,19.0,9.0,67.86,13.0,13.0,13.0,0.0,0.0,0.0,0.0,,,,,,,,,,,,0.0,,,,,,,,,,,,,50-59
P294,Perempuan,S1,Pelaksana,PNS,III/d,keduanya,0,Tidak Aktif,2024,1,,,,,,43.0,29.0,14.0,67.44,20.0,20.0,20.0,0.0,0.0,0.0,0.0,,,,,,,,,,,,0.0,Baik,0.0,2.0,10.0,1.0,,,,,,,Tahunan,50-59
P294,Perempuan,S1,Pelaksana,PNS,III/d,keduanya,0,Tidak Aktif,2025,1,191.0,158.0,174.0,7.59,8.81,34.0,18.0,16.0,52.94,6.0,6.0,6.0,0.0,0.0,0.0,0.0,,,,,,,,,,,,0.0,Baik,0.0,1.0,11.0,0.0,,,,,,,Tahunan,50-59
P294,Perempuan,S1,Pelaksana,PNS,III/d,keduanya,0,Tidak Aktif,2026,1,32.0,18.0,30.0,7.9,8.3,13.0,11.0,2.0,84.62,1.0,1.0,,0.0,0.0,0.0,0.0,,,,,,,,,,,,0.0,Sangat Baik,1.0,,,,Sangat Baik,1.0,,,1.0,,Triwulan (terkini),50-59
P295,Laki-laki,SMA/SMK,Pelaksana,PPPK,V,keduanya,1,Aktif,2023,1,,,,,,28.0,19.0,9.0,67.86,20.0,20.0,20.0,0.0,0.0,0.0,0.0,,,,,,,,,,,,0.0,,,,,,,,,,,,,40-49
P295,Laki-laki,SMA/SMK,Pelaksana,PPPK,V,keduanya,1,Aktif,2024,1,,,,,,43.0,38.0,5.0,88.37,22.0,22.0,22.0,0.0,0.0,0.0,0.0,,,,,,,,,,,,0.0,,,,,,,,,,,,,40-49
P295,Laki-laki,SMA/SMK,Pelaksana,PPPK,V,keduanya,1,Aktif,2025,1,30.0,30.0,25.0,7.0,9.9,34.0,30.0,4.0,88.24,33.0,33.0,33.0,0.0,0.0,0.0,0.0,,,,,,,,,,,,0.0,Baik,0.0,1.0,4.0,0.0,,,,,,,Tahunan,40-49
P295,Laki-laki,SMA/SMK,Pelaksana,PPPK,V,keduanya,1,Aktif,2026,1,97.0,95.0,85.0,7.01,9.74,18.0,15.0,3.0,83.33,20.0,20.0,,0.0,0.0,0.0,0.0,,,,,,,,,,,,0.0,Baik,0.0,,,,Baik,0.0,Baik,0.0,2.0,0.0,Triwulan (terkini),50-59
P296,Laki-laki,SD,PNS,Fungsional Umum,Pengatur Muda/IIa,sistem_lama,0,Tidak Terdaftar,2023,0,,,,,,0.0,0.0,0.0,,0.0,0.0,0.0,0.0,0.0,0.0,0.0,,,,,,,,,,,,0.0,,,,,,,,,,,,,60+
P296,Laki-laki,SD,PNS,Fungsional Umum,Pengatur Muda/IIa,sistem_lama,0,Tidak Terdaftar,2024,0,,,,,,0.0,0.0,0.0,,0.0,0.0,0.0,0.0,0.0,0.0,0.0,,,,,,,,,,,,0.0,,,,,,,,,,,,,60+
P296,Laki-laki,SD,PNS,Fungsional Umum,Pengatur Muda/IIa,sistem_lama,0,Tidak Terdaftar,2025,0,0.0,0.0,0.0,,,0.0,0.0,0.0,,0.0,0.0,0.0,0.0,0.0,0.0,0.0,,,,,,,,,,,,0.0,,,,,,,,,,,,,60+
P296,Laki-laki,SD,PNS,Fungsional Umum,Pengatur Muda/IIa,sistem_lama,0,Tidak Terdaftar,2026,0,0.0,0.0,0.0,,,0.0,0.0,0.0,,0.0,0.0,,0.0,0.0,0.0,0.0,,,,,,,,,,,,0.0,,,,,,,,,,0.0,,,60+
P297,Perempuan,SMA/SMK,Pelaksana,PPPK,V,keduanya,1,Aktif,2023,1,,,,,,28.0,24.0,4.0,85.71,1.0,1.0,1.0,0.0,0.0,0.0,0.0,,,,,,,,,,,,0.0,,,,,,,,,,,,,<30
P297,Perempuan,SMA/SMK,Pelaksana,PPPK,V,keduanya,1,Aktif,2024,1,,,,,,43.0,42.0,1.0,97.67,4.0,4.0,4.0,0.0,0.0,0.0,0.0,,,,,,,,,,,,0.0,,,,,,,,,,,,,<30
P297,Perempuan,SMA/SMK,Pelaksana,PPPK,V,keduanya,1,Aktif,2025,1,53.0,52.0,48.0,7.35,9.15,34.0,32.0,2.0,94.12,3.0,3.0,3.0,0.0,0.0,0.0,0.0,,,,,,,,,,,,0.0,Baik,0.0,1.0,4.0,0.0,,,,,,,Tahunan,<30
P297,Perempuan,SMA/SMK,Pelaksana,PPPK,V,keduanya,1,Aktif,2026,1,139.0,137.0,137.0,7.33,8.92,18.0,18.0,0.0,100.0,1.0,1.0,,0.0,0.0,0.0,0.0,,,,,,,,,,,,0.0,Baik,0.0,,,,Baik,0.0,Baik,0.0,2.0,0.0,Triwulan (terkini),<30
P298,Perempuan,S1,Fungsional,PNS,-,keduanya,1,Aktif,2023,0,,,,,,0.0,0.0,0.0,,0.0,0.0,0.0,0.0,0.0,0.0,0.0,2.0,2.0,1.0,1.0,2.0,1.0,1.0,2.0,2.0,14.0,51.85,1.0,,,,,,,,,,,,,
P298,Perempuan,S1,Fungsional,PNS,-,keduanya,1,Aktif,2024,0,,,,,,0.0,0.0,0.0,,0.0,0.0,0.0,0.0,0.0,0.0,0.0,2.0,2.0,1.0,1.0,2.0,1.0,1.0,2.0,2.0,14.0,51.85,1.0,,,,,,,,,,,,,
P298,Perempuan,S1,Fungsional,PNS,-,keduanya,1,Aktif,2025,1,126.0,125.0,117.0,7.24,9.18,22.0,18.0,4.0,81.82,2.0,2.0,2.0,0.0,0.0,0.0,0.0,2.0,2.0,1.0,1.0,2.0,1.0,1.0,2.0,2.0,14.0,51.85,1.0,Baik,0.0,1.0,7.0,0.0,,,,,,,Tahunan,
P298,Perempuan,S1,Fungsional,PNS,-,keduanya,1,Aktif,2026,1,134.0,131.0,131.0,7.35,8.77,18.0,18.0,0.0,100.0,5.0,5.0,,0.0,0.0,0.0,0.0,2.0,2.0,1.0,1.0,2.0,1.0,1.0,2.0,2.0,14.0,51.85,1.0,Baik,0.0,,,,Baik,0.0,Baik,0.0,2.0,0.0,Triwulan (terkini),
P299,Laki-laki,S2,Fungsional,PNS,IV/a,keduanya,1,Aktif,2023,1,,,,,,28.0,16.0,12.0,57.14,31.0,31.0,30.0,3.0,3.0,33.0,0.0,2.0,1.0,1.0,2.0,1.0,1.0,2.0,2.0,2.0,14.0,51.85,1.0,,,,,,,,,,,,,40-49
P299,Laki-laki,S2,Fungsional,PNS,IV/a,keduanya,1,Aktif,2024,1,,,,,,43.0,31.0,12.0,72.09,29.0,29.0,29.0,1.0,1.0,34.0,0.0,2.0,1.0,1.0,2.0,1.0,1.0,2.0,2.0,2.0,14.0,51.85,1.0,Sangat Baik,1.0,1.0,12.0,0.0,,,,,,,Tahunan,40-49
P299,Laki-laki,S2,Fungsional,PNS,IV/a,keduanya,1,Aktif,2025,1,161.0,161.0,154.0,7.37,9.25,34.0,26.0,8.0,76.47,11.0,11.0,11.0,0.0,0.0,34.0,0.0,2.0,1.0,1.0,2.0,1.0,1.0,2.0,2.0,2.0,14.0,51.85,1.0,Sangat Baik,1.0,1.0,11.0,0.0,,,,,,,Tahunan,40-49
P299,Laki-laki,S2,Fungsional,PNS,IV/a,keduanya,1,Aktif,2026,1,117.0,116.0,114.0,7.4,9.01,18.0,10.0,8.0,55.56,7.0,7.0,,0.0,0.0,34.0,0.0,2.0,1.0,1.0,2.0,1.0,1.0,2.0,2.0,2.0,14.0,51.85,1.0,Sangat Baik,1.0,,,,Sangat Baik,1.0,Sangat Baik,1.0,2.0,1.0,Triwulan (terkini),40-49
P300,Laki-laki,SMA/SMK,Pelaksana,PNS,III/a,keduanya,1,Aktif,2023,1,,,,,,28.0,14.0,14.0,50.0,3.0,3.0,3.0,1.0,1.0,1.0,0.0,2.0,1.0,2.0,2.0,1.0,1.0,2.0,2.0,2.0,15.0,55.56,1.0,,,,,,,,,,,,,50-59
P300,Laki-laki,SMA/SMK,Pelaksana,PNS,III/a,keduanya,1,Aktif,2024,1,,,,,,43.0,16.0,27.0,37.21,3.0,3.0,3.0,0.0,0.0,1.0,0.0,2.0,1.0,2.0,2.0,1.0,1.0,2.0,2.0,2.0,15.0,55.56,1.0,Baik,0.0,1.0,12.0,0.0,,,,,,,Tahunan,50-59
P300,Laki-laki,SMA/SMK,Pelaksana,PNS,III/a,keduanya,1,Aktif,2025,1,215.0,213.0,198.0,6.75,9.72,34.0,8.0,26.0,23.53,0.0,0.0,0.0,0.0,0.0,1.0,0.0,2.0,1.0,2.0,2.0,1.0,1.0,2.0,2.0,2.0,15.0,55.56,1.0,Baik,0.0,1.0,11.0,0.0,,,,,,,Tahunan,50-59
P300,Laki-laki,SMA/SMK,Pelaksana,PNS,III/a,keduanya,1,Aktif,2026,1,141.0,141.0,134.0,6.71,9.64,18.0,1.0,17.0,5.56,2.0,2.0,,0.0,0.0,1.0,0.0,2.0,1.0,2.0,2.0,1.0,1.0,2.0,2.0,2.0,15.0,55.56,1.0,Sangat Baik,1.0,,,,Baik,0.0,Sangat Baik,1.0,2.0,0.0,Triwulan (terkini),50-59
P301,Laki-laki,SMA/Sederajat,PPNPN,PPNPN,-,sistem_lama,0,Tidak Terdaftar,2023,1,,,,,,28.0,26.0,2.0,92.86,1.0,1.0,1.0,0.0,0.0,0.0,0.0,,,,,,,,,,,,0.0,,,,,,,,,,,,,50-59
P301,Laki-laki,SMA/Sederajat,PPNPN,PPNPN,-,sistem_lama,0,Tidak Terdaftar,2024,1,,,,,,43.0,43.0,0.0,100.0,2.0,2.0,2.0,0.0,0.0,0.0,0.0,,,,,,,,,,,,0.0,,,,,,,,,,,,,50-59
P301,Laki-laki,SMA/Sederajat,PPNPN,PPNPN,-,sistem_lama,0,Tidak Terdaftar,2025,1,0.0,0.0,0.0,,,34.0,17.0,17.0,50.0,0.0,0.0,0.0,0.0,0.0,0.0,0.0,,,,,,,,,,,,0.0,,,,,,,,,,,,,50-59
P301,Laki-laki,SMA/Sederajat,PPNPN,PPNPN,-,sistem_lama,0,Tidak Terdaftar,2026,0,0.0,0.0,0.0,,,0.0,0.0,0.0,,0.0,0.0,,0.0,0.0,0.0,0.0,,,,,,,,,,,,0.0,,,,,,,,,,0.0,,,60+
P302,Laki-laki,D4,Pelaksana,PPPK,IX,keduanya,1,Aktif,2023,1,,,,,,28.0,28.0,0.0,100.0,3.0,3.0,3.0,0.0,0.0,0.0,0.0,,,,,,,,,,,,0.0,,,,,,,,,,,,,30-39
P302,Laki-laki,D4,Pelaksana,PPPK,IX,keduanya,1,Aktif,2024,1,,,,,,43.0,41.0,2.0,95.35,6.0,6.0,6.0,0.0,0.0,0.0,0.0,,,,,,,,,,,,0.0,,,,,,,,,,,,,30-39
P302,Laki-laki,D4,Pelaksana,PPPK,IX,keduanya,1,Aktif,2025,1,53.0,52.0,49.0,6.78,9.48,34.0,33.0,1.0,97.06,3.0,3.0,3.0,0.0,0.0,0.0,0.0,,,,,,,,,,,,0.0,Baik,0.0,1.0,4.0,0.0,,,,,,,Tahunan,30-39
P302,Laki-laki,D4,Pelaksana,PPPK,IX,keduanya,1,Aktif,2026,1,143.0,143.0,141.0,6.84,9.31,18.0,18.0,0.0,100.0,1.0,1.0,,0.0,0.0,0.0,0.0,,,,,,,,,,,,0.0,Baik,0.0,,,,Baik,0.0,Baik,0.0,2.0,0.0,Triwulan (terkini),30-39
P303,Laki-laki,SMA/Sederajat,PNS,Pelaksana,Penata Muda Tk. I/IIIb,sistem_lama,0,Tidak Terdaftar,2023,1,,,,,,28.0,23.0,5.0,82.14,22.0,22.0,21.0,0.0,0.0,0.0,0.0,,,,,,,,,,,,0.0,,,,,,,,,,,,,50-59
P303,Laki-laki,SMA/Sederajat,PNS,Pelaksana,Penata Muda Tk. I/IIIb,sistem_lama,0,Tidak Terdaftar,2024,1,,,,,,43.0,20.0,23.0,46.51,33.0,33.0,33.0,0.0,0.0,0.0,0.0,,,,,,,,,,,,0.0,Sangat Baik,1.0,1.0,12.0,0.0,,,,,,,Tahunan,50-59
P303,Laki-laki,SMA/Sederajat,PNS,Pelaksana,Penata Muda Tk. I/IIIb,sistem_lama,0,Tidak Terdaftar,2025,1,36.0,32.0,29.0,6.92,9.47,7.0,5.0,2.0,71.43,0.0,0.0,0.0,0.0,0.0,0.0,0.0,,,,,,,,,,,,0.0,Baik,0.0,1.0,2.0,0.0,,,,,,,Tahunan,50-59
P303,Laki-laki,SMA/Sederajat,PNS,Pelaksana,Penata Muda Tk. I/IIIb,sistem_lama,0,Tidak Terdaftar,2026,0,0.0,0.0,0.0,,,0.0,0.0,0.0,,0.0,0.0,,0.0,0.0,0.0,0.0,,,,,,,,,,,,0.0,,,,,,,,,,0.0,,,50-59
P304,Laki-laki,SMA/Sederajat,PPNPN,PPNPN,-,sistem_lama,0,Tidak Terdaftar,2023,1,,,,,,28.0,20.0,8.0,71.43,1.0,1.0,1.0,0.0,0.0,0.0,0.0,,,,,,,,,,,,0.0,,,,,,,,,,,,,30-39
P304,Laki-laki,SMA/Sederajat,PPNPN,PPNPN,-,sistem_lama,0,Tidak Terdaftar,2024,1,,,,,,43.0,40.0,3.0,93.02,1.0,1.0,1.0,0.0,0.0,0.0,0.0,,,,,,,,,,,,0.0,,,,,,,,,,,,,30-39
P304,Laki-laki,SMA/Sederajat,PPNPN,PPNPN,-,sistem_lama,0,Tidak Terdaftar,2025,1,0.0,0.0,0.0,,,34.0,33.0,1.0,97.06,0.0,0.0,0.0,0.0,0.0,0.0,0.0,,,,,,,,,,,,0.0,,,,,,,,,,,,,40-49
P304,Laki-laki,SMA/Sederajat,PPNPN,PPNPN,-,sistem_lama,0,Tidak Terdaftar,2026,0,0.0,0.0,0.0,,,0.0,0.0,0.0,,0.0,0.0,,0.0,0.0,0.0,0.0,,,,,,,,,,,,0.0,,,,,,,,,,0.0,,,40-49
P305,Laki-laki,SMA/Sederajat,PNS,Pelaksana,Penata Muda Tk. I/IIIb,sistem_lama,0,Tidak Terdaftar,2023,1,,,,,,28.0,27.0,1.0,96.43,3.0,3.0,3.0,0.0,0.0,0.0,0.0,,,,,,,,,,,,0.0,,,,,,,,,,,,,50-59
P305,Laki-laki,SMA/Sederajat,PNS,Pelaksana,Penata Muda Tk. I/IIIb,sistem_lama,0,Tidak Terdaftar,2024,1,,,,,,24.0,24.0,0.0,100.0,4.0,4.0,4.0,0.0,0.0,0.0,0.0,,,,,,,,,,,,0.0,Baik,0.0,1.0,7.0,0.0,,,,,,,Tahunan,50-59
P305,Laki-laki,SMA/Sederajat,PNS,Pelaksana,Penata Muda Tk. I/IIIb,sistem_lama,0,Tidak Terdaftar,2025,0,0.0,0.0,0.0,,,0.0,0.0,0.0,,0.0,0.0,0.0,0.0,0.0,0.0,0.0,,,,,,,,,,,,0.0,,,,,,,,,,,,,50-59
P305,Laki-laki,SMA/Sederajat,PNS,Pelaksana,Penata Muda Tk. I/IIIb,sistem_lama,0,Tidak Terdaftar,2026,0,0.0,0.0,0.0,,,0.0,0.0,0.0,,0.0,0.0,,0.0,0.0,0.0,0.0,,,,,,,,,,,,0.0,,,,,,,,,,0.0,,,50-59
P306,Laki-laki,S2,PNS,Widyaiswara,Pembina Tk. I/IVb,sistem_lama,0,Tidak Terdaftar,2023,0,,,,,,0.0,0.0,0.0,,0.0,0.0,0.0,0.0,0.0,0.0,0.0,,,,,,,,,,,,0.0,,,,,,,,,,,,,60+
P306,Laki-laki,S2,PNS,Widyaiswara,Pembina Tk. I/IVb,sistem_lama,0,Tidak Terdaftar,2024,0,,,,,,0.0,0.0,0.0,,0.0,0.0,0.0,0.0,0.0,0.0,0.0,,,,,,,,,,,,0.0,,,,,,,,,,,,,60+
P306,Laki-laki,S2,PNS,Widyaiswara,Pembina Tk. I/IVb,sistem_lama,0,Tidak Terdaftar,2025,0,0.0,0.0,0.0,,,0.0,0.0,0.0,,0.0,0.0,0.0,0.0,0.0,0.0,0.0,,,,,,,,,,,,0.0,,,,,,,,,,,,,60+
P306,Laki-laki,S2,PNS,Widyaiswara,Pembina Tk. I/IVb,sistem_lama,0,Tidak Terdaftar,2026,0,0.0,0.0,0.0,,,0.0,0.0,0.0,,0.0,0.0,,0.0,0.0,0.0,0.0,,,,,,,,,,,,0.0,,,,,,,,,,0.0,,,60+
P307,Perempuan,S2,PNS,Fungsional,Pembina Utama/IVe,sistem_lama,0,Tidak Terdaftar,2023,1,,,,,,28.0,20.0,8.0,71.43,17.0,17.0,17.0,0.0,0.0,0.0,0.0,,,,,,,,,,,,0.0,,,,,,,,,,,,,60+
P307,Perempuan,S2,PNS,Fungsional,Pembina Utama/IVe,sistem_lama,0,Tidak Terdaftar,2024,1,,,,,,43.0,30.0,13.0,69.77,26.0,26.0,26.0,0.0,0.0,0.0,0.0,,,,,,,,,,,,0.0,,,,,,,,,,,,,60+
P307,Perempuan,S2,PNS,Fungsional,Pembina Utama/IVe,sistem_lama,0,Tidak Terdaftar,2025,1,0.0,0.0,0.0,,,2.0,1.0,1.0,50.0,0.0,0.0,0.0,0.0,0.0,0.0,0.0,,,,,,,,,,,,0.0,,,,,,,,,,,,,60+
P307,Perempuan,S2,PNS,Fungsional,Pembina Utama/IVe,sistem_lama,0,Tidak Terdaftar,2026,0,0.0,0.0,0.0,,,0.0,0.0,0.0,,0.0,0.0,,0.0,0.0,0.0,0.0,,,,,,,,,,,,0.0,,,,,,,,,,0.0,,,60+
P308,Laki-laki,SMA/Sederajat,PNS,Fungsional Umum,Penata Muda/IIIa,sistem_lama,0,Tidak Terdaftar,2023,0,,,,,,0.0,0.0,0.0,,0.0,0.0,0.0,0.0,0.0,0.0,0.0,,,,,,,,,,,,0.0,,,,,,,,,,,,,50-59
P308,Laki-laki,SMA/Sederajat,PNS,Fungsional Umum,Penata Muda/IIIa,sistem_lama,0,Tidak Terdaftar,2024,0,,,,,,0.0,0.0,0.0,,0.0,0.0,0.0,0.0,0.0,0.0,0.0,,,,,,,,,,,,0.0,,,,,,,,,,,,,60+
P308,Laki-laki,SMA/Sederajat,PNS,Fungsional Umum,Penata Muda/IIIa,sistem_lama,0,Tidak Terdaftar,2025,0,0.0,0.0,0.0,,,0.0,0.0,0.0,,0.0,0.0,0.0,0.0,0.0,0.0,0.0,,,,,,,,,,,,0.0,,,,,,,,,,,,,60+
P308,Laki-laki,SMA/Sederajat,PNS,Fungsional Umum,Penata Muda/IIIa,sistem_lama,0,Tidak Terdaftar,2026,0,0.0,0.0,0.0,,,0.0,0.0,0.0,,0.0,0.0,,0.0,0.0,0.0,0.0,,,,,,,,,,,,0.0,,,,,,,,,,0.0,,,60+
P309,Laki-laki,SMA/SMK,Pelaksana,PPPK PW,,sistem_baru,1,Aktif,2023,1,,,,,,28.0,13.0,15.0,46.43,0.0,0.0,0.0,0.0,0.0,0.0,0.0,,,,,,,,,,,,0.0,,,,,,,,,,,,,40-49
P309,Laki-laki,SMA/SMK,Pelaksana,PPPK PW,,sistem_baru,1,Aktif,2024,1,,,,,,43.0,37.0,6.0,86.05,0.0,0.0,0.0,0.0,0.0,0.0,0.0,,,,,,,,,,,,0.0,,,,,,,,,,,,,40-49
P309,Laki-laki,SMA/SMK,Pelaksana,PPPK PW,,sistem_baru,1,Aktif,2025,1,0.0,0.0,0.0,,,34.0,33.0,1.0,97.06,0.0,0.0,0.0,0.0,0.0,0.0,0.0,,,,,,,,,,,,0.0,Baik,0.0,1.0,3.0,0.0,,,,,,,Tahunan,40-49
P309,Laki-laki,SMA/SMK,Pelaksana,PPPK PW,,sistem_baru,1,Aktif,2026,1,96.0,95.0,38.0,6.95,12.14,18.0,13.0,5.0,72.22,2.0,2.0,,0.0,0.0,0.0,0.0,,,,,,,,,,,,0.0,Baik,0.0,,,,Baik,0.0,Baik,0.0,2.0,0.0,Triwulan (terkini),40-49
P310,Perempuan,S2,Fungsional,PNS,-,keduanya,1,Aktif,2023,0,,,,,,0.0,0.0,0.0,,0.0,0.0,0.0,0.0,0.0,0.0,0.0,2.0,2.0,1.0,1.0,2.0,1.0,1.0,2.0,2.0,14.0,51.85,1.0,,,,,,,,,,,,,<30
P310,Perempuan,S2,Fungsional,PNS,-,keduanya,1,Aktif,2024,0,,,,,,0.0,0.0,0.0,,0.0,0.0,0.0,0.0,0.0,0.0,0.0,2.0,2.0,1.0,1.0,2.0,1.0,1.0,2.0,2.0,14.0,51.85,1.0,,,,,,,,,,,,,<30
P310,Perempuan,S2,Fungsional,PNS,-,keduanya,1,Aktif,2025,1,125.0,124.0,114.0,7.29,9.48,22.0,19.0,3.0,86.36,4.0,4.0,4.0,0.0,0.0,0.0,0.0,2.0,2.0,1.0,1.0,2.0,1.0,1.0,2.0,2.0,14.0,51.85,1.0,Baik,0.0,1.0,7.0,0.0,,,,,,,Tahunan,<30
P310,Perempuan,S2,Fungsional,PNS,-,keduanya,1,Aktif,2026,1,129.0,128.0,128.0,7.33,9.14,18.0,15.0,3.0,83.33,6.0,6.0,,0.0,0.0,0.0,0.0,2.0,2.0,1.0,1.0,2.0,1.0,1.0,2.0,2.0,14.0,51.85,1.0,Sangat Baik,1.0,,,,Baik,0.0,Sangat Baik,1.0,2.0,0.0,Triwulan (terkini),<30
P311,Laki-laki,S2,PNS,Fungsional,Pembina Tk. I/IVb,sistem_lama,0,Tidak Terdaftar,2023,0,,,,,,0.0,0.0,0.0,,0.0,0.0,0.0,0.0,0.0,0.0,0.0,,,,,,,,,,,,0.0,,,,,,,,,,,,,50-59
P311,Laki-laki,S2,PNS,Fungsional,Pembina Tk. I/IVb,sistem_lama,0,Tidak Terdaftar,2024,0,,,,,,0.0,0.0,0.0,,0.0,0.0,0.0,0.0,0.0,0.0,0.0,,,,,,,,,,,,0.0,,,,,,,,,,,,,50-59
P311,Laki-laki,S2,PNS,Fungsional,Pembina Tk. I/IVb,sistem_lama,0,Tidak Terdaftar,2025,0,0.0,0.0,0.0,,,0.0,0.0,0.0,,0.0,0.0,0.0,0.0,0.0,0.0,0.0,,,,,,,,,,,,0.0,,,,,,,,,,,,,50-59
P311,Laki-laki,S2,PNS,Fungsional,Pembina Tk. I/IVb,sistem_lama,0,Tidak Terdaftar,2026,0,0.0,0.0,0.0,,,0.0,0.0,0.0,,0.0,0.0,,0.0,0.0,0.0,0.0,,,,,,,,,,,,0.0,,,,,,,,,,0.0,,,60+
P312,Laki-laki,SMA/SMK,Pelaksana,PPPK PW,,sistem_baru,1,Aktif,2023,1,,,,,,28.0,25.0,3.0,89.29,0.0,0.0,0.0,0.0,0.0,0.0,0.0,,,,,,,,,,,,0.0,,,,,,,,,,,,,40-49
P312,Laki-laki,SMA/SMK,Pelaksana,PPPK PW,,sistem_baru,1,Aktif,2024,1,,,,,,43.0,43.0,0.0,100.0,0.0,0.0,0.0,0.0,0.0,0.0,0.0,,,,,,,,,,,,0.0,,,,,,,,,,,,,40-49
P312,Laki-laki,SMA/SMK,Pelaksana,PPPK PW,,sistem_baru,1,Aktif,2025,1,0.0,0.0,0.0,,,34.0,33.0,1.0,97.06,0.0,0.0,0.0,0.0,0.0,0.0,0.0,,,,,,,,,,,,0.0,Baik,0.0,1.0,3.0,0.0,,,,,,,Tahunan,40-49
P312,Laki-laki,SMA/SMK,Pelaksana,PPPK PW,,sistem_baru,1,Aktif,2026,1,129.0,129.0,127.0,6.66,9.43,18.0,18.0,0.0,100.0,2.0,2.0,,0.0,0.0,0.0,0.0,,,,,,,,,,,,0.0,Baik,0.0,,,,Baik,0.0,Baik,0.0,2.0,0.0,Triwulan (terkini),40-49
P313,Perempuan,SMA/SMK,Pelaksana,PNS,III/b,keduanya,0,Tidak Aktif,2023,1,,,,,,28.0,26.0,2.0,92.86,3.0,3.0,3.0,0.0,0.0,0.0,0.0,2.0,1.0,2.0,3.0,1.0,1.0,2.0,1.0,2.0,15.0,55.56,1.0,,,,,,,,,,,,,50-59
P313,Perempuan,SMA/SMK,Pelaksana,PNS,III/b,keduanya,0,Tidak Aktif,2024,1,,,,,,43.0,38.0,5.0,88.37,4.0,4.0,4.0,0.0,0.0,0.0,0.0,2.0,1.0,2.0,3.0,1.0,1.0,2.0,1.0,2.0,15.0,55.56,1.0,Baik,0.0,1.0,12.0,0.0,,,,,,,Tahunan,50-59
P313,Perempuan,SMA/SMK,Pelaksana,PNS,III/b,keduanya,0,Tidak Aktif,2025,1,207.0,199.0,169.0,7.49,8.67,34.0,11.0,23.0,32.35,0.0,0.0,0.0,0.0,0.0,0.0,0.0,2.0,1.0,2.0,3.0,1.0,1.0,2.0,1.0,2.0,15.0,55.56,1.0,Baik,0.0,1.0,11.0,0.0,,,,,,,Tahunan,50-59
P313,Perempuan,SMA/SMK,Pelaksana,PNS,III/b,keduanya,0,Tidak Aktif,2026,1,54.0,46.0,51.0,7.64,8.19,6.0,2.0,4.0,33.33,1.0,1.0,,0.0,0.0,0.0,0.0,2.0,1.0,2.0,3.0,1.0,1.0,2.0,1.0,2.0,15.0,55.56,1.0,Baik,0.0,,,,Baik,0.0,,,1.0,,Triwulan (terkini),50-59
P314,Laki-laki,SMA/SMK,Pelaksana,PPPK PW,,sistem_baru,1,Aktif,2023,1,,,,,,28.0,22.0,6.0,78.57,0.0,0.0,0.0,0.0,0.0,0.0,0.0,,,,,,,,,,,,0.0,,,,,,,,,,,,,<30
P314,Laki-laki,SMA/SMK,Pelaksana,PPPK PW,,sistem_baru,1,Aktif,2024,1,,,,,,43.0,41.0,2.0,95.35,0.0,0.0,0.0,0.0,0.0,0.0,0.0,,,,,,,,,,,,0.0,,,,,,,,,,,,,<30
P314,Laki-laki,SMA/SMK,Pelaksana,PPPK PW,,sistem_baru,1,Aktif,2025,1,0.0,0.0,0.0,,,34.0,28.0,6.0,82.35,0.0,0.0,0.0,0.0,0.0,0.0,0.0,,,,,,,,,,,,0.0,Baik,0.0,1.0,3.0,0.0,,,,,,,Tahunan,<30
P314,Laki-laki,SMA/SMK,Pelaksana,PPPK PW,,sistem_baru,1,Aktif,2026,1,131.0,130.0,131.0,6.97,9.8,18.0,18.0,0.0,100.0,2.0,2.0,,0.0,0.0,0.0,0.0,,,,,,,,,,,,0.0,Baik,0.0,,,,Baik,0.0,Baik,0.0,2.0,0.0,Triwulan (terkini),<30
P315,Laki-laki,SMA/Sederajat,PPNPN,PPNPN,-,sistem_lama,0,Tidak Terdaftar,2023,1,,,,,,28.0,21.0,7.0,75.0,1.0,1.0,1.0,0.0,0.0,0.0,0.0,,,,,,,,,,,,0.0,,,,,,,,,,,,,40-49
P315,Laki-laki,SMA/Sederajat,PPNPN,PPNPN,-,sistem_lama,0,Tidak Terdaftar,2024,1,,,,,,43.0,42.0,1.0,97.67,2.0,2.0,2.0,0.0,0.0,0.0,0.0,,,,,,,,,,,,0.0,,,,,,,,,,,,,40-49
P315,Laki-laki,SMA/Sederajat,PPNPN,PPNPN,-,sistem_lama,0,Tidak Terdaftar,2025,1,0.0,0.0,0.0,,,34.0,33.0,1.0,97.06,0.0,0.0,0.0,0.0,0.0,0.0,0.0,,,,,,,,,,,,0.0,,,,,,,,,,,,,40-49
P315,Laki-laki,SMA/Sederajat,PPNPN,PPNPN,-,sistem_lama,0,Tidak Terdaftar,2026,0,0.0,0.0,0.0,,,0.0,0.0,0.0,,0.0,0.0,,0.0,0.0,0.0,0.0,,,,,,,,,,,,0.0,,,,,,,,,,0.0,,,40-49
P316,Laki-laki,S3,Struktural,PNS,IV/c,keduanya,0,Tidak Aktif,2023,1,,,,,,28.0,18.0,10.0,64.29,44.0,44.0,44.0,0.0,0.0,0.0,0.0,1.0,2.0,2.0,2.0,1.0,2.0,2.0,2.0,1.0,15.0,55.56,1.0,,,,,,,,,,,,,50-59
P316,Laki-laki,S3,Struktural,PNS,IV/c,keduanya,0,Tidak Aktif,2024,1,,,,,,43.0,40.0,3.0,93.02,43.0,43.0,41.0,0.0,0.0,0.0,0.0,1.0,2.0,2.0,2.0,1.0,2.0,2.0,2.0,1.0,15.0,55.56,1.0,Sangat Baik,1.0,1.0,12.0,0.0,,,,,,,Tahunan,50-59
P316,Laki-laki,S3,Struktural,PNS,IV/c,keduanya,0,Tidak Aktif,2025,1,52.0,39.0,40.0,7.17,9.38,34.0,30.0,4.0,88.24,38.0,38.0,37.0,0.0,0.0,0.0,0.0,1.0,2.0,2.0,2.0,1.0,2.0,2.0,2.0,1.0,15.0,55.56,1.0,Sangat Baik,1.0,1.0,11.0,0.0,,,,,,,Tahunan,50-59
P316,Laki-laki,S3,Struktural,PNS,IV/c,keduanya,0,Tidak Aktif,2026,1,28.0,25.0,24.0,7.47,9.46,14.0,12.0,2.0,85.71,11.0,11.0,,0.0,0.0,0.0,0.0,1.0,2.0,2.0,2.0,1.0,2.0,2.0,2.0,1.0,15.0,55.56,1.0,Sangat Baik,1.0,,,,Sangat Baik,1.0,,,1.0,,Triwulan (terkini),50-59
P317,Laki-laki,SMA/Sederajat,PPNPN,PPNPN,-,sistem_lama,0,Tidak Terdaftar,2023,1,,,,,,28.0,22.0,6.0,78.57,1.0,1.0,1.0,0.0,0.0,0.0,0.0,,,,,,,,,,,,0.0,,,,,,,,,,,,,40-49
P317,Laki-laki,SMA/Sederajat,PPNPN,PPNPN,-,sistem_lama,0,Tidak Terdaftar,2024,1,,,,,,43.0,41.0,2.0,95.35,2.0,2.0,2.0,0.0,0.0,0.0,0.0,,,,,,,,,,,,0.0,,,,,,,,,,,,,40-49
P317,Laki-laki,SMA/Sederajat,PPNPN,PPNPN,-,sistem_lama,0,Tidak Terdaftar,2025,1,0.0,0.0,0.0,,,34.0,32.0,2.0,94.12,0.0,0.0,0.0,0.0,0.0,0.0,0.0,,,,,,,,,,,,0.0,,,,,,,,,,,,,40-49
P317,Laki-laki,SMA/Sederajat,PPNPN,PPNPN,-,sistem_lama,0,Tidak Terdaftar,2026,0,0.0,0.0,0.0,,,0.0,0.0,0.0,,0.0,0.0,,0.0,0.0,0.0,0.0,,,,,,,,,,,,0.0,,,,,,,,,,0.0,,,40-49
P318,Laki-laki,SMA/Sederajat,PPNPN,PPNPN,-,sistem_lama,0,Tidak Terdaftar,2023,1,,,,,,28.0,25.0,3.0,89.29,1.0,1.0,1.0,0.0,0.0,0.0,0.0,,,,,,,,,,,,0.0,,,,,,,,,,,,,40-49
P318,Laki-laki,SMA/Sederajat,PPNPN,PPNPN,-,sistem_lama,0,Tidak Terdaftar,2024,1,,,,,,43.0,43.0,0.0,100.0,2.0,2.0,2.0,0.0,0.0,0.0,0.0,,,,,,,,,,,,0.0,,,,,,,,,,,,,40-49
P318,Laki-laki,SMA/Sederajat,PPNPN,PPNPN,-,sistem_lama,0,Tidak Terdaftar,2025,1,0.0,0.0,0.0,,,34.0,33.0,1.0,97.06,0.0,0.0,0.0,0.0,0.0,0.0,0.0,,,,,,,,,,,,0.0,,,,,,,,,,,,,40-49
P318,Laki-laki,SMA/Sederajat,PPNPN,PPNPN,-,sistem_lama,0,Tidak Terdaftar,2026,0,0.0,0.0,0.0,,,0.0,0.0,0.0,,0.0,0.0,,0.0,0.0,0.0,0.0,,,,,,,,,,,,0.0,,,,,,,,,,0.0,,,40-49
P319,Laki-laki,SMA/Sederajat,PNS,Pelaksana,Penata Muda Tk. I/IIIb,sistem_lama,0,Tidak Terdaftar,2023,1,,,,,,28.0,27.0,1.0,96.43,3.0,3.0,3.0,0.0,0.0,0.0,0.0,,,,,,,,,,,,0.0,,,,,,,,,,,,,50-59
P319,Laki-laki,SMA/Sederajat,PNS,Pelaksana,Penata Muda Tk. I/IIIb,sistem_lama,0,Tidak Terdaftar,2024,1,,,,,,20.0,19.0,1.0,95.0,5.0,5.0,5.0,0.0,0.0,0.0,0.0,,,,,,,,,,,,0.0,,,,,,,,,,,,,50-59
P319,Laki-laki,SMA/Sederajat,PNS,Pelaksana,Penata Muda Tk. I/IIIb,sistem_lama,0,Tidak Terdaftar,2025,0,0.0,0.0,0.0,,,0.0,0.0,0.0,,0.0,0.0,0.0,0.0,0.0,0.0,0.0,,,,,,,,,,,,0.0,,,,,,,,,,,,,50-59
P319,Laki-laki,SMA/Sederajat,PNS,Pelaksana,Penata Muda Tk. I/IIIb,sistem_lama,0,Tidak Terdaftar,2026,0,0.0,0.0,0.0,,,0.0,0.0,0.0,,0.0,0.0,,0.0,0.0,0.0,0.0,,,,,,,,,,,,0.0,,,,,,,,,,0.0,,,50-59
P320,Laki-laki,SMA/Sederajat,PNS,Pelaksana,Penata Muda Tk. I/IIIb,sistem_lama,0,Tidak Terdaftar,2023,1,,,,,,28.0,28.0,0.0,100.0,1.0,1.0,1.0,0.0,0.0,0.0,0.0,,,,,,,,,,,,0.0,,,,,,,,,,,,,50-59
P320,Laki-laki,SMA/Sederajat,PNS,Pelaksana,Penata Muda Tk. I/IIIb,sistem_lama,0,Tidak Terdaftar,2024,1,,,,,,7.0,6.0,1.0,85.71,2.0,2.0,2.0,0.0,0.0,0.0,0.0,,,,,,,,,,,,0.0,,,,,,,,,,,,,50-59
P320,Laki-laki,SMA/Sederajat,PNS,Pelaksana,Penata Muda Tk. I/IIIb,sistem_lama,0,Tidak Terdaftar,2025,0,0.0,0.0,0.0,,,0.0,0.0,0.0,,0.0,0.0,0.0,0.0,0.0,0.0,0.0,,,,,,,,,,,,0.0,,,,,,,,,,,,,50-59
P320,Laki-laki,SMA/Sederajat,PNS,Pelaksana,Penata Muda Tk. I/IIIb,sistem_lama,0,Tidak Terdaftar,2026,0,0.0,0.0,0.0,,,0.0,0.0,0.0,,0.0,0.0,,0.0,0.0,0.0,0.0,,,,,,,,,,,,0.0,,,,,,,,,,0.0,,,50-59
P321,Laki-laki,SMA/Sederajat,PPNPN,PPNPN,-,sistem_lama,0,Tidak Terdaftar,2023,1,,,,,,28.0,21.0,7.0,75.0,1.0,1.0,1.0,0.0,0.0,0.0,0.0,,,,,,,,,,,,0.0,,,,,,,,,,,,,40-49
P321,Laki-laki,SMA/Sederajat,PPNPN,PPNPN,-,sistem_lama,0,Tidak Terdaftar,2024,1,,,,,,43.0,41.0,2.0,95.35,2.0,2.0,2.0,0.0,0.0,0.0,0.0,,,,,,,,,,,,0.0,,,,,,,,,,,,,40-49
P321,Laki-laki,SMA/Sederajat,PPNPN,PPNPN,-,sistem_lama,0,Tidak Terdaftar,2025,1,0.0,0.0,0.0,,,34.0,32.0,2.0,94.12,0.0,0.0,0.0,0.0,0.0,0.0,0.0,,,,,,,,,,,,0.0,,,,,,,,,,,,,40-49
P321,Laki-laki,SMA/Sederajat,PPNPN,PPNPN,-,sistem_lama,0,Tidak Terdaftar,2026,0,0.0,0.0,0.0,,,0.0,0.0,0.0,,0.0,0.0,,0.0,0.0,0.0,0.0,,,,,,,,,,,,0.0,,,,,,,,,,0.0,,,40-49
P322,Perempuan,SMA/Sederajat,PNS,Pelaksana,Penata Muda Tk. I/IIIb,sistem_lama,0,Tidak Terdaftar,2023,1,,,,,,28.0,28.0,0.0,100.0,2.0,2.0,2.0,0.0,0.0,0.0,0.0,,,,,,,,,,,,0.0,,,,,,,,,,,,,50-59
P322,Perempuan,SMA/Sederajat,PNS,Pelaksana,Penata Muda Tk. I/IIIb,sistem_lama,0,Tidak Terdaftar,2024,1,,,,,,20.0,14.0,6.0,70.0,1.0,1.0,1.0,0.0,0.0,0.0,0.0,,,,,,,,,,,,0.0,,,,,,,,,,,,,50-59
P322,Perempuan,SMA/Sederajat,PNS,Pelaksana,Penata Muda Tk. I/IIIb,sistem_lama,0,Tidak Terdaftar,2025,0,0.0,0.0,0.0,,,0.0,0.0,0.0,,0.0,0.0,0.0,0.0,0.0,0.0,0.0,,,,,,,,,,,,0.0,,,,,,,,,,,,,50-59
P322,Perempuan,SMA/Sederajat,PNS,Pelaksana,Penata Muda Tk. I/IIIb,sistem_lama,0,Tidak Terdaftar,2026,0,0.0,0.0,0.0,,,0.0,0.0,0.0,,0.0,0.0,,0.0,0.0,0.0,0.0,,,,,,,,,,,,0.0,,,,,,,,,,0.0,,,50-59
P323,Laki-laki,S1,Pelaksana,PNS,III/d,keduanya,0,Tidak Aktif,2023,1,,,,,,28.0,21.0,7.0,75.0,13.0,13.0,13.0,1.0,1.0,1.0,3.0,3.0,3.0,2.0,2.0,1.0,2.0,3.0,1.0,2.0,19.0,70.37,1.0,,,,,,,,,,,,,50-59
P323,Laki-laki,S1,Pelaksana,PNS,III/d,keduanya,0,Tidak Aktif,2024,1,,,,,,43.0,30.0,13.0,69.77,17.0,17.0,17.0,0.0,0.0,1.0,3.0,3.0,3.0,2.0,2.0,1.0,2.0,3.0,1.0,2.0,19.0,70.37,1.0,Baik,0.0,2.0,10.0,1.0,,,,,,,Tahunan,50-59
P323,Laki-laki,S1,Pelaksana,PNS,III/d,keduanya,0,Tidak Aktif,2025,1,200.0,198.0,187.0,7.36,8.87,34.0,25.0,9.0,73.53,5.0,5.0,5.0,0.0,0.0,1.0,3.0,3.0,3.0,2.0,2.0,1.0,2.0,3.0,1.0,2.0,19.0,70.37,1.0,Baik,0.0,1.0,11.0,0.0,,,,,,,Tahunan,50-59
P323,Laki-laki,S1,Pelaksana,PNS,III/d,keduanya,0,Tidak Aktif,2026,1,98.0,98.0,96.0,7.3,8.81,15.0,11.0,4.0,73.33,3.0,3.0,,0.0,0.0,1.0,3.0,3.0,3.0,2.0,2.0,1.0,2.0,3.0,1.0,2.0,19.0,70.37,1.0,Baik,0.0,,,,Baik,0.0,,,1.0,,Triwulan (terkini),50-59
P324,Laki-laki,S1,Pelaksana,PNS,III/d,keduanya,0,Tidak Aktif,2023,1,,,,,,28.0,27.0,1.0,96.43,0.0,0.0,0.0,1.0,1.0,1.0,3.0,1.0,2.0,2.0,1.0,1.0,2.0,3.0,1.0,2.0,15.0,55.56,1.0,,,,,,,,,,,,,50-59
P324,Laki-laki,S1,Pelaksana,PNS,III/d,keduanya,0,Tidak Aktif,2024,1,,,,,,43.0,34.0,9.0,79.07,0.0,0.0,0.0,0.0,0.0,1.0,3.0,1.0,2.0,2.0,1.0,1.0,2.0,3.0,1.0,2.0,15.0,55.56,1.0,Baik,0.0,1.0,12.0,0.0,,,,,,,Tahunan,50-59
P324,Laki-laki,S1,Pelaksana,PNS,III/d,keduanya,0,Tidak Aktif,2025,1,211.0,208.0,142.0,6.87,9.7,34.0,30.0,4.0,88.24,0.0,0.0,0.0,0.0,0.0,1.0,3.0,1.0,2.0,2.0,1.0,1.0,2.0,3.0,1.0,2.0,15.0,55.56,1.0,Baik,0.0,1.0,11.0,0.0,,,,,,,Tahunan,50-59
P324,Laki-laki,S1,Pelaksana,PNS,III/d,keduanya,0,Tidak Aktif,2026,1,110.0,109.0,101.0,7.02,9.35,15.0,9.0,6.0,60.0,1.0,1.0,,0.0,0.0,1.0,3.0,1.0,2.0,2.0,1.0,1.0,2.0,3.0,1.0,2.0,15.0,55.56,1.0,Baik,0.0,,,,Baik,0.0,,,1.0,,Triwulan (terkini),50-59
P325,Laki-laki,SMA/Sederajat,PNS,Fungsional Umum,Penata Muda Tk. I/IIIb,sistem_lama,0,Tidak Terdaftar,2023,0,,,,,,0.0,0.0,0.0,,0.0,0.0,0.0,0.0,0.0,0.0,0.0,,,,,,,,,,,,0.0,,,,,,,,,,,,,60+
P325,Laki-laki,SMA/Sederajat,PNS,Fungsional Umum,Penata Muda Tk. I/IIIb,sistem_lama,0,Tidak Terdaftar,2024,0,,,,,,0.0,0.0,0.0,,0.0,0.0,0.0,0.0,0.0,0.0,0.0,,,,,,,,,,,,0.0,,,,,,,,,,,,,60+
P325,Laki-laki,SMA/Sederajat,PNS,Fungsional Umum,Penata Muda Tk. I/IIIb,sistem_lama,0,Tidak Terdaftar,2025,0,0.0,0.0,0.0,,,0.0,0.0,0.0,,0.0,0.0,0.0,0.0,0.0,0.0,0.0,,,,,,,,,,,,0.0,,,,,,,,,,,,,60+
P325,Laki-laki,SMA/Sederajat,PNS,Fungsional Umum,Penata Muda Tk. I/IIIb,sistem_lama,0,Tidak Terdaftar,2026,0,0.0,0.0,0.0,,,0.0,0.0,0.0,,0.0,0.0,,0.0,0.0,0.0,0.0,,,,,,,,,,,,0.0,,,,,,,,,,0.0,,,60+
P326,Perempuan,S1,Fungsional,PNS,-,keduanya,1,Aktif,2023,0,,,,,,0.0,0.0,0.0,,0.0,0.0,0.0,0.0,0.0,0.0,0.0,2.0,2.0,1.0,1.0,1.0,2.0,2.0,1.0,1.0,13.0,48.15,1.0,,,,,,,,,,,,,
P326,Perempuan,S1,Fungsional,PNS,-,keduanya,1,Aktif,2024,0,,,,,,0.0,0.0,0.0,,0.0,0.0,0.0,0.0,0.0,0.0,0.0,2.0,2.0,1.0,1.0,1.0,2.0,2.0,1.0,1.0,13.0,48.15,1.0,,,,,,,,,,,,,
P326,Perempuan,S1,Fungsional,PNS,-,keduanya,1,Aktif,2025,1,124.0,123.0,114.0,7.21,9.09,22.0,18.0,4.0,81.82,3.0,3.0,3.0,0.0,0.0,0.0,0.0,2.0,2.0,1.0,1.0,1.0,2.0,2.0,1.0,1.0,13.0,48.15,1.0,Baik,0.0,1.0,7.0,0.0,,,,,,,Tahunan,
P326,Perempuan,S1,Fungsional,PNS,-,keduanya,1,Aktif,2026,1,129.0,126.0,121.0,7.27,8.83,18.0,14.0,4.0,77.78,6.0,6.0,,0.0,0.0,0.0,0.0,2.0,2.0,1.0,1.0,1.0,2.0,2.0,1.0,1.0,13.0,48.15,1.0,Baik,0.0,,,,Baik,0.0,Baik,0.0,2.0,0.0,Triwulan (terkini),
P327,Perempuan,S2,PNS,Widyaiswara,Pembina Utama Muda/IVc,sistem_lama,0,Tidak Terdaftar,2023,0,,,,,,0.0,0.0,0.0,,0.0,0.0,0.0,0.0,0.0,0.0,0.0,,,,,,,,,,,,0.0,,,,,,,,,,,,,60+
P327,Perempuan,S2,PNS,Widyaiswara,Pembina Utama Muda/IVc,sistem_lama,0,Tidak Terdaftar,2024,0,,,,,,0.0,0.0,0.0,,0.0,0.0,0.0,0.0,0.0,0.0,0.0,,,,,,,,,,,,0.0,,,,,,,,,,,,,60+
P327,Perempuan,S2,PNS,Widyaiswara,Pembina Utama Muda/IVc,sistem_lama,0,Tidak Terdaftar,2025,0,0.0,0.0,0.0,,,0.0,0.0,0.0,,0.0,0.0,0.0,0.0,0.0,0.0,0.0,,,,,,,,,,,,0.0,,,,,,,,,,,,,60+
P327,Perempuan,S2,PNS,Widyaiswara,Pembina Utama Muda/IVc,sistem_lama,0,Tidak Terdaftar,2026,0,0.0,0.0,0.0,,,0.0,0.0,0.0,,0.0,0.0,,0.0,0.0,0.0,0.0,,,,,,,,,,,,0.0,,,,,,,,,,0.0,,,60+
P328,Laki-laki,SMA/SMK,Pelaksana,PPPK PW,,sistem_baru,1,Aktif,2023,1,,,,,,28.0,28.0,0.0,100.0,0.0,0.0,0.0,0.0,0.0,0.0,0.0,,,,,,,,,,,,0.0,,,,,,,,,,,,,40-49
P328,Laki-laki,SMA/SMK,Pelaksana,PPPK PW,,sistem_baru,1,Aktif,2024,1,,,,,,43.0,41.0,2.0,95.35,0.0,0.0,0.0,0.0,0.0,0.0,0.0,,,,,,,,,,,,0.0,,,,,,,,,,,,,40-49
P328,Laki-laki,SMA/SMK,Pelaksana,PPPK PW,,sistem_baru,1,Aktif,2025,1,0.0,0.0,0.0,,,34.0,30.0,4.0,88.24,0.0,0.0,0.0,0.0,0.0,0.0,0.0,,,,,,,,,,,,0.0,Baik,0.0,1.0,3.0,0.0,,,,,,,Tahunan,40-49
P328,Laki-laki,SMA/SMK,Pelaksana,PPPK PW,,sistem_baru,1,Aktif,2026,1,125.0,123.0,125.0,6.71,10.36,18.0,18.0,0.0,100.0,3.0,3.0,,0.0,0.0,0.0,0.0,,,,,,,,,,,,0.0,Baik,0.0,,,,Baik,0.0,Baik,0.0,2.0,0.0,Triwulan (terkini),40-49
P329,Perempuan,SMA/Sederajat,PNS,Pelaksana,Penata Muda Tk. I/IIIb,sistem_lama,0,Tidak Terdaftar,2023,1,,,,,,21.0,19.0,2.0,90.48,10.0,10.0,10.0,0.0,0.0,0.0,0.0,,,,,,,,,,,,0.0,,,,,,,,,,,,,50-59
P329,Perempuan,SMA/Sederajat,PNS,Pelaksana,Penata Muda Tk. I/IIIb,sistem_lama,0,Tidak Terdaftar,2024,0,,,,,,0.0,0.0,0.0,,0.0,0.0,0.0,0.0,0.0,0.0,0.0,,,,,,,,,,,,0.0,,,,,,,,,,,,,50-59
P329,Perempuan,SMA/Sederajat,PNS,Pelaksana,Penata Muda Tk. I/IIIb,sistem_lama,0,Tidak Terdaftar,2025,0,0.0,0.0,0.0,,,0.0,0.0,0.0,,0.0,0.0,0.0,0.0,0.0,0.0,0.0,,,,,,,,,,,,0.0,,,,,,,,,,,,,50-59
P329,Perempuan,SMA/Sederajat,PNS,Pelaksana,Penata Muda Tk. I/IIIb,sistem_lama,0,Tidak Terdaftar,2026,0,0.0,0.0,0.0,,,0.0,0.0,0.0,,0.0,0.0,,0.0,0.0,0.0,0.0,,,,,,,,,,,,0.0,,,,,,,,,,0.0,,,60+
P330,Perempuan,S2,Fungsional,PNS,-,keduanya,1,Aktif,2023,0,,,,,,0.0,0.0,0.0,,0.0,0.0,0.0,0.0,0.0,0.0,0.0,2.0,2.0,1.0,1.0,2.0,1.0,1.0,2.0,2.0,14.0,51.85,1.0,,,,,,,,,,,,,
P330,Perempuan,S2,Fungsional,PNS,-,keduanya,1,Aktif,2024,0,,,,,,0.0,0.0,0.0,,0.0,0.0,0.0,0.0,0.0,0.0,0.0,2.0,2.0,1.0,1.0,2.0,1.0,1.0,2.0,2.0,14.0,51.85,1.0,,,,,,,,,,,,,
P330,Perempuan,S2,Fungsional,PNS,-,keduanya,1,Aktif,2025,1,131.0,130.0,120.0,7.22,9.24,22.0,20.0,2.0,90.91,3.0,3.0,3.0,0.0,0.0,0.0,0.0,2.0,2.0,1.0,1.0,2.0,1.0,1.0,2.0,2.0,14.0,51.85,1.0,Baik,0.0,1.0,7.0,0.0,,,,,,,Tahunan,
P330,Perempuan,S2,Fungsional,PNS,-,keduanya,1,Aktif,2026,1,124.0,123.0,122.0,7.28,8.91,18.0,15.0,3.0,83.33,8.0,8.0,,0.0,0.0,0.0,0.0,2.0,2.0,1.0,1.0,2.0,1.0,1.0,2.0,2.0,14.0,51.85,1.0,Baik,0.0,,,,Baik,0.0,Baik,0.0,2.0,0.0,Triwulan (terkini),
P331,Laki-laki,SMA/Sederajat,PNS,Fungsional Umum,Penata Muda Tk. I/IIIb,sistem_lama,0,Tidak Terdaftar,2023,0,,,,,,0.0,0.0,0.0,,0.0,0.0,0.0,0.0,0.0,0.0,0.0,,,,,,,,,,,,0.0,,,,,,,,,,,,,60+
P331,Laki-laki,SMA/Sederajat,PNS,Fungsional Umum,Penata Muda Tk. I/IIIb,sistem_lama,0,Tidak Terdaftar,2024,0,,,,,,0.0,0.0,0.0,,0.0,0.0,0.0,0.0,0.0,0.0,0.0,,,,,,,,,,,,0.0,,,,,,,,,,,,,60+
P331,Laki-laki,SMA/Sederajat,PNS,Fungsional Umum,Penata Muda Tk. I/IIIb,sistem_lama,0,Tidak Terdaftar,2025,0,0.0,0.0,0.0,,,0.0,0.0,0.0,,0.0,0.0,0.0,0.0,0.0,0.0,0.0,,,,,,,,,,,,0.0,,,,,,,,,,,,,60+
P331,Laki-laki,SMA/Sederajat,PNS,Fungsional Umum,Penata Muda Tk. I/IIIb,sistem_lama,0,Tidak Terdaftar,2026,0,0.0,0.0,0.0,,,0.0,0.0,0.0,,0.0,0.0,,0.0,0.0,0.0,0.0,,,,,,,,,,,,0.0,,,,,,,,,,0.0,,,60+
P332,Laki-laki,AKTA-IV,PNS,Widyaiswara,Pembina Tk. I/IVb,sistem_lama,0,Tidak Terdaftar,2023,0,,,,,,0.0,0.0,0.0,,0.0,0.0,0.0,0.0,0.0,0.0,0.0,,,,,,,,,,,,0.0,,,,,,,,,,,,,60+
P332,Laki-laki,AKTA-IV,PNS,Widyaiswara,Pembina Tk. I/IVb,sistem_lama,0,Tidak Terdaftar,2024,0,,,,,,0.0,0.0,0.0,,0.0,0.0,0.0,0.0,0.0,0.0,0.0,,,,,,,,,,,,0.0,,,,,,,,,,,,,60+
P332,Laki-laki,AKTA-IV,PNS,Widyaiswara,Pembina Tk. I/IVb,sistem_lama,0,Tidak Terdaftar,2025,0,0.0,0.0,0.0,,,0.0,0.0,0.0,,0.0,0.0,0.0,0.0,0.0,0.0,0.0,,,,,,,,,,,,0.0,,,,,,,,,,,,,60+
P332,Laki-laki,AKTA-IV,PNS,Widyaiswara,Pembina Tk. I/IVb,sistem_lama,0,Tidak Terdaftar,2026,0,0.0,0.0,0.0,,,0.0,0.0,0.0,,0.0,0.0,,0.0,0.0,0.0,0.0,,,,,,,,,,,,0.0,,,,,,,,,,0.0,,,60+
P333,Perempuan,S2,Fungsional,PNS,III/d,keduanya,1,Aktif,2023,1,,,,,,28.0,11.0,17.0,39.29,4.0,4.0,4.0,2.0,2.0,3.0,0.0,2.0,2.0,2.0,2.0,2.0,2.0,2.0,2.0,1.0,17.0,62.96,1.0,,,,,,,,,,,,,30-39
P333,Perempuan,S2,Fungsional,PNS,III/d,keduanya,1,Aktif,2024,1,,,,,,43.0,15.0,28.0,34.88,6.0,6.0,6.0,3.0,3.0,6.0,0.0,2.0,2.0,2.0,2.0,2.0,2.0,2.0,2.0,1.0,17.0,62.96,1.0,Baik,0.0,1.0,12.0,0.0,,,,,,,Tahunan,30-39
P333,Perempuan,S2,Fungsional,PNS,III/d,keduanya,1,Aktif,2025,1,173.0,167.0,165.0,7.6,8.91,34.0,8.0,26.0,23.53,11.0,11.0,11.0,3.0,1.0,9.0,0.0,2.0,2.0,2.0,2.0,2.0,2.0,2.0,2.0,1.0,17.0,62.96,1.0,Baik,0.0,1.0,11.0,0.0,,,,,,,Tahunan,30-39
P333,Perempuan,S2,Fungsional,PNS,III/d,keduanya,1,Aktif,2026,1,113.0,109.0,111.0,7.38,9.09,18.0,1.0,17.0,5.56,8.0,8.0,,0.0,0.0,9.0,0.0,2.0,2.0,2.0,2.0,2.0,2.0,2.0,2.0,1.0,17.0,62.96,1.0,Sangat Baik,1.0,,,,Baik,0.0,Sangat Baik,1.0,2.0,0.0,Triwulan (terkini),40-49
P334,Laki-laki,SMA/Sederajat,PPNPN,PPNPN,-,sistem_lama,0,Tidak Terdaftar,2023,1,,,,,,28.0,18.0,10.0,64.29,1.0,1.0,1.0,0.0,0.0,0.0,0.0,,,,,,,,,,,,0.0,,,,,,,,,,,,,50-59
P334,Laki-laki,SMA/Sederajat,PPNPN,PPNPN,-,sistem_lama,0,Tidak Terdaftar,2024,1,,,,,,43.0,41.0,2.0,95.35,2.0,2.0,2.0,0.0,0.0,0.0,0.0,,,,,,,,,,,,0.0,,,,,,,,,,,,,50-59
P334,Laki-laki,SMA/Sederajat,PPNPN,PPNPN,-,sistem_lama,0,Tidak Terdaftar,2025,1,0.0,0.0,0.0,,,34.0,32.0,2.0,94.12,0.0,0.0,0.0,0.0,0.0,0.0,0.0,,,,,,,,,,,,0.0,,,,,,,,,,,,,50-59
P334,Laki-laki,SMA/Sederajat,PPNPN,PPNPN,-,sistem_lama,0,Tidak Terdaftar,2026,0,0.0,0.0,0.0,,,0.0,0.0,0.0,,0.0,0.0,,0.0,0.0,0.0,0.0,,,,,,,,,,,,0.0,,,,,,,,,,0.0,,,50-59
P335,Laki-laki,S2,PNS,Widyaiswara,Pembina/IVa,sistem_lama,0,Tidak Terdaftar,2023,0,,,,,,0.0,0.0,0.0,,0.0,0.0,0.0,0.0,0.0,0.0,0.0,,,,,,,,,,,,0.0,,,,,,,,,,,,,60+
P335,Laki-laki,S2,PNS,Widyaiswara,Pembina/IVa,sistem_lama,0,Tidak Terdaftar,2024,0,,,,,,0.0,0.0,0.0,,0.0,0.0,0.0,0.0,0.0,0.0,0.0,,,,,,,,,,,,0.0,,,,,,,,,,,,,60+
P335,Laki-laki,S2,PNS,Widyaiswara,Pembina/IVa,sistem_lama,0,Tidak Terdaftar,2025,0,0.0,0.0,0.0,,,0.0,0.0,0.0,,0.0,0.0,0.0,0.0,0.0,0.0,0.0,,,,,,,,,,,,0.0,,,,,,,,,,,,,60+
P335,Laki-laki,S2,PNS,Widyaiswara,Pembina/IVa,sistem_lama,0,Tidak Terdaftar,2026,0,0.0,0.0,0.0,,,0.0,0.0,0.0,,0.0,0.0,,0.0,0.0,0.0,0.0,,,,,,,,,,,,0.0,,,,,,,,,,0.0,,,60+
P336,Laki-laki,S2,PNS,Fungsional Umum,Penata Tk. I/IIId,sistem_lama,0,Tidak Terdaftar,2023,0,,,,,,0.0,0.0,0.0,,0.0,0.0,0.0,0.0,0.0,0.0,0.0,,,,,,,,,,,,0.0,,,,,,,,,,,,,40-49
P336,Laki-laki,S2,PNS,Fungsional Umum,Penata Tk. I/IIId,sistem_lama,0,Tidak Terdaftar,2024,0,,,,,,0.0,0.0,0.0,,0.0,0.0,0.0,0.0,0.0,0.0,0.0,,,,,,,,,,,,0.0,,,,,,,,,,,,,40-49
P336,Laki-laki,S2,PNS,Fungsional Umum,Penata Tk. I/IIId,sistem_lama,0,Tidak Terdaftar,2025,0,0.0,0.0,0.0,,,0.0,0.0,0.0,,0.0,0.0,0.0,0.0,0.0,0.0,0.0,,,,,,,,,,,,0.0,,,,,,,,,,,,,40-49
P336,Laki-laki,S2,PNS,Fungsional Umum,Penata Tk. I/IIId,sistem_lama,0,Tidak Terdaftar,2026,0,0.0,0.0,0.0,,,0.0,0.0,0.0,,0.0,0.0,,0.0,0.0,0.0,0.0,,,,,,,,,,,,0.0,,,,,,,,,,0.0,,,40-49
P337,Laki-laki,SMA/Sederajat,PNS,Fungsional Umum,Penata Muda Tk. I/IIIb,sistem_lama,0,Tidak Terdaftar,2023,0,,,,,,0.0,0.0,0.0,,0.0,0.0,0.0,0.0,0.0,0.0,0.0,,,,,,,,,,,,0.0,,,,,,,,,,,,,50-59
P337,Laki-laki,SMA/Sederajat,PNS,Fungsional Umum,Penata Muda Tk. I/IIIb,sistem_lama,0,Tidak Terdaftar,2024,0,,,,,,0.0,0.0,0.0,,0.0,0.0,0.0,0.0,0.0,0.0,0.0,,,,,,,,,,,,0.0,,,,,,,,,,,,,50-59
P337,Laki-laki,SMA/Sederajat,PNS,Fungsional Umum,Penata Muda Tk. I/IIIb,sistem_lama,0,Tidak Terdaftar,2025,0,0.0,0.0,0.0,,,0.0,0.0,0.0,,0.0,0.0,0.0,0.0,0.0,0.0,0.0,,,,,,,,,,,,0.0,,,,,,,,,,,,,50-59
P337,Laki-laki,SMA/Sederajat,PNS,Fungsional Umum,Penata Muda Tk. I/IIIb,sistem_lama,0,Tidak Terdaftar,2026,0,0.0,0.0,0.0,,,0.0,0.0,0.0,,0.0,0.0,,0.0,0.0,0.0,0.0,,,,,,,,,,,,0.0,,,,,,,,,,0.0,,,60+
P338,Laki-laki,SMA/Sederajat,PNS,Fungsional Umum,Penata Muda Tk. I/IIIb,sistem_lama,0,Tidak Terdaftar,2023,0,,,,,,0.0,0.0,0.0,,0.0,0.0,0.0,0.0,0.0,0.0,0.0,,,,,,,,,,,,0.0,,,,,,,,,,,,,50-59
P338,Laki-laki,SMA/Sederajat,PNS,Fungsional Umum,Penata Muda Tk. I/IIIb,sistem_lama,0,Tidak Terdaftar,2024,0,,,,,,0.0,0.0,0.0,,0.0,0.0,0.0,0.0,0.0,0.0,0.0,,,,,,,,,,,,0.0,,,,,,,,,,,,,50-59
P338,Laki-laki,SMA/Sederajat,PNS,Fungsional Umum,Penata Muda Tk. I/IIIb,sistem_lama,0,Tidak Terdaftar,2025,0,0.0,0.0,0.0,,,0.0,0.0,0.0,,0.0,0.0,0.0,0.0,0.0,0.0,0.0,,,,,,,,,,,,0.0,,,,,,,,,,,,,60+
P338,Laki-laki,SMA/Sederajat,PNS,Fungsional Umum,Penata Muda Tk. I/IIIb,sistem_lama,0,Tidak Terdaftar,2026,0,0.0,0.0,0.0,,,0.0,0.0,0.0,,0.0,0.0,,0.0,0.0,0.0,0.0,,,,,,,,,,,,0.0,,,,,,,,,,0.0,,,60+
P339,Laki-laki,SMA/SMK,Pelaksana,PPPK PW,,sistem_baru,1,Aktif,2023,1,,,,,,28.0,20.0,8.0,71.43,0.0,0.0,0.0,0.0,0.0,0.0,0.0,,,,,,,,,,,,0.0,,,,,,,,,,,,,40-49
P339,Laki-laki,SMA/SMK,Pelaksana,PPPK PW,,sistem_baru,1,Aktif,2024,1,,,,,,43.0,41.0,2.0,95.35,0.0,0.0,0.0,0.0,0.0,0.0,0.0,,,,,,,,,,,,0.0,,,,,,,,,,,,,40-49
P339,Laki-laki,SMA/SMK,Pelaksana,PPPK PW,,sistem_baru,1,Aktif,2025,1,0.0,0.0,0.0,,,34.0,32.0,2.0,94.12,0.0,0.0,0.0,0.0,0.0,0.0,0.0,,,,,,,,,,,,0.0,Baik,0.0,1.0,3.0,0.0,,,,,,,Tahunan,50-59
P339,Laki-laki,SMA/SMK,Pelaksana,PPPK PW,,sistem_baru,1,Aktif,2026,1,98.0,97.0,39.0,6.94,12.33,18.0,16.0,2.0,88.89,2.0,2.0,,0.0,0.0,0.0,0.0,,,,,,,,,,,,0.0,Baik,0.0,,,,Baik,0.0,Baik,0.0,2.0,0.0,Triwulan (terkini),50-59
P340,Laki-laki,SMA/SMK,Pelaksana,PPPK PW,,sistem_baru,1,Aktif,2023,1,,,,,,28.0,27.0,1.0,96.43,0.0,0.0,0.0,0.0,0.0,0.0,0.0,,,,,,,,,,,,0.0,,,,,,,,,,,,,30-39
P340,Laki-laki,SMA/SMK,Pelaksana,PPPK PW,,sistem_baru,1,Aktif,2024,1,,,,,,43.0,42.0,1.0,97.67,0.0,0.0,0.0,0.0,0.0,0.0,0.0,,,,,,,,,,,,0.0,,,,,,,,,,,,,30-39
P340,Laki-laki,SMA/SMK,Pelaksana,PPPK PW,,sistem_baru,1,Aktif,2025,1,0.0,0.0,0.0,,,34.0,32.0,2.0,94.12,0.0,0.0,0.0,0.0,0.0,0.0,0.0,,,,,,,,,,,,0.0,Baik,0.0,1.0,3.0,0.0,,,,,,,Tahunan,30-39
P340,Laki-laki,SMA/SMK,Pelaksana,PPPK PW,,sistem_baru,1,Aktif,2026,1,130.0,129.0,129.0,6.86,9.36,18.0,18.0,0.0,100.0,2.0,2.0,,0.0,0.0,0.0,0.0,,,,,,,,,,,,0.0,Baik,0.0,,,,Baik,0.0,Baik,0.0,2.0,0.0,Triwulan (terkini),30-39
P341,Laki-laki,S2,PNS,Widyaiswara,Pembina Tk. I/IVb,sistem_lama,0,Tidak Terdaftar,2023,0,,,,,,0.0,0.0,0.0,,0.0,0.0,0.0,0.0,0.0,0.0,0.0,,,,,,,,,,,,0.0,,,,,,,,,,,,,60+
P341,Laki-laki,S2,PNS,Widyaiswara,Pembina Tk. I/IVb,sistem_lama,0,Tidak Terdaftar,2024,0,,,,,,0.0,0.0,0.0,,0.0,0.0,0.0,0.0,0.0,0.0,0.0,,,,,,,,,,,,0.0,,,,,,,,,,,,,60+
P341,Laki-laki,S2,PNS,Widyaiswara,Pembina Tk. I/IVb,sistem_lama,0,Tidak Terdaftar,2025,0,0.0,0.0,0.0,,,0.0,0.0,0.0,,0.0,0.0,0.0,0.0,0.0,0.0,0.0,,,,,,,,,,,,0.0,,,,,,,,,,,,,60+
P341,Laki-laki,S2,PNS,Widyaiswara,Pembina Tk. I/IVb,sistem_lama,0,Tidak Terdaftar,2026,0,0.0,0.0,0.0,,,0.0,0.0,0.0,,0.0,0.0,,0.0,0.0,0.0,0.0,,,,,,,,,,,,0.0,,,,,,,,,,0.0,,,60+
P342,Perempuan,SMA/SMK,Pelaksana,PNS,III/b,keduanya,1,Aktif,2023,1,,,,,,28.0,21.0,7.0,75.0,7.0,7.0,7.0,1.0,1.0,5.0,0.0,1.0,1.0,2.0,1.0,1.0,1.0,2.0,2.0,1.0,12.0,44.44,1.0,,,,,,,,,,,,,50-59
P342,Perempuan,SMA/SMK,Pelaksana,PNS,III/b,keduanya,1,Aktif,2024,1,,,,,,43.0,33.0,10.0,76.74,16.0,16.0,16.0,2.0,2.0,7.0,0.0,1.0,1.0,2.0,1.0,1.0,1.0,2.0,2.0,1.0,12.0,44.44,1.0,Baik,0.0,2.0,10.0,1.0,,,,,,,Tahunan,50-59
P342,Perempuan,SMA/SMK,Pelaksana,PNS,III/b,keduanya,1,Aktif,2025,1,192.0,192.0,178.0,7.4,9.1,34.0,26.0,8.0,76.47,6.0,6.0,6.0,0.0,0.0,7.0,0.0,1.0,1.0,2.0,1.0,1.0,1.0,2.0,2.0,1.0,12.0,44.44,1.0,Baik,0.0,1.0,11.0,0.0,,,,,,,Tahunan,50-59
P342,Perempuan,SMA/SMK,Pelaksana,PNS,III/b,keduanya,1,Aktif,2026,1,131.0,131.0,126.0,7.19,9.15,18.0,12.0,6.0,66.67,3.0,3.0,,0.0,0.0,7.0,0.0,1.0,1.0,2.0,1.0,1.0,1.0,2.0,2.0,1.0,12.0,44.44,1.0,Baik,0.0,,,,Baik,0.0,Baik,0.0,2.0,0.0,Triwulan (terkini),50-59
P343,Laki-laki,SMA/SMK,Pelaksana,PPPK PW,,sistem_baru,1,Aktif,2023,1,,,,,,28.0,20.0,8.0,71.43,0.0,0.0,0.0,0.0,0.0,0.0,0.0,,,,,,,,,,,,0.0,,,,,,,,,,,,,30-39
P343,Laki-laki,SMA/SMK,Pelaksana,PPPK PW,,sistem_baru,1,Aktif,2024,1,,,,,,43.0,40.0,3.0,93.02,0.0,0.0,0.0,0.0,0.0,0.0,0.0,,,,,,,,,,,,0.0,,,,,,,,,,,,,30-39
P343,Laki-laki,SMA/SMK,Pelaksana,PPPK PW,,sistem_baru,1,Aktif,2025,1,0.0,0.0,0.0,,,34.0,33.0,1.0,97.06,0.0,0.0,0.0,0.0,0.0,0.0,0.0,,,,,,,,,,,,0.0,Baik,0.0,1.0,3.0,0.0,,,,,,,Tahunan,40-49
P343,Laki-laki,SMA/SMK,Pelaksana,PPPK PW,,sistem_baru,1,Aktif,2026,1,103.0,102.0,42.0,6.9,13.65,18.0,15.0,3.0,83.33,2.0,2.0,,0.0,0.0,0.0,0.0,,,,,,,,,,,,0.0,Baik,0.0,,,,Baik,0.0,Baik,0.0,2.0,0.0,Triwulan (terkini),40-49
P344,Laki-laki,S1/D4,PNS,Pelaksana,Penata Tk. I/IIId,sistem_lama,0,Tidak Terdaftar,2023,1,,,,,,28.0,24.0,4.0,85.71,18.0,18.0,18.0,0.0,0.0,0.0,0.0,,,,,,,,,,,,0.0,,,,,,,,,,,,,50-59
P344,Laki-laki,S1/D4,PNS,Pelaksana,Penata Tk. I/IIId,sistem_lama,0,Tidak Terdaftar,2024,1,,,,,,43.0,38.0,5.0,88.37,20.0,20.0,20.0,0.0,0.0,0.0,0.0,,,,,,,,,,,,0.0,Sangat Baik,1.0,2.0,10.0,1.0,,,,,,,Tahunan,50-59
P344,Laki-laki,S1/D4,PNS,Pelaksana,Penata Tk. I/IIId,sistem_lama,0,Tidak Terdaftar,2025,1,157.0,141.0,136.0,7.51,8.87,31.0,27.0,4.0,87.1,7.0,7.0,7.0,0.0,0.0,0.0,0.0,,,,,,,,,,,,0.0,Baik,0.0,1.0,11.0,0.0,,,,,,,Tahunan,50-59
P344,Laki-laki,S1/D4,PNS,Pelaksana,Penata Tk. I/IIId,sistem_lama,0,Tidak Terdaftar,2026,0,0.0,0.0,0.0,,,0.0,0.0,0.0,,0.0,0.0,,0.0,0.0,0.0,0.0,,,,,,,,,,,,0.0,,,,,,,,,,0.0,,,50-59
P345,Laki-laki,SMA/SMK,Pelaksana,PPPK PW,,sistem_baru,1,Aktif,2023,1,,,,,,28.0,25.0,3.0,89.29,0.0,0.0,0.0,0.0,0.0,0.0,0.0,,,,,,,,,,,,0.0,,,,,,,,,,,,,40-49
P345,Laki-laki,SMA/SMK,Pelaksana,PPPK PW,,sistem_baru,1,Aktif,2024,1,,,,,,43.0,43.0,0.0,100.0,0.0,0.0,0.0,0.0,0.0,0.0,0.0,,,,,,,,,,,,0.0,,,,,,,,,,,,,40-49
P345,Laki-laki,SMA/SMK,Pelaksana,PPPK PW,,sistem_baru,1,Aktif,2025,1,0.0,0.0,0.0,,,34.0,33.0,1.0,97.06,0.0,0.0,0.0,0.0,0.0,0.0,0.0,,,,,,,,,,,,0.0,Baik,0.0,1.0,3.0,0.0,,,,,,,Tahunan,40-49
P345,Laki-laki,SMA/SMK,Pelaksana,PPPK PW,,sistem_baru,1,Aktif,2026,1,135.0,132.0,112.0,6.45,8.63,18.0,17.0,1.0,94.44,2.0,2.0,,0.0,0.0,0.0,0.0,,,,,,,,,,,,0.0,Baik,0.0,,,,Baik,0.0,Baik,0.0,2.0,0.0,Triwulan (terkini),40-49
P346,Laki-laki,SMA/Sederajat,PNS,Pelaksana,Penata Muda Tk. I/IIIb,sistem_lama,0,Tidak Terdaftar,2023,1,,,,,,21.0,1.0,20.0,4.76,3.0,3.0,3.0,0.0,0.0,0.0,0.0,,,,,,,,,,,,0.0,,,,,,,,,,,,,50-59
P346,Laki-laki,SMA/Sederajat,PNS,Pelaksana,Penata Muda Tk. I/IIIb,sistem_lama,0,Tidak Terdaftar,2024,0,,,,,,0.0,0.0,0.0,,0.0,0.0,0.0,0.0,0.0,0.0,0.0,,,,,,,,,,,,0.0,,,,,,,,,,,,,50-59
P346,Laki-laki,SMA/Sederajat,PNS,Pelaksana,Penata Muda Tk. I/IIIb,sistem_lama,0,Tidak Terdaftar,2025,0,0.0,0.0,0.0,,,0.0,0.0,0.0,,0.0,0.0,0.0,0.0,0.0,0.0,0.0,,,,,,,,,,,,0.0,,,,,,,,,,,,,50-59
P346,Laki-laki,SMA/Sederajat,PNS,Pelaksana,Penata Muda Tk. I/IIIb,sistem_lama,0,Tidak Terdaftar,2026,0,0.0,0.0,0.0,,,0.0,0.0,0.0,,0.0,0.0,,0.0,0.0,0.0,0.0,,,,,,,,,,,,0.0,,,,,,,,,,0.0,,,60+
P347,Laki-laki,S2,Fungsional,PNS,IV/c,keduanya,0,Tidak Aktif,2023,1,,,,,,28.0,17.0,11.0,60.71,13.0,13.0,13.0,0.0,0.0,0.0,0.0,,,,,,,,,,,,0.0,,,,,,,,,,,,,50-59
P347,Laki-laki,S2,Fungsional,PNS,IV/c,keduanya,0,Tidak Aktif,2024,1,,,,,,43.0,31.0,12.0,72.09,22.0,22.0,22.0,0.0,0.0,0.0,0.0,,,,,,,,,,,,0.0,Sangat Baik,1.0,1.0,12.0,0.0,,,,,,,Tahunan,50-59
P347,Laki-laki,S2,Fungsional,PNS,IV/c,keduanya,0,Tidak Aktif,2025,1,179.0,177.0,166.0,7.58,9.18,34.0,14.0,20.0,41.18,6.0,6.0,5.0,0.0,0.0,0.0,0.0,,,,,,,,,,,,0.0,Sangat Baik,1.0,1.0,11.0,0.0,,,,,,,Tahunan,50-59
P347,Laki-laki,S2,Fungsional,PNS,IV/c,keduanya,0,Tidak Aktif,2026,1,44.0,42.0,40.0,7.78,8.73,6.0,2.0,4.0,33.33,2.0,2.0,,0.0,0.0,0.0,0.0,,,,,,,,,,,,0.0,Sangat Baik,1.0,,,,Sangat Baik,1.0,,,1.0,,Triwulan (terkini),50-59
P348,Perempuan,SMA/Sederajat,PPNPN,PPNPN,-,sistem_lama,0,Tidak Terdaftar,2023,0,,,,,,0.0,0.0,0.0,,0.0,0.0,0.0,0.0,0.0,0.0,0.0,,,,,,,,,,,,0.0,,,,,,,,,,,,,
P348,Perempuan,SMA/Sederajat,PPNPN,PPNPN,-,sistem_lama,0,Tidak Terdaftar,2024,0,,,,,,0.0,0.0,0.0,,0.0,0.0,0.0,0.0,0.0,0.0,0.0,,,,,,,,,,,,0.0,,,,,,,,,,,,,
P348,Perempuan,SMA/Sederajat,PPNPN,PPNPN,-,sistem_lama,0,Tidak Terdaftar,2025,0,0.0,0.0,0.0,,,0.0,0.0,0.0,,0.0,0.0,0.0,0.0,0.0,0.0,0.0,,,,,,,,,,,,0.0,,,,,,,,,,,,,
P348,Perempuan,SMA/Sederajat,PPNPN,PPNPN,-,sistem_lama,0,Tidak Terdaftar,2026,0,0.0,0.0,0.0,,,0.0,0.0,0.0,,0.0,0.0,,0.0,0.0,0.0,0.0,,,,,,,,,,,,0.0,,,,,,,,,,0.0,,,
P349,Laki-laki,SMP,Pelaksana,PNS,II/c,keduanya,1,Aktif,2023,1,,,,,,28.0,27.0,1.0,96.43,6.0,6.0,6.0,1.0,1.0,2.0,0.0,2.0,1.0,1.0,2.0,2.0,1.0,2.0,1.0,2.0,14.0,51.85,1.0,,,,,,,,,,,,,40-49
P349,Laki-laki,SMP,Pelaksana,PNS,II/c,keduanya,1,Aktif,2024,1,,,,,,43.0,41.0,2.0,95.35,5.0,5.0,5.0,0.0,0.0,2.0,0.0,2.0,1.0,1.0,2.0,2.0,1.0,2.0,1.0,2.0,14.0,51.85,1.0,Baik,0.0,1.0,12.0,0.0,,,,,,,Tahunan,40-49
P349,Laki-laki,SMP,Pelaksana,PNS,II/c,keduanya,1,Aktif,2025,1,210.0,206.0,199.0,7.18,9.44,34.0,31.0,3.0,91.18,1.0,1.0,1.0,0.0,0.0,2.0,0.0,2.0,1.0,1.0,2.0,2.0,1.0,2.0,1.0,2.0,14.0,51.85,1.0,Baik,0.0,1.0,11.0,0.0,,,,,,,Tahunan,50-59
P349,Laki-laki,SMP,Pelaksana,PNS,II/c,keduanya,1,Aktif,2026,1,126.0,125.0,123.0,7.31,9.23,18.0,15.0,3.0,83.33,1.0,1.0,,0.0,0.0,2.0,0.0,2.0,1.0,1.0,2.0,2.0,1.0,2.0,1.0,2.0,14.0,51.85,1.0,Baik,0.0,,,,Baik,0.0,Baik,0.0,2.0,0.0,Triwulan (terkini),50-59
P350,Perempuan,SMA/SMK,Pelaksana,PPPK,V,keduanya,1,Aktif,2023,1,,,,,,28.0,24.0,4.0,85.71,1.0,1.0,1.0,0.0,0.0,0.0,0.0,,,,,,,,,,,,0.0,,,,,,,,,,,,,
P350,Perempuan,SMA/SMK,Pelaksana,PPPK,V,keduanya,1,Aktif,2024,1,,,,,,43.0,40.0,3.0,93.02,1.0,1.0,1.0,0.0,0.0,0.0,0.0,,,,,,,,,,,,0.0,,,,,,,,,,,,,
P350,Perempuan,SMA/SMK,Pelaksana,PPPK,V,keduanya,1,Aktif,2025,1,63.0,62.0,49.0,6.38,9.14,34.0,28.0,6.0,82.35,2.0,2.0,2.0,0.0,0.0,0.0,0.0,,,,,,,,,,,,0.0,Baik,0.0,1.0,4.0,0.0,,,,,,,Tahunan,
P350,Perempuan,SMA/SMK,Pelaksana,PPPK,V,keduanya,1,Aktif,2026,1,152.0,151.0,144.0,6.39,9.71,18.0,17.0,1.0,94.44,2.0,2.0,,0.0,0.0,0.0,0.0,,,,,,,,,,,,0.0,Baik,0.0,,,,Baik,0.0,Baik,0.0,2.0,0.0,Triwulan (terkini),
P351,Perempuan,SMA/SMK,Pelaksana,PPPK,V,keduanya,0,Tidak Aktif,2023,1,,,,,,28.0,26.0,2.0,92.86,1.0,1.0,1.0,0.0,0.0,0.0,0.0,,,,,,,,,,,,0.0,,,,,,,,,,,,,
P351,Perempuan,SMA/SMK,Pelaksana,PPPK,V,keduanya,0,Tidak Aktif,2024,1,,,,,,43.0,36.0,7.0,83.72,1.0,1.0,1.0,0.0,0.0,0.0,0.0,,,,,,,,,,,,0.0,,,,,,,,,,,,,
P351,Perempuan,SMA/SMK,Pelaksana,PPPK,V,keduanya,0,Tidak Aktif,2025,1,39.0,38.0,36.0,7.09,9.35,34.0,22.0,12.0,64.71,0.0,0.0,0.0,0.0,0.0,0.0,0.0,,,,,,,,,,,,0.0,Baik,0.0,1.0,4.0,0.0,,,,,,,Tahunan,
P351,Perempuan,SMA/SMK,Pelaksana,PPPK,V,keduanya,0,Tidak Aktif,2026,1,116.0,116.0,109.0,6.44,10.2,18.0,2.0,16.0,11.11,0.0,0.0,,0.0,0.0,0.0,0.0,,,,,,,,,,,,0.0,Baik,0.0,,,,Baik,0.0,Baik,0.0,2.0,0.0,Triwulan (terkini),
P352,Perempuan,SMA/SMK,Pelaksana,PPPK PW,,sistem_baru,1,Aktif,2023,1,,,,,,28.0,27.0,1.0,96.43,0.0,0.0,0.0,0.0,0.0,0.0,0.0,,,,,,,,,,,,0.0,,,,,,,,,,,,,30-39
P352,Perempuan,SMA/SMK,Pelaksana,PPPK PW,,sistem_baru,1,Aktif,2024,1,,,,,,43.0,43.0,0.0,100.0,0.0,0.0,0.0,0.0,0.0,0.0,0.0,,,,,,,,,,,,0.0,,,,,,,,,,,,,30-39
P352,Perempuan,SMA/SMK,Pelaksana,PPPK PW,,sistem_baru,1,Aktif,2025,1,0.0,0.0,0.0,,,34.0,33.0,1.0,97.06,0.0,0.0,0.0,0.0,0.0,0.0,0.0,,,,,,,,,,,,0.0,Baik,0.0,1.0,3.0,0.0,,,,,,,Tahunan,40-49
P352,Perempuan,SMA/SMK,Pelaksana,PPPK PW,,sistem_baru,1,Aktif,2026,1,131.0,130.0,130.0,6.9,10.03,18.0,18.0,0.0,100.0,2.0,2.0,,0.0,0.0,0.0,0.0,,,,,,,,,,,,0.0,Baik,0.0,,,,Baik,0.0,Baik,0.0,2.0,0.0,Triwulan (terkini),40-49
P353,Laki-laki,S1/D4,PNS,Pelaksana,Penata Tk. I/IIId,sistem_lama,0,Tidak Terdaftar,2023,1,,,,,,28.0,27.0,1.0,96.43,5.0,5.0,5.0,0.0,0.0,0.0,0.0,,,,,,,,,,,,0.0,,,,,,,,,,,,,50-59
P353,Laki-laki,S1/D4,PNS,Pelaksana,Penata Tk. I/IIId,sistem_lama,0,Tidak Terdaftar,2024,1,,,,,,17.0,13.0,4.0,76.47,2.0,2.0,2.0,0.0,0.0,0.0,0.0,,,,,,,,,,,,0.0,,,,,,,,,,,,,50-59
P353,Laki-laki,S1/D4,PNS,Pelaksana,Penata Tk. I/IIId,sistem_lama,0,Tidak Terdaftar,2025,0,0.0,0.0,0.0,,,0.0,0.0,0.0,,0.0,0.0,0.0,0.0,0.0,0.0,0.0,,,,,,,,,,,,0.0,,,,,,,,,,,,,50-59
P353,Laki-laki,S1/D4,PNS,Pelaksana,Penata Tk. I/IIId,sistem_lama,0,Tidak Terdaftar,2026,0,0.0,0.0,0.0,,,0.0,0.0,0.0,,0.0,0.0,,0.0,0.0,0.0,0.0,,,,,,,,,,,,0.0,,,,,,,,,,0.0,,,50-59
P354,Laki-laki,SMA/Sederajat,PNS,Fungsional Umum,Penata Muda/IIIa,sistem_lama,0,Tidak Terdaftar,2023,0,,,,,,0.0,0.0,0.0,,0.0,0.0,0.0,0.0,0.0,0.0,0.0,,,,,,,,,,,,0.0,,,,,,,,,,,,,60+
P354,Laki-laki,SMA/Sederajat,PNS,Fungsional Umum,Penata Muda/IIIa,sistem_lama,0,Tidak Terdaftar,2024,0,,,,,,0.0,0.0,0.0,,0.0,0.0,0.0,0.0,0.0,0.0,0.0,,,,,,,,,,,,0.0,,,,,,,,,,,,,60+
P354,Laki-laki,SMA/Sederajat,PNS,Fungsional Umum,Penata Muda/IIIa,sistem_lama,0,Tidak Terdaftar,2025,0,0.0,0.0,0.0,,,0.0,0.0,0.0,,0.0,0.0,0.0,0.0,0.0,0.0,0.0,,,,,,,,,,,,0.0,,,,,,,,,,,,,60+
P354,Laki-laki,SMA/Sederajat,PNS,Fungsional Umum,Penata Muda/IIIa,sistem_lama,0,Tidak Terdaftar,2026,0,0.0,0.0,0.0,,,0.0,0.0,0.0,,0.0,0.0,,0.0,0.0,0.0,0.0,,,,,,,,,,,,0.0,,,,,,,,,,0.0,,,60+
P355,Laki-laki,S2,PNS,Fungsional,Pembina Utama Muda/IVc,sistem_lama,0,Tidak Terdaftar,2023,1,,,,,,28.0,23.0,5.0,82.14,16.0,16.0,16.0,0.0,0.0,0.0,0.0,,,,,,,,,,,,0.0,,,,,,,,,,,,,50-59
P355,Laki-laki,S2,PNS,Fungsional,Pembina Utama Muda/IVc,sistem_lama,0,Tidak Terdaftar,2024,1,,,,,,43.0,34.0,9.0,79.07,23.0,23.0,22.0,0.0,0.0,0.0,0.0,,,,,,,,,,,,0.0,Sangat Baik,1.0,1.0,12.0,0.0,,,,,,,Tahunan,50-59
P355,Laki-laki,S2,PNS,Fungsional,Pembina Utama Muda/IVc,sistem_lama,0,Tidak Terdaftar,2025,1,68.0,68.0,67.0,7.35,8.78,12.0,11.0,1.0,91.67,1.0,1.0,1.0,0.0,0.0,0.0,0.0,,,,,,,,,,,,0.0,Baik,0.0,1.0,4.0,0.0,,,,,,,Tahunan,50-59
P355,Laki-laki,S2,PNS,Fungsional,Pembina Utama Muda/IVc,sistem_lama,0,Tidak Terdaftar,2026,0,0.0,0.0,0.0,,,0.0,0.0,0.0,,0.0,0.0,,0.0,0.0,0.0,0.0,,,,,,,,,,,,0.0,,,,,,,,,,0.0,,,60+
P356,Laki-laki,S1,Pelaksana,PPPK,IX,keduanya,1,Aktif,2023,1,,,,,,28.0,17.0,11.0,60.71,4.0,4.0,4.0,0.0,0.0,0.0,0.0,,,,,,,,,,,,0.0,,,,,,,,,,,,,
P356,Laki-laki,S1,Pelaksana,PPPK,IX,keduanya,1,Aktif,2024,1,,,,,,43.0,31.0,12.0,72.09,3.0,3.0,3.0,0.0,0.0,0.0,0.0,,,,,,,,,,,,0.0,,,,,,,,,,,,,
P356,Laki-laki,S1,Pelaksana,PPPK,IX,keduanya,1,Aktif,2025,1,46.0,43.0,41.0,7.32,9.02,34.0,28.0,6.0,82.35,6.0,6.0,6.0,0.0,0.0,0.0,0.0,,,,,,,,,,,,0.0,Baik,0.0,1.0,4.0,0.0,,,,,,,Tahunan,
P356,Laki-laki,S1,Pelaksana,PPPK,IX,keduanya,1,Aktif,2026,1,130.0,126.0,127.0,7.27,8.85,18.0,17.0,1.0,94.44,5.0,5.0,,0.0,0.0,0.0,0.0,,,,,,,,,,,,0.0,Baik,0.0,,,,Baik,0.0,Baik,0.0,2.0,0.0,Triwulan (terkini),
P357,Laki-laki,S1/D4,PNS,Fungsional Umum,Penata Tk. I/IIId,sistem_lama,0,Tidak Terdaftar,2023,0,,,,,,0.0,0.0,0.0,,0.0,0.0,0.0,0.0,0.0,0.0,0.0,,,,,,,,,,,,0.0,,,,,,,,,,,,,50-59
P357,Laki-laki,S1/D4,PNS,Fungsional Umum,Penata Tk. I/IIId,sistem_lama,0,Tidak Terdaftar,2024,0,,,,,,0.0,0.0,0.0,,0.0,0.0,0.0,0.0,0.0,0.0,0.0,,,,,,,,,,,,0.0,,,,,,,,,,,,,50-59
P357,Laki-laki,S1/D4,PNS,Fungsional Umum,Penata Tk. I/IIId,sistem_lama,0,Tidak Terdaftar,2025,0,0.0,0.0,0.0,,,0.0,0.0,0.0,,0.0,0.0,0.0,0.0,0.0,0.0,0.0,,,,,,,,,,,,0.0,,,,,,,,,,,,,50-59
P357,Laki-laki,S1/D4,PNS,Fungsional Umum,Penata Tk. I/IIId,sistem_lama,0,Tidak Terdaftar,2026,0,0.0,0.0,0.0,,,0.0,0.0,0.0,,0.0,0.0,,0.0,0.0,0.0,0.0,,,,,,,,,,,,0.0,,,,,,,,,,0.0,,,50-59
P358,Laki-laki,S2,Fungsional,PNS,IV/a,keduanya,1,Aktif,2023,1,,,,,,28.0,19.0,9.0,67.86,27.0,27.0,27.0,1.0,1.0,20.0,0.0,2.0,2.0,2.0,2.0,1.0,2.0,2.0,3.0,2.0,18.0,66.67,1.0,,,,,,,,,,,,,40-49
P358,Laki-laki,S2,Fungsional,PNS,IV/a,keduanya,1,Aktif,2024,1,,,,,,43.0,25.0,18.0,58.14,26.0,26.0,24.0,2.0,1.0,22.0,0.0,2.0,2.0,2.0,2.0,1.0,2.0,2.0,3.0,2.0,18.0,66.67,1.0,Sangat Baik,1.0,1.0,12.0,0.0,,,,,,,Tahunan,40-49
P358,Laki-laki,S2,Fungsional,PNS,IV/a,keduanya,1,Aktif,2025,1,170.0,170.0,160.0,7.43,9.17,34.0,24.0,10.0,70.59,17.0,17.0,17.0,1.0,1.0,23.0,0.0,2.0,2.0,2.0,2.0,1.0,2.0,2.0,3.0,2.0,18.0,66.67,1.0,Sangat Baik,1.0,1.0,11.0,0.0,,,,,,,Tahunan,40-49
P358,Laki-laki,S2,Fungsional,PNS,IV/a,keduanya,1,Aktif,2026,1,122.0,122.0,119.0,7.27,9.21,18.0,13.0,5.0,72.22,11.0,11.0,,0.0,0.0,23.0,0.0,2.0,2.0,2.0,2.0,1.0,2.0,2.0,3.0,2.0,18.0,66.67,1.0,Sangat Baik,1.0,,,,Baik,0.0,Sangat Baik,1.0,2.0,0.0,Triwulan (terkini),40-49
P359,Laki-laki,S1,Pelaksana,PNS,III/d,keduanya,1,Aktif,2023,1,,,,,,28.0,15.0,13.0,53.57,8.0,8.0,8.0,2.0,2.0,2.0,0.0,2.0,2.0,1.0,2.0,2.0,2.0,2.0,1.0,2.0,16.0,59.26,1.0,,,,,,,,,,,,,40-49
P359,Laki-laki,S1,Pelaksana,PNS,III/d,keduanya,1,Aktif,2024,1,,,,,,43.0,27.0,16.0,62.79,16.0,16.0,16.0,0.0,0.0,2.0,0.0,2.0,2.0,1.0,2.0,2.0,2.0,2.0,1.0,2.0,16.0,59.26,1.0,Baik,0.0,2.0,12.0,0.0,,,,,,,Tahunan,40-49
P359,Laki-laki,S1,Pelaksana,PNS,III/d,keduanya,1,Aktif,2025,1,186.0,184.0,172.0,7.71,8.46,34.0,13.0,21.0,38.24,6.0,6.0,6.0,1.0,1.0,3.0,0.0,2.0,2.0,1.0,2.0,2.0,2.0,2.0,1.0,2.0,16.0,59.26,1.0,Sangat Baik,1.0,1.0,11.0,0.0,,,,,,,Tahunan,40-49
P359,Laki-laki,S1,Pelaksana,PNS,III/d,keduanya,1,Aktif,2026,1,136.0,136.0,132.0,7.36,8.82,18.0,14.0,4.0,77.78,5.0,5.0,,0.0,0.0,3.0,0.0,2.0,2.0,1.0,2.0,2.0,2.0,2.0,1.0,2.0,16.0,59.26,1.0,Baik,0.0,,,,Baik,0.0,Baik,0.0,2.0,0.0,Triwulan (terkini),40-49
P360,Laki-laki,SMA/SMK,Pelaksana,PPPK,V,keduanya,1,Aktif,2023,1,,,,,,28.0,19.0,9.0,67.86,1.0,1.0,1.0,0.0,0.0,0.0,0.0,,,,,,,,,,,,0.0,,,,,,,,,,,,,40-49
P360,Laki-laki,SMA/SMK,Pelaksana,PPPK,V,keduanya,1,Aktif,2024,1,,,,,,43.0,40.0,3.0,93.02,2.0,2.0,2.0,0.0,0.0,0.0,0.0,,,,,,,,,,,,0.0,,,,,,,,,,,,,50-59
P360,Laki-laki,SMA/SMK,Pelaksana,PPPK,V,keduanya,1,Aktif,2025,1,44.0,44.0,0.0,6.9,,34.0,33.0,1.0,97.06,2.0,2.0,2.0,0.0,0.0,0.0,0.0,,,,,,,,,,,,0.0,Baik,0.0,1.0,4.0,0.0,,,,,,,Tahunan,50-59
P360,Laki-laki,SMA/SMK,Pelaksana,PPPK,V,keduanya,1,Aktif,2026,1,103.0,103.0,36.0,6.9,10.59,18.0,15.0,3.0,83.33,1.0,1.0,,0.0,0.0,0.0,0.0,,,,,,,,,,,,0.0,Baik,0.0,,,,Baik,0.0,Baik,0.0,2.0,0.0,Triwulan (terkini),50-59
P361,Perempuan,SMA/SMK,Pelaksana,PPPK PW,,sistem_baru,1,Aktif,2023,1,,,,,,28.0,27.0,1.0,96.43,0.0,0.0,0.0,0.0,0.0,0.0,0.0,,,,,,,,,,,,0.0,,,,,,,,,,,,,30-39
P361,Perempuan,SMA/SMK,Pelaksana,PPPK PW,,sistem_baru,1,Aktif,2024,1,,,,,,43.0,41.0,2.0,95.35,0.0,0.0,0.0,0.0,0.0,0.0,0.0,,,,,,,,,,,,0.0,,,,,,,,,,,,,30-39
P361,Perempuan,SMA/SMK,Pelaksana,PPPK PW,,sistem_baru,1,Aktif,2025,1,0.0,0.0,0.0,,,34.0,34.0,0.0,100.0,0.0,0.0,0.0,0.0,0.0,0.0,0.0,,,,,,,,,,,,0.0,Baik,0.0,1.0,3.0,0.0,,,,,,,Tahunan,30-39
P361,Perempuan,SMA/SMK,Pelaksana,PPPK PW,,sistem_baru,1,Aktif,2026,1,139.0,138.0,120.0,6.29,8.77,18.0,18.0,0.0,100.0,2.0,2.0,,0.0,0.0,0.0,0.0,,,,,,,,,,,,0.0,Baik,0.0,,,,Baik,0.0,Baik,0.0,2.0,0.0,Triwulan (terkini),30-39
P362,Perempuan,SMA/Sederajat,PNS,Pelaksana,Penata Muda Tk. I/IIIb,sistem_lama,0,Tidak Terdaftar,2023,1,,,,,,28.0,27.0,1.0,96.43,2.0,2.0,2.0,0.0,0.0,0.0,0.0,,,,,,,,,,,,0.0,,,,,,,,,,,,,50-59
P362,Perempuan,SMA/Sederajat,PNS,Pelaksana,Penata Muda Tk. I/IIIb,sistem_lama,0,Tidak Terdaftar,2024,1,,,,,,43.0,41.0,2.0,95.35,2.0,2.0,2.0,0.0,0.0,0.0,0.0,,,,,,,,,,,,0.0,Sangat Baik,1.0,1.0,12.0,0.0,,,,,,,Tahunan,50-59
P362,Perempuan,SMA/Sederajat,PNS,Pelaksana,Penata Muda Tk. I/IIIb,sistem_lama,0,Tidak Terdaftar,2025,1,54.0,54.0,54.0,6.97,9.07,10.0,9.0,1.0,90.0,0.0,0.0,0.0,0.0,0.0,0.0,0.0,,,,,,,,,,,,0.0,Baik,0.0,1.0,3.0,0.0,,,,,,,Tahunan,50-59
P362,Perempuan,SMA/Sederajat,PNS,Pelaksana,Penata Muda Tk. I/IIIb,sistem_lama,0,Tidak Terdaftar,2026,0,0.0,0.0,0.0,,,0.0,0.0,0.0,,0.0,0.0,,0.0,0.0,0.0,0.0,,,,,,,,,,,,0.0,,,,,,,,,,0.0,,,50-59
P363,Perempuan,SMA/Sederajat,PNS,PTP,-,sistem_lama,0,Tidak Terdaftar,2023,0,,,,,,0.0,0.0,0.0,,0.0,0.0,0.0,0.0,0.0,0.0,0.0,,,,,,,,,,,,0.0,,,,,,,,,,,,,60+
P363,Perempuan,SMA/Sederajat,PNS,PTP,-,sistem_lama,0,Tidak Terdaftar,2024,0,,,,,,0.0,0.0,0.0,,0.0,0.0,0.0,0.0,0.0,0.0,0.0,,,,,,,,,,,,0.0,,,,,,,,,,,,,60+
P363,Perempuan,SMA/Sederajat,PNS,PTP,-,sistem_lama,0,Tidak Terdaftar,2025,0,0.0,0.0,0.0,,,0.0,0.0,0.0,,0.0,0.0,0.0,0.0,0.0,0.0,0.0,,,,,,,,,,,,0.0,,,,,,,,,,,,,60+
P363,Perempuan,SMA/Sederajat,PNS,PTP,-,sistem_lama,0,Tidak Terdaftar,2026,0,0.0,0.0,0.0,,,0.0,0.0,0.0,,0.0,0.0,,0.0,0.0,0.0,0.0,,,,,,,,,,,,0.0,,,,,,,,,,0.0,,,60+
P364,Laki-laki,SMP,Pelaksana,PNS,II/b,keduanya,1,Aktif,2023,1,,,,,,28.0,22.0,6.0,78.57,2.0,2.0,2.0,0.0,0.0,0.0,0.0,,,,,,,,,,,,0.0,,,,,,,,,,,,,50-59
P364,Laki-laki,SMP,Pelaksana,PNS,II/b,keduanya,1,Aktif,2024,1,,,,,,43.0,39.0,4.0,90.7,4.0,4.0,4.0,1.0,1.0,1.0,0.0,,,,,,,,,,,,0.0,Baik,0.0,1.0,12.0,0.0,,,,,,,Tahunan,50-59
P364,Laki-laki,SMP,Pelaksana,PNS,II/b,keduanya,1,Aktif,2025,1,214.0,211.0,196.0,6.62,10.35,34.0,16.0,18.0,47.06,0.0,0.0,0.0,0.0,0.0,1.0,0.0,,,,,,,,,,,,0.0,Baik,0.0,1.0,11.0,0.0,,,,,,,Tahunan,50-59
P364,Laki-laki,SMP,Pelaksana,PNS,II/b,keduanya,1,Aktif,2026,1,136.0,136.0,126.0,6.81,9.57,18.0,4.0,14.0,22.22,1.0,1.0,,0.0,0.0,1.0,0.0,,,,,,,,,,,,0.0,Baik,0.0,,,,Baik,0.0,Baik,0.0,2.0,0.0,Triwulan (terkini),50-59
P365,Perempuan,S3,PNS,Fungsional,Pembina Utama Muda/IVc,sistem_lama,0,Tidak Terdaftar,2023,1,,,,,,28.0,16.0,12.0,57.14,29.0,29.0,29.0,0.0,0.0,0.0,0.0,,,,,,,,,,,,0.0,,,,,,,,,,,,,50-59
P365,Perempuan,S3,PNS,Fungsional,Pembina Utama Muda/IVc,sistem_lama,0,Tidak Terdaftar,2024,1,,,,,,43.0,35.0,8.0,81.4,27.0,27.0,27.0,0.0,0.0,0.0,0.0,,,,,,,,,,,,0.0,Sangat Baik,1.0,1.0,12.0,0.0,,,,,,,Tahunan,50-59
P365,Perempuan,S3,PNS,Fungsional,Pembina Utama Muda/IVc,sistem_lama,0,Tidak Terdaftar,2025,1,118.0,117.0,109.0,7.49,8.74,34.0,24.0,10.0,70.59,12.0,12.0,12.0,0.0,0.0,0.0,0.0,,,,,,,,,,,,0.0,Sangat Baik,1.0,1.0,9.0,0.0,,,,,,,Tahunan,50-59
P365,Perempuan,S3,PNS,Fungsional,Pembina Utama Muda/IVc,sistem_lama,0,Tidak Terdaftar,2026,0,0.0,0.0,0.0,,,0.0,0.0,0.0,,0.0,0.0,,0.0,0.0,0.0,0.0,,,,,,,,,,,,0.0,,,,,,,,,,0.0,,,60+
P366,Laki-laki,D3,Fungsional,PNS,-,keduanya,1,Aktif,2023,0,,,,,,0.0,0.0,0.0,,0.0,0.0,0.0,0.0,0.0,0.0,0.0,2.0,2.0,2.0,2.0,1.0,2.0,1.0,2.0,2.0,16.0,59.26,1.0,,,,,,,,,,,,,<30
P366,Laki-laki,D3,Fungsional,PNS,-,keduanya,1,Aktif,2024,0,,,,,,0.0,0.0,0.0,,0.0,0.0,0.0,0.0,0.0,0.0,0.0,2.0,2.0,2.0,2.0,1.0,2.0,1.0,2.0,2.0,16.0,59.26,1.0,,,,,,,,,,,,,30-39
P366,Laki-laki,D3,Fungsional,PNS,-,keduanya,1,Aktif,2025,1,123.0,121.0,113.0,7.29,9.23,22.0,20.0,2.0,90.91,3.0,3.0,3.0,0.0,0.0,0.0,0.0,2.0,2.0,2.0,2.0,1.0,2.0,1.0,2.0,2.0,16.0,59.26,1.0,Baik,0.0,1.0,7.0,0.0,,,,,,,Tahunan,30-39
P366,Laki-laki,D3,Fungsional,PNS,-,keduanya,1,Aktif,2026,1,135.0,134.0,126.0,7.27,9.25,18.0,18.0,0.0,100.0,3.0,3.0,,0.0,0.0,0.0,0.0,2.0,2.0,2.0,2.0,1.0,2.0,1.0,2.0,2.0,16.0,59.26,1.0,Baik,0.0,,,,Baik,0.0,Baik,0.0,2.0,0.0,Triwulan (terkini),30-39
P367,Perempuan,SMA/Sederajat,PPNPN,PPNPN,-,sistem_lama,0,Tidak Terdaftar,2023,1,,,,,,28.0,24.0,4.0,85.71,1.0,1.0,1.0,0.0,0.0,0.0,0.0,,,,,,,,,,,,0.0,,,,,,,,,,,,,40-49
P367,Perempuan,SMA/Sederajat,PPNPN,PPNPN,-,sistem_lama,0,Tidak Terdaftar,2024,1,,,,,,43.0,41.0,2.0,95.35,1.0,1.0,1.0,0.0,0.0,0.0,0.0,,,,,,,,,,,,0.0,,,,,,,,,,,,,40-49
P367,Perempuan,SMA/Sederajat,PPNPN,PPNPN,-,sistem_lama,0,Tidak Terdaftar,2025,1,0.0,0.0,0.0,,,34.0,34.0,0.0,100.0,0.0,0.0,0.0,0.0,0.0,0.0,0.0,,,,,,,,,,,,0.0,,,,,,,,,,,,,40-49
P367,Perempuan,SMA/Sederajat,PPNPN,PPNPN,-,sistem_lama,0,Tidak Terdaftar,2026,0,0.0,0.0,0.0,,,0.0,0.0,0.0,,0.0,0.0,,0.0,0.0,0.0,0.0,,,,,,,,,,,,0.0,,,,,,,,,,0.0,,,40-49
P368,Laki-laki,SMA/SMK,Pelaksana,PNS,III/b,keduanya,1,Aktif,2023,1,,,,,,28.0,21.0,7.0,75.0,1.0,1.0,1.0,1.0,1.0,4.0,0.0,1.0,3.0,1.0,2.0,2.0,2.0,3.0,1.0,2.0,17.0,62.96,1.0,,,,,,,,,,,,,50-59
P368,Laki-laki,SMA/SMK,Pelaksana,PNS,III/b,keduanya,1,Aktif,2024,1,,,,,,43.0,23.0,20.0,53.49,3.0,3.0,3.0,1.0,1.0,5.0,0.0,1.0,3.0,1.0,2.0,2.0,2.0,3.0,1.0,2.0,17.0,62.96,1.0,Baik,0.0,2.0,12.0,0.0,,,,,,,Tahunan,50-59
P368,Laki-laki,SMA/SMK,Pelaksana,PNS,III/b,keduanya,1,Aktif,2025,1,216.0,214.0,194.0,7.98,8.24,34.0,10.0,24.0,29.41,0.0,0.0,0.0,0.0,0.0,5.0,0.0,1.0,3.0,1.0,2.0,2.0,2.0,3.0,1.0,2.0,17.0,62.96,1.0,Baik,0.0,1.0,11.0,0.0,,,,,,,Tahunan,50-59
P368,Laki-laki,SMA/SMK,Pelaksana,PNS,III/b,keduanya,1,Aktif,2026,1,140.0,139.0,124.0,7.7,8.46,18.0,10.0,8.0,55.56,0.0,0.0,,1.0,0.0,6.0,0.0,1.0,3.0,1.0,2.0,2.0,2.0,3.0,1.0,2.0,17.0,62.96,1.0,Baik,0.0,,,,Baik,0.0,Baik,0.0,2.0,0.0,Triwulan (terkini),50-59
P369,Laki-laki,S2,PNS,Widyaiswara,Pembina Utama Muda/IVc,sistem_lama,0,Tidak Terdaftar,2023,0,,,,,,0.0,0.0,0.0,,0.0,0.0,0.0,0.0,0.0,0.0,0.0,,,,,,,,,,,,0.0,,,,,,,,,,,,,60+
P369,Laki-laki,S2,PNS,Widyaiswara,Pembina Utama Muda/IVc,sistem_lama,0,Tidak Terdaftar,2024,0,,,,,,0.0,0.0,0.0,,0.0,0.0,0.0,0.0,0.0,0.0,0.0,,,,,,,,,,,,0.0,,,,,,,,,,,,,60+
P369,Laki-laki,S2,PNS,Widyaiswara,Pembina Utama Muda/IVc,sistem_lama,0,Tidak Terdaftar,2025,0,0.0,0.0,0.0,,,0.0,0.0,0.0,,0.0,0.0,0.0,0.0,0.0,0.0,0.0,,,,,,,,,,,,0.0,,,,,,,,,,,,,60+
P369,Laki-laki,S2,PNS,Widyaiswara,Pembina Utama Muda/IVc,sistem_lama,0,Tidak Terdaftar,2026,0,0.0,0.0,0.0,,,0.0,0.0,0.0,,0.0,0.0,,0.0,0.0,0.0,0.0,,,,,,,,,,,,0.0,,,,,,,,,,0.0,,,60+
P370,Laki-laki,S1,Fungsional,PPPK,IX,keduanya,1,Aktif,2023,1,,,,,,28.0,24.0,4.0,85.71,5.0,5.0,5.0,0.0,0.0,0.0,0.0,2.0,2.0,1.0,1.0,2.0,1.0,1.0,2.0,2.0,14.0,51.85,1.0,,,,,,,,,,,,,<30
P370,Laki-laki,S1,Fungsional,PPPK,IX,keduanya,1,Aktif,2024,1,,,,,,43.0,40.0,3.0,93.02,8.0,8.0,8.0,3.0,3.0,3.0,0.0,2.0,2.0,1.0,1.0,2.0,1.0,1.0,2.0,2.0,14.0,51.85,1.0,Baik,0.0,1.0,9.0,0.0,,,,,,,Tahunan,<30
P370,Laki-laki,S1,Fungsional,PPPK,IX,keduanya,1,Aktif,2025,1,201.0,180.0,185.0,7.61,10.46,34.0,34.0,0.0,100.0,5.0,5.0,5.0,0.0,0.0,3.0,0.0,2.0,2.0,1.0,1.0,2.0,1.0,1.0,2.0,2.0,14.0,51.85,1.0,Baik,0.0,1.0,11.0,0.0,,,,,,,Tahunan,<30
P370,Laki-laki,S1,Fungsional,PPPK,IX,keduanya,1,Aktif,2026,1,130.0,127.0,115.0,7.25,10.73,18.0,18.0,0.0,100.0,9.0,9.0,,0.0,0.0,3.0,0.0,2.0,2.0,1.0,1.0,2.0,1.0,1.0,2.0,2.0,14.0,51.85,1.0,Baik,0.0,,,,Baik,0.0,Baik,0.0,2.0,0.0,Triwulan (terkini),30-39
P371,Laki-laki,SMA/SMK,Pelaksana,PNS,II/c,keduanya,1,Aktif,2023,1,,,,,,28.0,27.0,1.0,96.43,4.0,4.0,4.0,1.0,1.0,5.0,0.0,,,,,,,,,,,,0.0,,,,,,,,,,,,,40-49
P371,Laki-laki,SMA/SMK,Pelaksana,PNS,II/c,keduanya,1,Aktif,2024,1,,,,,,43.0,40.0,3.0,93.02,6.0,6.0,6.0,0.0,0.0,5.0,0.0,,,,,,,,,,,,0.0,Baik,0.0,1.0,12.0,0.0,,,,,,,Tahunan,40-49
P371,Laki-laki,SMA/SMK,Pelaksana,PNS,II/c,keduanya,1,Aktif,2025,1,191.0,191.0,177.0,7.11,9.35,34.0,27.0,7.0,79.41,3.0,3.0,3.0,0.0,0.0,5.0,0.0,,,,,,,,,,,,0.0,Baik,0.0,1.0,11.0,0.0,,,,,,,Tahunan,40-49
P371,Laki-laki,SMA/SMK,Pelaksana,PNS,II/c,keduanya,1,Aktif,2026,1,135.0,134.0,131.0,7.07,9.11,18.0,17.0,1.0,94.44,2.0,2.0,,0.0,0.0,5.0,0.0,,,,,,,,,,,,0.0,Baik,0.0,,,,Baik,0.0,Baik,0.0,2.0,0.0,Triwulan (terkini),50-59
P372,Perempuan,S1,Pelaksana,PNS,III/d,keduanya,0,Tidak Aktif,2023,1,,,,,,28.0,24.0,4.0,85.71,1.0,1.0,1.0,1.0,1.0,4.0,0.0,2.0,2.0,2.0,1.0,3.0,3.0,1.0,3.0,3.0,20.0,74.07,1.0,,,,,,,,,,,,,50-59
P372,Perempuan,S1,Pelaksana,PNS,III/d,keduanya,0,Tidak Aktif,2024,1,,,,,,43.0,41.0,2.0,95.35,1.0,1.0,1.0,3.0,3.0,7.0,0.0,2.0,2.0,2.0,1.0,3.0,3.0,1.0,3.0,3.0,20.0,74.07,1.0,Baik,0.0,1.0,12.0,0.0,,,,,,,Tahunan,50-59
P372,Perempuan,S1,Pelaksana,PNS,III/d,keduanya,0,Tidak Aktif,2025,1,215.0,215.0,156.0,7.22,9.11,34.0,7.0,27.0,20.59,0.0,0.0,0.0,0.0,0.0,7.0,0.0,2.0,2.0,2.0,1.0,3.0,3.0,1.0,3.0,3.0,20.0,74.07,1.0,Baik,0.0,1.0,11.0,0.0,,,,,,,Tahunan,50-59
P372,Perempuan,S1,Pelaksana,PNS,III/d,keduanya,0,Tidak Aktif,2026,1,126.0,125.0,119.0,7.12,9.46,17.0,3.0,14.0,17.65,2.0,2.0,,0.0,0.0,7.0,0.0,2.0,2.0,2.0,1.0,3.0,3.0,1.0,3.0,3.0,20.0,74.07,1.0,Baik,0.0,,,,Baik,0.0,Baik,0.0,2.0,0.0,Triwulan (terkini),50-59
P373,Perempuan,S1,Fungsional,PNS,-,keduanya,1,Aktif,2023,0,,,,,,0.0,0.0,0.0,,0.0,0.0,0.0,0.0,0.0,0.0,0.0,2.0,2.0,1.0,1.0,2.0,1.0,2.0,2.0,1.0,14.0,51.85,1.0,,,,,,,,,,,,,
P373,Perempuan,S1,Fungsional,PNS,-,keduanya,1,Aktif,2024,0,,,,,,0.0,0.0,0.0,,0.0,0.0,0.0,0.0,0.0,0.0,0.0,2.0,2.0,1.0,1.0,2.0,1.0,2.0,2.0,1.0,14.0,51.85,1.0,,,,,,,,,,,,,
P373,Perempuan,S1,Fungsional,PNS,-,keduanya,1,Aktif,2025,1,119.0,119.0,107.0,7.27,9.43,22.0,18.0,4.0,81.82,3.0,3.0,3.0,7.0,7.0,7.0,0.0,2.0,2.0,1.0,1.0,2.0,1.0,2.0,2.0,1.0,14.0,51.85,1.0,Baik,0.0,1.0,7.0,0.0,,,,,,,Tahunan,
P373,Perempuan,S1,Fungsional,PNS,-,keduanya,1,Aktif,2026,1,132.0,131.0,128.0,7.24,9.25,18.0,16.0,2.0,88.89,4.0,4.0,,3.0,2.0,10.0,0.0,2.0,2.0,1.0,1.0,2.0,1.0,2.0,2.0,1.0,14.0,51.85,1.0,Baik,0.0,,,,Baik,0.0,Baik,0.0,2.0,0.0,Triwulan (terkini),
P374,Laki-laki,D3,Fungsional,PPPK,VII,keduanya,1,Aktif,2023,1,,,,,,28.0,21.0,7.0,75.0,10.0,10.0,9.0,0.0,0.0,1.0,0.0,2.0,1.0,2.0,2.0,2.0,2.0,1.0,2.0,1.0,15.0,55.56,1.0,,,,,,,,,,,,,40-49
P374,Laki-laki,D3,Fungsional,PPPK,VII,keduanya,1,Aktif,2024,1,,,,,,43.0,35.0,8.0,81.4,22.0,22.0,20.0,1.0,1.0,2.0,0.0,2.0,1.0,2.0,2.0,2.0,2.0,1.0,2.0,1.0,15.0,55.56,1.0,Sangat Baik,1.0,1.0,9.0,0.0,,,,,,,Tahunan,40-49
P374,Laki-laki,D3,Fungsional,PPPK,VII,keduanya,1,Aktif,2025,1,196.0,189.0,181.0,7.39,8.84,34.0,28.0,6.0,82.35,3.0,3.0,3.0,1.0,1.0,3.0,0.0,2.0,1.0,2.0,2.0,2.0,2.0,1.0,2.0,1.0,15.0,55.56,1.0,Baik,0.0,1.0,11.0,0.0,,,,,,,Tahunan,40-49
P374,Laki-laki,D3,Fungsional,PPPK,VII,keduanya,1,Aktif,2026,1,121.0,119.0,116.0,7.22,8.97,18.0,15.0,3.0,83.33,7.0,7.0,,0.0,0.0,3.0,0.0,2.0,1.0,2.0,2.0,2.0,2.0,1.0,2.0,1.0,15.0,55.56,1.0,Sangat Baik,1.0,,,,Sangat Baik,1.0,Sangat Baik,1.0,2.0,1.0,Triwulan (terkini),40-49
P375,Perempuan,S2,PNS,Widyaiswara,Pembina Tk. I/IVb,sistem_lama,0,Tidak Terdaftar,2023,0,,,,,,0.0,0.0,0.0,,0.0,0.0,0.0,0.0,0.0,0.0,0.0,,,,,,,,,,,,0.0,,,,,,,,,,,,,60+
P375,Perempuan,S2,PNS,Widyaiswara,Pembina Tk. I/IVb,sistem_lama,0,Tidak Terdaftar,2024,0,,,,,,0.0,0.0,0.0,,0.0,0.0,0.0,0.0,0.0,0.0,0.0,,,,,,,,,,,,0.0,,,,,,,,,,,,,60+
P375,Perempuan,S2,PNS,Widyaiswara,Pembina Tk. I/IVb,sistem_lama,0,Tidak Terdaftar,2025,0,0.0,0.0,0.0,,,0.0,0.0,0.0,,0.0,0.0,0.0,0.0,0.0,0.0,0.0,,,,,,,,,,,,0.0,,,,,,,,,,,,,60+
P375,Perempuan,S2,PNS,Widyaiswara,Pembina Tk. I/IVb,sistem_lama,0,Tidak Terdaftar,2026,0,0.0,0.0,0.0,,,0.0,0.0,0.0,,0.0,0.0,,0.0,0.0,0.0,0.0,,,,,,,,,,,,0.0,,,,,,,,,,0.0,,,60+
P376,Laki-laki,SMA/Sederajat,PNS,Pelaksana,Penata Muda Tk. I/IIIb,sistem_lama,0,Tidak Terdaftar,2023,1,,,,,,28.0,27.0,1.0,96.43,4.0,4.0,4.0,0.0,0.0,0.0,0.0,,,,,,,,,,,,0.0,,,,,,,,,,,,,50-59
P376,Laki-laki,SMA/Sederajat,PNS,Pelaksana,Penata Muda Tk. I/IIIb,sistem_lama,0,Tidak Terdaftar,2024,1,,,,,,43.0,41.0,2.0,95.35,4.0,4.0,4.0,0.0,0.0,0.0,0.0,,,,,,,,,,,,0.0,Sangat Baik,1.0,1.0,12.0,0.0,,,,,,,Tahunan,50-59
P376,Laki-laki,SMA/Sederajat,PNS,Pelaksana,Penata Muda Tk. I/IIIb,sistem_lama,0,Tidak Terdaftar,2025,1,205.0,204.0,194.0,7.17,9.16,34.0,23.0,11.0,67.65,2.0,2.0,2.0,0.0,0.0,0.0,0.0,,,,,,,,,,,,0.0,Baik,0.0,1.0,11.0,0.0,,,,,,,Tahunan,50-59
P376,Laki-laki,SMA/Sederajat,PNS,Pelaksana,Penata Muda Tk. I/IIIb,sistem_lama,0,Tidak Terdaftar,2026,0,0.0,0.0,0.0,,,0.0,0.0,0.0,,0.0,0.0,,0.0,0.0,0.0,0.0,,,,,,,,,,,,0.0,Baik,0.0,,,,Baik,0.0,,,1.0,,Triwulan (terkini),50-59
P377,Laki-laki,S2,Fungsional,PNS,IV/b,keduanya,1,Aktif,2023,1,,,,,,28.0,18.0,10.0,64.29,21.0,21.0,21.0,3.0,3.0,28.0,0.0,2.0,2.0,2.0,2.0,2.0,2.0,1.0,2.0,2.0,17.0,62.96,1.0,,,,,,,,,,,,,50-59
P377,Laki-laki,S2,Fungsional,PNS,IV/b,keduanya,1,Aktif,2024,1,,,,,,43.0,35.0,8.0,81.4,24.0,24.0,23.0,0.0,0.0,28.0,0.0,2.0,2.0,2.0,2.0,2.0,2.0,1.0,2.0,2.0,17.0,62.96,1.0,Sangat Baik,1.0,1.0,12.0,0.0,,,,,,,Tahunan,50-59
P377,Laki-laki,S2,Fungsional,PNS,IV/b,keduanya,1,Aktif,2025,1,154.0,128.0,132.0,7.61,9.25,34.0,10.0,24.0,29.41,14.0,14.0,14.0,0.0,0.0,28.0,0.0,2.0,2.0,2.0,2.0,2.0,2.0,1.0,2.0,2.0,17.0,62.96,1.0,Sangat Baik,1.0,1.0,11.0,0.0,,,,,,,Tahunan,50-59
P377,Laki-laki,S2,Fungsional,PNS,IV/b,keduanya,1,Aktif,2026,1,129.0,126.0,121.0,7.0,9.78,18.0,9.0,9.0,50.0,5.0,5.0,,1.0,0.0,29.0,0.0,2.0,2.0,2.0,2.0,2.0,2.0,1.0,2.0,2.0,17.0,62.96,1.0,Baik,0.0,,,,Baik,0.0,Baik,0.0,2.0,0.0,Triwulan (terkini),50-59
P378,Laki-laki,S2,PNS,Fungsional,Pembina Utama Muda/IVc,sistem_lama,0,Tidak Terdaftar,2023,1,,,,,,28.0,11.0,17.0,39.29,28.0,28.0,28.0,0.0,0.0,0.0,0.0,,,,,,,,,,,,0.0,,,,,,,,,,,,,50-59
P378,Laki-laki,S2,PNS,Fungsional,Pembina Utama Muda/IVc,sistem_lama,0,Tidak Terdaftar,2024,1,,,,,,17.0,13.0,4.0,76.47,8.0,8.0,8.0,0.0,0.0,0.0,0.0,,,,,,,,,,,,0.0,,,,,,,,,,,,,50-59
P378,Laki-laki,S2,PNS,Fungsional,Pembina Utama Muda/IVc,sistem_lama,0,Tidak Terdaftar,2025,0,0.0,0.0,0.0,,,0.0,0.0,0.0,,0.0,0.0,0.0,0.0,0.0,0.0,0.0,,,,,,,,,,,,0.0,,,,,,,,,,,,,60+
P378,Laki-laki,S2,PNS,Fungsional,Pembina Utama Muda/IVc,sistem_lama,0,Tidak Terdaftar,2026,0,0.0,0.0,0.0,,,0.0,0.0,0.0,,0.0,0.0,,0.0,0.0,0.0,0.0,,,,,,,,,,,,0.0,,,,,,,,,,0.0,,,60+
P379,Perempuan,S1,Fungsional,PNS,III/d,keduanya,1,Aktif,2023,1,,,,,,28.0,17.0,11.0,60.71,19.0,19.0,19.0,5.0,5.0,5.0,0.0,2.0,1.0,2.0,1.0,2.0,2.0,2.0,1.0,1.0,14.0,51.85,1.0,,,,,,,,,,,,,40-49
P379,Perempuan,S1,Fungsional,PNS,III/d,keduanya,1,Aktif,2024,1,,,,,,43.0,23.0,20.0,53.49,23.0,23.0,23.0,2.0,2.0,7.0,0.0,2.0,1.0,2.0,1.0,2.0,2.0,2.0,1.0,1.0,14.0,51.85,1.0,Sangat Baik,1.0,3.0,12.0,0.0,,,,,,,Tahunan,40-49
P379,Perempuan,S1,Fungsional,PNS,III/d,keduanya,1,Aktif,2025,1,151.0,144.0,139.0,8.07,8.7,34.0,19.0,15.0,55.88,22.0,22.0,22.0,1.0,1.0,8.0,0.0,2.0,1.0,2.0,1.0,2.0,2.0,2.0,1.0,1.0,14.0,51.85,1.0,Sangat Baik,1.0,1.0,11.0,0.0,,,,,,,Tahunan,40-49
P379,Perempuan,S1,Fungsional,PNS,III/d,keduanya,1,Aktif,2026,1,106.0,105.0,97.0,7.86,9.46,18.0,10.0,8.0,55.56,13.0,13.0,,0.0,0.0,8.0,0.0,2.0,1.0,2.0,1.0,2.0,2.0,2.0,1.0,1.0,14.0,51.85,1.0,Sangat Baik,1.0,,,,Sangat Baik,1.0,Sangat Baik,1.0,2.0,1.0,Triwulan (terkini),40-49
P380,Laki-laki,S1,Pelaksana,PNS,III/c,sistem_baru,1,Aktif,2023,1,,,,,,0.0,0.0,0.0,,0.0,0.0,0.0,1.0,1.0,1.0,0.0,,,,,,,,,,,,0.0,,,,,,,,,,,,,30-39
P380,Laki-laki,S1,Pelaksana,PNS,III/c,sistem_baru,1,Aktif,2024,1,,,,,,0.0,0.0,0.0,,0.0,0.0,0.0,4.0,4.0,5.0,0.0,,,,,,,,,,,,0.0,,,,,,,,,,,,,30-39
P380,Laki-laki,S1,Pelaksana,PNS,III/c,sistem_baru,1,Aktif,2025,1,0.0,0.0,0.0,,,0.0,0.0,0.0,,0.0,0.0,0.0,1.0,1.0,6.0,0.0,,,,,,,,,,,,0.0,,,,,,,,,,,,,30-39
P380,Laki-laki,S1,Pelaksana,PNS,III/c,sistem_baru,1,Aktif,2026,1,36.0,36.0,36.0,7.09,9.88,5.0,4.0,1.0,80.0,1.0,1.0,,0.0,0.0,6.0,0.0,,,,,,,,,,,,0.0,,,,,,,,,,0.0,,,30-39
P381,Laki-laki,S1/D4,PNS,Fungsional Umum,Penata Muda Tk. I/IIIb,sistem_lama,0,Tidak Terdaftar,2023,0,,,,,,0.0,0.0,0.0,,0.0,0.0,0.0,0.0,0.0,0.0,0.0,,,,,,,,,,,,0.0,,,,,,,,,,,,,40-49
P381,Laki-laki,S1/D4,PNS,Fungsional Umum,Penata Muda Tk. I/IIIb,sistem_lama,0,Tidak Terdaftar,2024,0,,,,,,0.0,0.0,0.0,,0.0,0.0,0.0,0.0,0.0,0.0,0.0,,,,,,,,,,,,0.0,,,,,,,,,,,,,40-49
P381,Laki-laki,S1/D4,PNS,Fungsional Umum,Penata Muda Tk. I/IIIb,sistem_lama,0,Tidak Terdaftar,2025,0,0.0,0.0,0.0,,,0.0,0.0,0.0,,0.0,0.0,0.0,0.0,0.0,0.0,0.0,,,,,,,,,,,,0.0,,,,,,,,,,,,,40-49
P381,Laki-laki,S1/D4,PNS,Fungsional Umum,Penata Muda Tk. I/IIIb,sistem_lama,0,Tidak Terdaftar,2026,0,0.0,0.0,0.0,,,0.0,0.0,0.0,,0.0,0.0,,0.0,0.0,0.0,0.0,,,,,,,,,,,,0.0,,,,,,,,,,0.0,,,40-49
P382,Laki-laki,SMA/SMK,Pelaksana,PPPK PW,,sistem_baru,1,Aktif,2023,1,,,,,,28.0,15.0,13.0,53.57,0.0,0.0,0.0,0.0,0.0,0.0,0.0,,,,,,,,,,,,0.0,,,,,,,,,,,,,40-49
P382,Laki-laki,SMA/SMK,Pelaksana,PPPK PW,,sistem_baru,1,Aktif,2024,1,,,,,,43.0,40.0,3.0,93.02,0.0,0.0,0.0,0.0,0.0,0.0,0.0,,,,,,,,,,,,0.0,,,,,,,,,,,,,40-49
P382,Laki-laki,SMA/SMK,Pelaksana,PPPK PW,,sistem_baru,1,Aktif,2025,1,0.0,0.0,0.0,,,34.0,32.0,2.0,94.12,0.0,0.0,0.0,0.0,0.0,0.0,0.0,,,,,,,,,,,,0.0,Baik,0.0,1.0,3.0,0.0,,,,,,,Tahunan,50-59
P382,Laki-laki,SMA/SMK,Pelaksana,PPPK PW,,sistem_baru,1,Aktif,2026,1,97.0,97.0,38.0,7.02,11.89,18.0,14.0,4.0,77.78,2.0,2.0,,0.0,0.0,0.0,0.0,,,,,,,,,,,,0.0,Baik,0.0,,,,Baik,0.0,Baik,0.0,2.0,0.0,Triwulan (terkini),50-59
P383,Laki-laki,S1/D4,PNS,Fungsional Umum,Penata/IIIc,sistem_lama,0,Tidak Terdaftar,2023,0,,,,,,0.0,0.0,0.0,,0.0,0.0,0.0,0.0,0.0,0.0,0.0,,,,,,,,,,,,0.0,,,,,,,,,,,,,60+
P383,Laki-laki,S1/D4,PNS,Fungsional Umum,Penata/IIIc,sistem_lama,0,Tidak Terdaftar,2024,0,,,,,,0.0,0.0,0.0,,0.0,0.0,0.0,0.0,0.0,0.0,0.0,,,,,,,,,,,,0.0,,,,,,,,,,,,,60+
P383,Laki-laki,S1/D4,PNS,Fungsional Umum,Penata/IIIc,sistem_lama,0,Tidak Terdaftar,2025,0,0.0,0.0,0.0,,,0.0,0.0,0.0,,0.0,0.0,0.0,0.0,0.0,0.0,0.0,,,,,,,,,,,,0.0,,,,,,,,,,,,,60+
P383,Laki-laki,S1/D4,PNS,Fungsional Umum,Penata/IIIc,sistem_lama,0,Tidak Terdaftar,2026,0,0.0,0.0,0.0,,,0.0,0.0,0.0,,0.0,0.0,,0.0,0.0,0.0,0.0,,,,,,,,,,,,0.0,,,,,,,,,,0.0,,,60+
P384,Perempuan,S2,Fungsional,PNS,IV/c,keduanya,1,Aktif,2023,1,,,,,,28.0,23.0,5.0,82.14,11.0,11.0,11.0,4.0,4.0,19.0,0.0,1.0,1.0,1.0,1.0,2.0,2.0,1.0,2.0,1.0,12.0,44.44,1.0,,,,,,,,,,,,,40-49
P384,Perempuan,S2,Fungsional,PNS,IV/c,keduanya,1,Aktif,2024,1,,,,,,43.0,35.0,8.0,81.4,13.0,13.0,13.0,2.0,2.0,21.0,0.0,1.0,1.0,1.0,1.0,2.0,2.0,1.0,2.0,1.0,12.0,44.44,1.0,Sangat Baik,1.0,1.0,12.0,0.0,,,,,,,Tahunan,40-49
P384,Perempuan,S2,Fungsional,PNS,IV/c,keduanya,1,Aktif,2025,1,186.0,181.0,183.0,7.03,9.93,34.0,17.0,17.0,50.0,6.0,6.0,6.0,1.0,1.0,22.0,0.0,1.0,1.0,1.0,1.0,2.0,2.0,1.0,2.0,1.0,12.0,44.44,1.0,Sangat Baik,1.0,1.0,11.0,0.0,,,,,,,Tahunan,40-49
P384,Perempuan,S2,Fungsional,PNS,IV/c,keduanya,1,Aktif,2026,1,120.0,120.0,118.0,6.84,9.92,18.0,7.0,11.0,38.89,4.0,4.0,,0.0,0.0,22.0,0.0,1.0,1.0,1.0,1.0,2.0,2.0,1.0,2.0,1.0,12.0,44.44,1.0,Baik,0.0,,,,Baik,0.0,Baik,0.0,2.0,0.0,Triwulan (terkini),40-49
P385,Perempuan,SMA/Sederajat,PNS,Pelaksana,Penata Muda Tk. I/IIIb,sistem_lama,0,Tidak Terdaftar,2023,1,,,,,,28.0,26.0,2.0,92.86,17.0,17.0,17.0,0.0,0.0,0.0,0.0,,,,,,,,,,,,0.0,,,,,,,,,,,,,50-59
P385,Perempuan,SMA/Sederajat,PNS,Pelaksana,Penata Muda Tk. I/IIIb,sistem_lama,0,Tidak Terdaftar,2024,1,,,,,,7.0,7.0,0.0,100.0,3.0,3.0,3.0,0.0,0.0,0.0,0.0,,,,,,,,,,,,0.0,,,,,,,,,,,,,50-59
P385,Perempuan,SMA/Sederajat,PNS,Pelaksana,Penata Muda Tk. I/IIIb,sistem_lama,0,Tidak Terdaftar,2025,0,0.0,0.0,0.0,,,0.0,0.0,0.0,,0.0,0.0,0.0,0.0,0.0,0.0,0.0,,,,,,,,,,,,0.0,,,,,,,,,,,,,50-59
P385,Perempuan,SMA/Sederajat,PNS,Pelaksana,Penata Muda Tk. I/IIIb,sistem_lama,0,Tidak Terdaftar,2026,0,0.0,0.0,0.0,,,0.0,0.0,0.0,,0.0,0.0,,0.0,0.0,0.0,0.0,,,,,,,,,,,,0.0,,,,,,,,,,0.0,,,50-59
P386,Laki-laki,S1/D4,PNS,Widyaiswara,Pembina/IVa,sistem_lama,0,Tidak Terdaftar,2023,0,,,,,,0.0,0.0,0.0,,0.0,0.0,0.0,0.0,0.0,0.0,0.0,,,,,,,,,,,,0.0,,,,,,,,,,,,,60+
P386,Laki-laki,S1/D4,PNS,Widyaiswara,Pembina/IVa,sistem_lama,0,Tidak Terdaftar,2024,0,,,,,,0.0,0.0,0.0,,0.0,0.0,0.0,0.0,0.0,0.0,0.0,,,,,,,,,,,,0.0,,,,,,,,,,,,,60+
P386,Laki-laki,S1/D4,PNS,Widyaiswara,Pembina/IVa,sistem_lama,0,Tidak Terdaftar,2025,0,0.0,0.0,0.0,,,0.0,0.0,0.0,,0.0,0.0,0.0,0.0,0.0,0.0,0.0,,,,,,,,,,,,0.0,,,,,,,,,,,,,60+
P386,Laki-laki,S1/D4,PNS,Widyaiswara,Pembina/IVa,sistem_lama,0,Tidak Terdaftar,2026,0,0.0,0.0,0.0,,,0.0,0.0,0.0,,0.0,0.0,,0.0,0.0,0.0,0.0,,,,,,,,,,,,0.0,,,,,,,,,,0.0,,,60+
P387,Laki-laki,S1/D4,PNS,Widyaiswara,Pembina Tk. I/IVb,sistem_lama,0,Tidak Terdaftar,2023,0,,,,,,0.0,0.0,0.0,,0.0,0.0,0.0,0.0,0.0,0.0,0.0,,,,,,,,,,,,0.0,,,,,,,,,,,,,60+
P387,Laki-laki,S1/D4,PNS,Widyaiswara,Pembina Tk. I/IVb,sistem_lama,0,Tidak Terdaftar,2024,0,,,,,,0.0,0.0,0.0,,0.0,0.0,0.0,0.0,0.0,0.0,0.0,,,,,,,,,,,,0.0,,,,,,,,,,,,,60+
P387,Laki-laki,S1/D4,PNS,Widyaiswara,Pembina Tk. I/IVb,sistem_lama,0,Tidak Terdaftar,2025,0,0.0,0.0,0.0,,,0.0,0.0,0.0,,0.0,0.0,0.0,0.0,0.0,0.0,0.0,,,,,,,,,,,,0.0,,,,,,,,,,,,,60+
P387,Laki-laki,S1/D4,PNS,Widyaiswara,Pembina Tk. I/IVb,sistem_lama,0,Tidak Terdaftar,2026,0,0.0,0.0,0.0,,,0.0,0.0,0.0,,0.0,0.0,,0.0,0.0,0.0,0.0,,,,,,,,,,,,0.0,,,,,,,,,,0.0,,,60+
P388,Perempuan,S2,Fungsional,PNS,-,keduanya,1,Aktif,2023,0,,,,,,0.0,0.0,0.0,,0.0,0.0,0.0,0.0,0.0,0.0,0.0,2.0,1.0,2.0,2.0,2.0,1.0,1.0,2.0,1.0,14.0,51.85,1.0,,,,,,,,,,,,,<30
P388,Perempuan,S2,Fungsional,PNS,-,keduanya,1,Aktif,2024,0,,,,,,0.0,0.0,0.0,,0.0,0.0,0.0,0.0,0.0,0.0,0.0,2.0,1.0,2.0,2.0,2.0,1.0,1.0,2.0,1.0,14.0,51.85,1.0,,,,,,,,,,,,,<30
P388,Perempuan,S2,Fungsional,PNS,-,keduanya,1,Aktif,2025,1,127.0,126.0,115.0,7.36,9.21,22.0,19.0,3.0,86.36,1.0,1.0,1.0,0.0,0.0,0.0,0.0,2.0,1.0,2.0,2.0,2.0,1.0,1.0,2.0,1.0,14.0,51.85,1.0,Baik,0.0,1.0,7.0,0.0,,,,,,,Tahunan,<30
P388,Perempuan,S2,Fungsional,PNS,-,keduanya,1,Aktif,2026,1,127.0,126.0,120.0,7.33,9.23,18.0,15.0,3.0,83.33,6.0,6.0,,0.0,0.0,0.0,0.0,2.0,1.0,2.0,2.0,2.0,1.0,1.0,2.0,1.0,14.0,51.85,1.0,Baik,0.0,,,,Baik,0.0,Baik,0.0,2.0,0.0,Triwulan (terkini),<30
P389,Laki-laki,S1,Fungsional,PNS,III/d,keduanya,1,Aktif,2023,1,,,,,,28.0,17.0,11.0,60.71,35.0,35.0,35.0,2.0,2.0,7.0,0.0,2.0,1.0,2.0,1.0,2.0,1.0,1.0,2.0,1.0,13.0,48.15,1.0,,,,,,,,,,,,,40-49
P389,Laki-laki,S1,Fungsional,PNS,III/d,keduanya,1,Aktif,2024,1,,,,,,43.0,24.0,19.0,55.81,42.0,42.0,41.0,0.0,0.0,7.0,0.0,2.0,1.0,2.0,1.0,2.0,1.0,1.0,2.0,1.0,13.0,48.15,1.0,Sangat Baik,1.0,3.0,12.0,0.0,,,,,,,Tahunan,40-49
P389,Laki-laki,S1,Fungsional,PNS,III/d,keduanya,1,Aktif,2025,1,157.0,151.0,132.0,7.17,10.03,34.0,4.0,30.0,11.76,24.0,24.0,24.0,0.0,0.0,7.0,0.0,2.0,1.0,2.0,1.0,2.0,1.0,1.0,2.0,1.0,13.0,48.15,1.0,Baik,0.0,1.0,11.0,0.0,,,,,,,Tahunan,40-49
P389,Laki-laki,S1,Fungsional,PNS,III/d,keduanya,1,Aktif,2026,1,104.0,101.0,95.0,7.08,10.24,18.0,2.0,16.0,11.11,15.0,15.0,,0.0,0.0,7.0,0.0,2.0,1.0,2.0,1.0,2.0,1.0,1.0,2.0,1.0,13.0,48.15,1.0,Sangat Baik,1.0,,,,Sangat Baik,1.0,Sangat Baik,1.0,2.0,1.0,Triwulan (terkini),40-49
P390,Laki-laki,S1/D4,PNS,Fungsional Umum,Penata Tk. I/IIId,sistem_lama,0,Tidak Terdaftar,2023,0,,,,,,0.0,0.0,0.0,,0.0,0.0,0.0,0.0,0.0,0.0,0.0,,,,,,,,,,,,0.0,,,,,,,,,,,,,50-59
P390,Laki-laki,S1/D4,PNS,Fungsional Umum,Penata Tk. I/IIId,sistem_lama,0,Tidak Terdaftar,2024,0,,,,,,0.0,0.0,0.0,,0.0,0.0,0.0,0.0,0.0,0.0,0.0,,,,,,,,,,,,0.0,,,,,,,,,,,,,60+
P390,Laki-laki,S1/D4,PNS,Fungsional Umum,Penata Tk. I/IIId,sistem_lama,0,Tidak Terdaftar,2025,0,0.0,0.0,0.0,,,0.0,0.0,0.0,,0.0,0.0,0.0,0.0,0.0,0.0,0.0,,,,,,,,,,,,0.0,,,,,,,,,,,,,60+
P390,Laki-laki,S1/D4,PNS,Fungsional Umum,Penata Tk. I/IIId,sistem_lama,0,Tidak Terdaftar,2026,0,0.0,0.0,0.0,,,0.0,0.0,0.0,,0.0,0.0,,0.0,0.0,0.0,0.0,,,,,,,,,,,,0.0,,,,,,,,,,0.0,,,60+
P391,Laki-laki,S1,Pelaksana,PPPK,IX,keduanya,1,Aktif,2023,1,,,,,,28.0,12.0,16.0,42.86,2.0,2.0,2.0,0.0,0.0,0.0,0.0,,,,,,,,,,,,0.0,,,,,,,,,,,,,40-49
P391,Laki-laki,S1,Pelaksana,PPPK,IX,keduanya,1,Aktif,2024,1,,,,,,43.0,30.0,13.0,69.77,5.0,5.0,5.0,0.0,0.0,0.0,0.0,,,,,,,,,,,,0.0,,,,,,,,,,,,,40-49
P391,Laki-laki,S1,Pelaksana,PPPK,IX,keduanya,1,Aktif,2025,1,49.0,48.0,43.0,6.87,9.68,34.0,32.0,2.0,94.12,4.0,4.0,4.0,0.0,0.0,0.0,0.0,,,,,,,,,,,,0.0,Baik,0.0,1.0,4.0,0.0,,,,,,,Tahunan,40-49
P391,Laki-laki,S1,Pelaksana,PPPK,IX,keduanya,1,Aktif,2026,1,129.0,128.0,127.0,6.83,9.58,18.0,16.0,2.0,88.89,2.0,2.0,,0.0,0.0,0.0,0.0,,,,,,,,,,,,0.0,Baik,0.0,,,,Baik,0.0,Baik,0.0,2.0,0.0,Triwulan (terkini),40-49
P392,Perempuan,S2,PNS,Widyaiswara,Pembina Utama Muda/IVc,sistem_lama,0,Tidak Terdaftar,2023,0,,,,,,0.0,0.0,0.0,,0.0,0.0,0.0,0.0,0.0,0.0,0.0,,,,,,,,,,,,0.0,,,,,,,,,,,,,60+
P392,Perempuan,S2,PNS,Widyaiswara,Pembina Utama Muda/IVc,sistem_lama,0,Tidak Terdaftar,2024,0,,,,,,0.0,0.0,0.0,,0.0,0.0,0.0,0.0,0.0,0.0,0.0,,,,,,,,,,,,0.0,,,,,,,,,,,,,60+
P392,Perempuan,S2,PNS,Widyaiswara,Pembina Utama Muda/IVc,sistem_lama,0,Tidak Terdaftar,2025,0,0.0,0.0,0.0,,,0.0,0.0,0.0,,0.0,0.0,0.0,0.0,0.0,0.0,0.0,,,,,,,,,,,,0.0,,,,,,,,,,,,,60+
P392,Perempuan,S2,PNS,Widyaiswara,Pembina Utama Muda/IVc,sistem_lama,0,Tidak Terdaftar,2026,0,0.0,0.0,0.0,,,0.0,0.0,0.0,,0.0,0.0,,0.0,0.0,0.0,0.0,,,,,,,,,,,,0.0,,,,,,,,,,0.0,,,60+
P393,Perempuan,S2,Pelaksana,PNS,III/d,keduanya,1,Aktif,2023,1,,,,,,28.0,23.0,5.0,82.14,17.0,17.0,17.0,3.0,3.0,3.0,0.0,2.0,2.0,1.0,1.0,1.0,1.0,1.0,2.0,1.0,12.0,44.44,1.0,,,,,,,,,,,,,30-39
P393,Perempuan,S2,Pelaksana,PNS,III/d,keduanya,1,Aktif,2024,1,,,,,,43.0,35.0,8.0,81.4,24.0,24.0,24.0,0.0,0.0,3.0,0.0,2.0,2.0,1.0,1.0,1.0,1.0,1.0,2.0,1.0,12.0,44.44,1.0,Sangat Baik,1.0,2.0,12.0,0.0,,,,,,,Tahunan,30-39
P393,Perempuan,S2,Pelaksana,PNS,III/d,keduanya,1,Aktif,2025,1,155.0,154.0,142.0,7.28,9.21,34.0,22.0,12.0,64.71,16.0,16.0,16.0,0.0,0.0,3.0,0.0,2.0,2.0,1.0,1.0,1.0,1.0,1.0,2.0,1.0,12.0,44.44,1.0,Sangat Baik,1.0,2.0,11.0,0.0,,,,,,,Tahunan,40-49
P393,Perempuan,S2,Pelaksana,PNS,III/d,keduanya,1,Aktif,2026,1,121.0,121.0,117.0,7.28,9.01,18.0,13.0,5.0,72.22,6.0,6.0,,0.0,0.0,3.0,0.0,2.0,2.0,1.0,1.0,1.0,1.0,1.0,2.0,1.0,12.0,44.44,1.0,Sangat Baik,1.0,,,,Sangat Baik,1.0,Sangat Baik,1.0,2.0,1.0,Triwulan (terkini),40-49
P394,Laki-laki,SMA/SMK,Pelaksana,PPPK PW,,sistem_baru,1,Aktif,2023,1,,,,,,28.0,25.0,3.0,89.29,0.0,0.0,0.0,0.0,0.0,0.0,0.0,,,,,,,,,,,,0.0,,,,,,,,,,,,,40-49
P394,Laki-laki,SMA/SMK,Pelaksana,PPPK PW,,sistem_baru,1,Aktif,2024,1,,,,,,43.0,40.0,3.0,93.02,0.0,0.0,0.0,0.0,0.0,0.0,0.0,,,,,,,,,,,,0.0,,,,,,,,,,,,,50-59
P394,Laki-laki,SMA/SMK,Pelaksana,PPPK PW,,sistem_baru,1,Aktif,2025,1,0.0,0.0,0.0,,,34.0,33.0,1.0,97.06,0.0,0.0,0.0,0.0,0.0,0.0,0.0,,,,,,,,,,,,0.0,Baik,0.0,1.0,3.0,0.0,,,,,,,Tahunan,50-59
P394,Laki-laki,SMA/SMK,Pelaksana,PPPK PW,,sistem_baru,1,Aktif,2026,1,131.0,130.0,129.0,6.92,9.11,18.0,18.0,0.0,100.0,2.0,2.0,,0.0,0.0,0.0,0.0,,,,,,,,,,,,0.0,Baik,0.0,,,,Baik,0.0,Baik,0.0,2.0,0.0,Triwulan (terkini),50-59
P395,Laki-laki,S1/D4,PNS,Fungsional Umum,Penata Tk. I/IIId,sistem_lama,0,Tidak Terdaftar,2023,0,,,,,,0.0,0.0,0.0,,0.0,0.0,0.0,0.0,0.0,0.0,0.0,,,,,,,,,,,,0.0,,,,,,,,,,,,,50-59
P395,Laki-laki,S1/D4,PNS,Fungsional Umum,Penata Tk. I/IIId,sistem_lama,0,Tidak Terdaftar,2024,0,,,,,,0.0,0.0,0.0,,0.0,0.0,0.0,0.0,0.0,0.0,0.0,,,,,,,,,,,,0.0,,,,,,,,,,,,,50-59
P395,Laki-laki,S1/D4,PNS,Fungsional Umum,Penata Tk. I/IIId,sistem_lama,0,Tidak Terdaftar,2025,0,0.0,0.0,0.0,,,0.0,0.0,0.0,,0.0,0.0,0.0,0.0,0.0,0.0,0.0,,,,,,,,,,,,0.0,,,,,,,,,,,,,60+
P395,Laki-laki,S1/D4,PNS,Fungsional Umum,Penata Tk. I/IIId,sistem_lama,0,Tidak Terdaftar,2026,0,0.0,0.0,0.0,,,0.0,0.0,0.0,,0.0,0.0,,0.0,0.0,0.0,0.0,,,,,,,,,,,,0.0,,,,,,,,,,0.0,,,60+
P396,Laki-laki,S1/D4,PNS,Pelaksana,Penata Tk. I/IIId,sistem_lama,0,Tidak Terdaftar,2023,1,,,,,,28.0,26.0,2.0,92.86,19.0,19.0,19.0,0.0,0.0,0.0,0.0,,,,,,,,,,,,0.0,,,,,,,,,,,,,50-59
P396,Laki-laki,S1/D4,PNS,Pelaksana,Penata Tk. I/IIId,sistem_lama,0,Tidak Terdaftar,2024,1,,,,,,20.0,18.0,2.0,90.0,11.0,11.0,11.0,0.0,0.0,0.0,0.0,,,,,,,,,,,,0.0,,,,,,,,,,,,,50-59
P396,Laki-laki,S1/D4,PNS,Pelaksana,Penata Tk. I/IIId,sistem_lama,0,Tidak Terdaftar,2025,0,0.0,0.0,0.0,,,0.0,0.0,0.0,,0.0,0.0,0.0,0.0,0.0,0.0,0.0,,,,,,,,,,,,0.0,,,,,,,,,,,,,50-59
P396,Laki-laki,S1/D4,PNS,Pelaksana,Penata Tk. I/IIId,sistem_lama,0,Tidak Terdaftar,2026,0,0.0,0.0,0.0,,,0.0,0.0,0.0,,0.0,0.0,,0.0,0.0,0.0,0.0,,,,,,,,,,,,0.0,,,,,,,,,,0.0,,,50-59
P397,Laki-laki,SMA/Sederajat,PPNPN,PPNPN,-,sistem_lama,0,Tidak Terdaftar,2023,1,,,,,,28.0,15.0,13.0,53.57,1.0,1.0,1.0,0.0,0.0,0.0,0.0,,,,,,,,,,,,0.0,,,,,,,,,,,,,40-49
P397,Laki-laki,SMA/Sederajat,PPNPN,PPNPN,-,sistem_lama,0,Tidak Terdaftar,2024,1,,,,,,43.0,41.0,2.0,95.35,2.0,2.0,2.0,0.0,0.0,0.0,0.0,,,,,,,,,,,,0.0,,,,,,,,,,,,,40-49
P397,Laki-laki,SMA/Sederajat,PPNPN,PPNPN,-,sistem_lama,0,Tidak Terdaftar,2025,1,0.0,0.0,0.0,,,34.0,30.0,4.0,88.24,0.0,0.0,0.0,0.0,0.0,0.0,0.0,,,,,,,,,,,,0.0,,,,,,,,,,,,,40-49
P397,Laki-laki,SMA/Sederajat,PPNPN,PPNPN,-,sistem_lama,0,Tidak Terdaftar,2026,0,0.0,0.0,0.0,,,0.0,0.0,0.0,,0.0,0.0,,0.0,0.0,0.0,0.0,,,,,,,,,,,,0.0,,,,,,,,,,0.0,,,40-49
P398,Perempuan,SMA/SMK,Pelaksana,PPPK,V,keduanya,1,Aktif,2023,1,,,,,,28.0,28.0,0.0,100.0,1.0,1.0,1.0,0.0,0.0,0.0,0.0,,,,,,,,,,,,0.0,,,,,,,,,,,,,<30
P398,Perempuan,SMA/SMK,Pelaksana,PPPK,V,keduanya,1,Aktif,2024,1,,,,,,43.0,43.0,0.0,100.0,3.0,3.0,3.0,0.0,0.0,0.0,0.0,,,,,,,,,,,,0.0,,,,,,,,,,,,,<30
P398,Perempuan,SMA/SMK,Pelaksana,PPPK,V,keduanya,1,Aktif,2025,1,53.0,52.0,49.0,6.11,10.81,34.0,33.0,1.0,97.06,1.0,1.0,1.0,0.0,0.0,0.0,0.0,,,,,,,,,,,,0.0,Baik,0.0,1.0,4.0,0.0,,,,,,,Tahunan,<30
P398,Perempuan,SMA/SMK,Pelaksana,PPPK,V,keduanya,1,Aktif,2026,1,141.0,141.0,138.0,6.35,10.36,18.0,18.0,0.0,100.0,2.0,2.0,,0.0,0.0,0.0,0.0,,,,,,,,,,,,0.0,Baik,0.0,,,,Baik,0.0,Baik,0.0,2.0,0.0,Triwulan (terkini),<30
P399,Laki-laki,SMA/Sederajat,PPNPN,PPNPN,-,sistem_lama,0,Tidak Terdaftar,2023,1,,,,,,28.0,28.0,0.0,100.0,1.0,1.0,1.0,0.0,0.0,0.0,0.0,,,,,,,,,,,,0.0,,,,,,,,,,,,,40-49
P399,Laki-laki,SMA/Sederajat,PPNPN,PPNPN,-,sistem_lama,0,Tidak Terdaftar,2024,1,,,,,,43.0,41.0,2.0,95.35,2.0,2.0,2.0,0.0,0.0,0.0,0.0,,,,,,,,,,,,0.0,,,,,,,,,,,,,40-49
P399,Laki-laki,SMA/Sederajat,PPNPN,PPNPN,-,sistem_lama,0,Tidak Terdaftar,2025,1,0.0,0.0,0.0,,,34.0,30.0,4.0,88.24,1.0,1.0,1.0,0.0,0.0,0.0,0.0,,,,,,,,,,,,0.0,,,,,,,,,,,,,40-49
P399,Laki-laki,SMA/Sederajat,PPNPN,PPNPN,-,sistem_lama,0,Tidak Terdaftar,2026,0,0.0,0.0,0.0,,,0.0,0.0,0.0,,0.0,0.0,,0.0,0.0,0.0,0.0,,,,,,,,,,,,0.0,,,,,,,,,,0.0,,,40-49
P400,Laki-laki,SMA/SMK,Pelaksana,PPPK,V,keduanya,1,Aktif,2023,1,,,,,,28.0,18.0,10.0,64.29,1.0,1.0,1.0,0.0,0.0,0.0,0.0,,,,,,,,,,,,0.0,,,,,,,,,,,,,40-49
P400,Laki-laki,SMA/SMK,Pelaksana,PPPK,V,keduanya,1,Aktif,2024,1,,,,,,43.0,37.0,6.0,86.05,3.0,3.0,3.0,0.0,0.0,0.0,0.0,,,,,,,,,,,,0.0,,,,,,,,,,,,,40-49
P400,Laki-laki,SMA/SMK,Pelaksana,PPPK,V,keduanya,1,Aktif,2025,1,38.0,37.0,1.0,6.86,,34.0,32.0,2.0,94.12,2.0,2.0,2.0,0.0,0.0,0.0,0.0,,,,,,,,,,,,0.0,Baik,0.0,1.0,4.0,0.0,,,,,,,Tahunan,40-49
P400,Laki-laki,SMA/SMK,Pelaksana,PPPK,V,keduanya,1,Aktif,2026,1,110.0,110.0,41.0,6.91,10.05,18.0,14.0,4.0,77.78,2.0,2.0,,0.0,0.0,0.0,0.0,,,,,,,,,,,,0.0,Baik,0.0,,,,Baik,0.0,Baik,0.0,2.0,0.0,Triwulan (terkini),40-49
P401,Laki-laki,SMA/SMK,Pelaksana,PPPK PW,,sistem_baru,1,Aktif,2023,1,,,,,,28.0,27.0,1.0,96.43,0.0,0.0,0.0,0.0,0.0,0.0,0.0,,,,,,,,,,,,0.0,,,,,,,,,,,,,40-49
P401,Laki-laki,SMA/SMK,Pelaksana,PPPK PW,,sistem_baru,1,Aktif,2024,1,,,,,,43.0,41.0,2.0,95.35,0.0,0.0,0.0,0.0,0.0,0.0,0.0,,,,,,,,,,,,0.0,,,,,,,,,,,,,40-49
P401,Laki-laki,SMA/SMK,Pelaksana,PPPK PW,,sistem_baru,1,Aktif,2025,1,0.0,0.0,0.0,,,34.0,33.0,1.0,97.06,0.0,0.0,0.0,0.0,0.0,0.0,0.0,,,,,,,,,,,,0.0,Baik,0.0,1.0,3.0,0.0,,,,,,,Tahunan,40-49
P401,Laki-laki,SMA/SMK,Pelaksana,PPPK PW,,sistem_baru,1,Aktif,2026,1,140.0,139.0,136.0,6.53,10.11,18.0,18.0,0.0,100.0,2.0,2.0,,0.0,0.0,0.0,0.0,,,,,,,,,,,,0.0,Sangat Baik,1.0,,,,Baik,0.0,Sangat Baik,1.0,2.0,0.0,Triwulan (terkini),40-49
P402,Laki-laki,SMA/SMK,Pelaksana,PPPK,V,keduanya,1,Aktif,2023,1,,,,,,28.0,24.0,4.0,85.71,2.0,2.0,2.0,0.0,0.0,0.0,0.0,,,,,,,,,,,,0.0,,,,,,,,,,,,,40-49
P402,Laki-laki,SMA/SMK,Pelaksana,PPPK,V,keduanya,1,Aktif,2024,1,,,,,,43.0,43.0,0.0,100.0,2.0,2.0,2.0,0.0,0.0,0.0,0.0,,,,,,,,,,,,0.0,,,,,,,,,,,,,40-49
P402,Laki-laki,SMA/SMK,Pelaksana,PPPK,V,keduanya,1,Aktif,2025,1,55.0,54.0,48.0,6.3,8.88,34.0,30.0,4.0,88.24,6.0,6.0,6.0,0.0,0.0,0.0,0.0,,,,,,,,,,,,0.0,Baik,0.0,1.0,4.0,0.0,,,,,,,Tahunan,40-49
P402,Laki-laki,SMA/SMK,Pelaksana,PPPK,V,keduanya,1,Aktif,2026,1,145.0,145.0,136.0,6.42,9.53,18.0,17.0,1.0,94.44,4.0,4.0,,1.0,0.0,1.0,0.0,,,,,,,,,,,,0.0,Baik,0.0,,,,Baik,0.0,Baik,0.0,2.0,0.0,Triwulan (terkini),50-59
P403,Laki-laki,S2,PNS,Fungsional,Pembina Tk. I/IVb,sistem_lama,0,Tidak Terdaftar,2023,1,,,,,,28.0,8.0,20.0,28.57,29.0,29.0,29.0,0.0,0.0,0.0,0.0,,,,,,,,,,,,0.0,,,,,,,,,,,,,50-59
P403,Laki-laki,S2,PNS,Fungsional,Pembina Tk. I/IVb,sistem_lama,0,Tidak Terdaftar,2024,1,,,,,,43.0,18.0,25.0,41.86,31.0,31.0,31.0,0.0,0.0,0.0,0.0,,,,,,,,,,,,0.0,,,,,,,,,,,,,50-59
P403,Laki-laki,S2,PNS,Fungsional,Pembina Tk. I/IVb,sistem_lama,0,Tidak Terdaftar,2025,0,0.0,0.0,0.0,,,0.0,0.0,0.0,,0.0,0.0,0.0,0.0,0.0,0.0,0.0,,,,,,,,,,,,0.0,,,,,,,,,,,,,60+
P403,Laki-laki,S2,PNS,Fungsional,Pembina Tk. I/IVb,sistem_lama,0,Tidak Terdaftar,2026,0,0.0,0.0,0.0,,,0.0,0.0,0.0,,0.0,0.0,,0.0,0.0,0.0,0.0,,,,,,,,,,,,0.0,,,,,,,,,,0.0,,,60+
P404,Laki-laki,S2,PNS,Widyaiswara,Pembina Utama Muda/IVc,sistem_lama,0,Tidak Terdaftar,2023,0,,,,,,0.0,0.0,0.0,,0.0,0.0,0.0,0.0,0.0,0.0,0.0,,,,,,,,,,,,0.0,,,,,,,,,,,,,50-59
P404,Laki-laki,S2,PNS,Widyaiswara,Pembina Utama Muda/IVc,sistem_lama,0,Tidak Terdaftar,2024,0,,,,,,0.0,0.0,0.0,,0.0,0.0,0.0,0.0,0.0,0.0,0.0,,,,,,,,,,,,0.0,,,,,,,,,,,,,60+
P404,Laki-laki,S2,PNS,Widyaiswara,Pembina Utama Muda/IVc,sistem_lama,0,Tidak Terdaftar,2025,0,0.0,0.0,0.0,,,0.0,0.0,0.0,,0.0,0.0,0.0,0.0,0.0,0.0,0.0,,,,,,,,,,,,0.0,,,,,,,,,,,,,60+
P404,Laki-laki,S2,PNS,Widyaiswara,Pembina Utama Muda/IVc,sistem_lama,0,Tidak Terdaftar,2026,0,0.0,0.0,0.0,,,0.0,0.0,0.0,,0.0,0.0,,0.0,0.0,0.0,0.0,,,,,,,,,,,,0.0,,,,,,,,,,0.0,,,60+
P405,Laki-laki,S2,Fungsional,PNS,IV/a,keduanya,1,Aktif,2023,1,,,,,,28.0,15.0,13.0,53.57,18.0,18.0,18.0,1.0,1.0,10.0,0.0,2.0,2.0,2.0,2.0,1.0,2.0,2.0,2.0,2.0,17.0,62.96,1.0,,,,,,,,,,,,,50-59
P405,Laki-laki,S2,Fungsional,PNS,IV/a,keduanya,1,Aktif,2024,1,,,,,,43.0,32.0,11.0,74.42,21.0,21.0,21.0,0.0,0.0,10.0,0.0,2.0,2.0,2.0,2.0,1.0,2.0,2.0,2.0,2.0,17.0,62.96,1.0,Sangat Baik,1.0,1.0,12.0,0.0,,,,,,,Tahunan,50-59
P405,Laki-laki,S2,Fungsional,PNS,IV/a,keduanya,1,Aktif,2025,1,154.0,151.0,142.0,7.67,9.1,34.0,20.0,14.0,58.82,12.0,12.0,12.0,0.0,0.0,10.0,0.0,2.0,2.0,2.0,2.0,1.0,2.0,2.0,2.0,2.0,17.0,62.96,1.0,Sangat Baik,1.0,1.0,11.0,0.0,,,,,,,Tahunan,50-59
P405,Laki-laki,S2,Fungsional,PNS,IV/a,keduanya,1,Aktif,2026,1,124.0,119.0,119.0,7.18,9.18,18.0,14.0,4.0,77.78,5.0,5.0,,0.0,0.0,10.0,0.0,2.0,2.0,2.0,2.0,1.0,2.0,2.0,2.0,2.0,17.0,62.96,1.0,Baik,0.0,,,,Baik,0.0,Baik,0.0,2.0,0.0,Triwulan (terkini),50-59
P406,Laki-laki,S1/D4,PNS,Fungsional Umum,Penata/IIIc,sistem_lama,0,Tidak Terdaftar,2023,0,,,,,,0.0,0.0,0.0,,0.0,0.0,0.0,0.0,0.0,0.0,0.0,,,,,,,,,,,,0.0,,,,,,,,,,,,,50-59
P406,Laki-laki,S1/D4,PNS,Fungsional Umum,Penata/IIIc,sistem_lama,0,Tidak Terdaftar,2024,0,,,,,,0.0,0.0,0.0,,0.0,0.0,0.0,0.0,0.0,0.0,0.0,,,,,,,,,,,,0.0,,,,,,,,,,,,,60+
P406,Laki-laki,S1/D4,PNS,Fungsional Umum,Penata/IIIc,sistem_lama,0,Tidak Terdaftar,2025,0,0.0,0.0,0.0,,,0.0,0.0,0.0,,0.0,0.0,0.0,0.0,0.0,0.0,0.0,,,,,,,,,,,,0.0,,,,,,,,,,,,,60+
P406,Laki-laki,S1/D4,PNS,Fungsional Umum,Penata/IIIc,sistem_lama,0,Tidak Terdaftar,2026,0,0.0,0.0,0.0,,,0.0,0.0,0.0,,0.0,0.0,,0.0,0.0,0.0,0.0,,,,,,,,,,,,0.0,,,,,,,,,,0.0,,,60+
P407,Perempuan,S1,Fungsional,PNS,-,keduanya,1,Aktif,2023,0,,,,,,0.0,0.0,0.0,,0.0,0.0,0.0,0.0,0.0,0.0,0.0,2.0,1.0,2.0,2.0,2.0,2.0,2.0,2.0,1.0,16.0,59.26,1.0,,,,,,,,,,,,,
P407,Perempuan,S1,Fungsional,PNS,-,keduanya,1,Aktif,2024,0,,,,,,0.0,0.0,0.0,,0.0,0.0,0.0,0.0,0.0,0.0,0.0,2.0,1.0,2.0,2.0,2.0,2.0,2.0,2.0,1.0,16.0,59.26,1.0,,,,,,,,,,,,,
P407,Perempuan,S1,Fungsional,PNS,-,keduanya,1,Aktif,2025,1,125.0,124.0,114.0,7.12,9.93,22.0,20.0,2.0,90.91,3.0,3.0,3.0,0.0,0.0,0.0,0.0,2.0,1.0,2.0,2.0,2.0,2.0,2.0,2.0,1.0,16.0,59.26,1.0,Baik,0.0,1.0,7.0,0.0,,,,,,,Tahunan,
P407,Perempuan,S1,Fungsional,PNS,-,keduanya,1,Aktif,2026,1,119.0,117.0,113.0,7.04,9.74,18.0,16.0,2.0,88.89,6.0,6.0,,1.0,0.0,1.0,0.0,2.0,1.0,2.0,2.0,2.0,2.0,2.0,2.0,1.0,16.0,59.26,1.0,Baik,0.0,,,,Baik,0.0,Baik,0.0,2.0,0.0,Triwulan (terkini),
P408,Perempuan,S2,Fungsional,PNS,III/d,keduanya,1,Aktif,2023,1,,,,,,28.0,18.0,10.0,64.29,15.0,15.0,15.0,6.0,5.0,47.0,0.0,3.0,3.0,3.0,3.0,3.0,3.0,3.0,2.0,3.0,26.0,96.3,1.0,,,,,,,,,,,,,40-49
P408,Perempuan,S2,Fungsional,PNS,III/d,keduanya,1,Aktif,2024,1,,,,,,43.0,31.0,12.0,72.09,26.0,26.0,26.0,2.0,2.0,49.0,0.0,3.0,3.0,3.0,3.0,3.0,3.0,3.0,2.0,3.0,26.0,96.3,1.0,Sangat Baik,1.0,3.0,12.0,0.0,,,,,,,Tahunan,40-49
P408,Perempuan,S2,Fungsional,PNS,III/d,keduanya,1,Aktif,2025,1,149.0,124.0,130.0,7.61,8.69,34.0,17.0,17.0,50.0,17.0,17.0,17.0,2.0,2.0,51.0,0.0,3.0,3.0,3.0,3.0,3.0,3.0,3.0,2.0,3.0,26.0,96.3,1.0,Sangat Baik,1.0,1.0,11.0,0.0,,,,,,,Tahunan,40-49
P408,Perempuan,S2,Fungsional,PNS,III/d,keduanya,1,Aktif,2026,1,110.0,107.0,107.0,7.37,8.79,18.0,9.0,9.0,50.0,4.0,4.0,,1.0,0.0,52.0,0.0,3.0,3.0,3.0,3.0,3.0,3.0,3.0,2.0,3.0,26.0,96.3,1.0,Sangat Baik,1.0,,,,Sangat Baik,1.0,Sangat Baik,1.0,2.0,1.0,Triwulan (terkini),40-49
P409,Laki-laki,SMA/SMK,Pelaksana,PNS,III/a,keduanya,1,Aktif,2023,1,,,,,,28.0,25.0,3.0,89.29,4.0,4.0,4.0,1.0,1.0,3.0,2.0,2.0,2.0,2.0,1.0,2.0,2.0,2.0,1.0,2.0,16.0,59.26,1.0,,,,,,,,,,,,,50-59
P409,Laki-laki,SMA/SMK,Pelaksana,PNS,III/a,keduanya,1,Aktif,2024,1,,,,,,43.0,40.0,3.0,93.02,6.0,6.0,6.0,0.0,0.0,3.0,2.0,2.0,2.0,2.0,1.0,2.0,2.0,2.0,1.0,2.0,16.0,59.26,1.0,Baik,0.0,2.0,12.0,0.0,,,,,,,Tahunan,50-59
P409,Laki-laki,SMA/SMK,Pelaksana,PNS,III/a,keduanya,1,Aktif,2025,1,198.0,198.0,178.0,6.94,9.35,34.0,25.0,9.0,73.53,3.0,3.0,3.0,0.0,0.0,3.0,2.0,2.0,2.0,2.0,1.0,2.0,2.0,2.0,1.0,2.0,16.0,59.26,1.0,Baik,0.0,1.0,11.0,0.0,,,,,,,Tahunan,50-59
P409,Laki-laki,SMA/SMK,Pelaksana,PNS,III/a,keduanya,1,Aktif,2026,1,130.0,130.0,128.0,7.0,9.11,18.0,13.0,5.0,72.22,2.0,2.0,,0.0,0.0,3.0,2.0,2.0,2.0,2.0,1.0,2.0,2.0,2.0,1.0,2.0,16.0,59.26,1.0,Baik,0.0,,,,Baik,0.0,Baik,0.0,2.0,0.0,Triwulan (terkini),50-59
P410,Laki-laki,S1/D4,PNS,Fungsional Umum,Penata Tk. I/IIId,sistem_lama,0,Tidak Terdaftar,2023,0,,,,,,0.0,0.0,0.0,,0.0,0.0,0.0,0.0,0.0,0.0,0.0,,,,,,,,,,,,0.0,,,,,,,,,,,,,60+
P410,Laki-laki,S1/D4,PNS,Fungsional Umum,Penata Tk. I/IIId,sistem_lama,0,Tidak Terdaftar,2024,0,,,,,,0.0,0.0,0.0,,0.0,0.0,0.0,0.0,0.0,0.0,0.0,,,,,,,,,,,,0.0,,,,,,,,,,,,,60+
P410,Laki-laki,S1/D4,PNS,Fungsional Umum,Penata Tk. I/IIId,sistem_lama,0,Tidak Terdaftar,2025,0,0.0,0.0,0.0,,,0.0,0.0,0.0,,0.0,0.0,0.0,0.0,0.0,0.0,0.0,,,,,,,,,,,,0.0,,,,,,,,,,,,,60+
P410,Laki-laki,S1/D4,PNS,Fungsional Umum,Penata Tk. I/IIId,sistem_lama,0,Tidak Terdaftar,2026,0,0.0,0.0,0.0,,,0.0,0.0,0.0,,0.0,0.0,,0.0,0.0,0.0,0.0,,,,,,,,,,,,0.0,,,,,,,,,,0.0,,,60+
P411,Perempuan,S2,PNS,Fungsional Umum,Pembina/IVa,sistem_lama,0,Tidak Terdaftar,2023,0,,,,,,0.0,0.0,0.0,,0.0,0.0,0.0,0.0,0.0,0.0,0.0,,,,,,,,,,,,0.0,,,,,,,,,,,,,50-59
P411,Perempuan,S2,PNS,Fungsional Umum,Pembina/IVa,sistem_lama,0,Tidak Terdaftar,2024,0,,,,,,0.0,0.0,0.0,,0.0,0.0,0.0,0.0,0.0,0.0,0.0,,,,,,,,,,,,0.0,,,,,,,,,,,,,60+
P411,Perempuan,S2,PNS,Fungsional Umum,Pembina/IVa,sistem_lama,0,Tidak Terdaftar,2025,0,0.0,0.0,0.0,,,0.0,0.0,0.0,,0.0,0.0,0.0,0.0,0.0,0.0,0.0,,,,,,,,,,,,0.0,,,,,,,,,,,,,60+
P411,Perempuan,S2,PNS,Fungsional Umum,Pembina/IVa,sistem_lama,0,Tidak Terdaftar,2026,0,0.0,0.0,0.0,,,0.0,0.0,0.0,,0.0,0.0,,0.0,0.0,0.0,0.0,,,,,,,,,,,,0.0,,,,,,,,,,0.0,,,60+
P412,Laki-laki,SMA/SMK,Pelaksana,PPPK,V,keduanya,1,Aktif,2023,1,,,,,,28.0,24.0,4.0,85.71,1.0,1.0,1.0,0.0,0.0,0.0,0.0,,,,,,,,,,,,0.0,,,,,,,,,,,,,<30
P412,Laki-laki,SMA/SMK,Pelaksana,PPPK,V,keduanya,1,Aktif,2024,1,,,,,,43.0,40.0,3.0,93.02,2.0,2.0,2.0,0.0,0.0,0.0,0.0,,,,,,,,,,,,0.0,,,,,,,,,,,,,<30
P412,Laki-laki,SMA/SMK,Pelaksana,PPPK,V,keduanya,1,Aktif,2025,1,58.0,57.0,54.0,7.13,9.68,34.0,33.0,1.0,97.06,2.0,2.0,2.0,0.0,0.0,0.0,0.0,,,,,,,,,,,,0.0,Baik,0.0,1.0,4.0,0.0,,,,,,,Tahunan,30-39
P412,Laki-laki,SMA/SMK,Pelaksana,PPPK,V,keduanya,1,Aktif,2026,1,142.0,140.0,139.0,7.13,9.36,18.0,16.0,2.0,88.89,1.0,1.0,,0.0,0.0,0.0,0.0,,,,,,,,,,,,0.0,Butuh Perbaikan,0.0,,,,Baik,0.0,Butuh Perbaikan,0.0,2.0,0.0,Triwulan (terkini),30-39
P413,Laki-laki,SMA/SMK,Pelaksana,PNS,III/a,keduanya,1,Aktif,2023,1,,,,,,28.0,25.0,3.0,89.29,6.0,6.0,6.0,2.0,2.0,6.0,0.0,2.0,2.0,2.0,2.0,2.0,2.0,2.0,1.0,2.0,17.0,62.96,1.0,,,,,,,,,,,,,40-49
P413,Laki-laki,SMA/SMK,Pelaksana,PNS,III/a,keduanya,1,Aktif,2024,1,,,,,,43.0,35.0,8.0,81.4,7.0,7.0,7.0,1.0,1.0,7.0,0.0,2.0,2.0,2.0,2.0,2.0,2.0,2.0,1.0,2.0,17.0,62.96,1.0,Baik,0.0,1.0,12.0,0.0,,,,,,,Tahunan,50-59
P413,Laki-laki,SMA/SMK,Pelaksana,PNS,III/a,keduanya,1,Aktif,2025,1,180.0,179.0,168.0,6.85,9.49,34.0,28.0,6.0,82.35,1.0,1.0,1.0,2.0,2.0,9.0,0.0,2.0,2.0,2.0,2.0,2.0,2.0,2.0,1.0,2.0,17.0,62.96,1.0,Baik,0.0,1.0,11.0,0.0,,,,,,,Tahunan,50-59
P413,Laki-laki,SMA/SMK,Pelaksana,PNS,III/a,keduanya,1,Aktif,2026,1,140.0,140.0,138.0,6.68,9.74,18.0,18.0,0.0,100.0,1.0,1.0,,0.0,0.0,9.0,0.0,2.0,2.0,2.0,2.0,2.0,2.0,2.0,1.0,2.0,17.0,62.96,1.0,Baik,0.0,,,,Baik,0.0,Baik,0.0,2.0,0.0,Triwulan (terkini),50-59
P414,Perempuan,SMA/SMK,Pelaksana,PPPK,V,keduanya,1,Aktif,2023,1,,,,,,28.0,12.0,16.0,42.86,3.0,3.0,3.0,0.0,0.0,0.0,0.0,,,,,,,,,,,,0.0,,,,,,,,,,,,,30-39
P414,Perempuan,SMA/SMK,Pelaksana,PPPK,V,keduanya,1,Aktif,2024,1,,,,,,43.0,20.0,23.0,46.51,6.0,6.0,6.0,0.0,0.0,0.0,0.0,,,,,,,,,,,,0.0,,,,,,,,,,,,,40-49
P414,Perempuan,SMA/SMK,Pelaksana,PPPK,V,keduanya,1,Aktif,2025,1,46.0,45.0,43.0,7.63,8.77,34.0,24.0,10.0,70.59,3.0,3.0,3.0,0.0,0.0,0.0,0.0,,,,,,,,,,,,0.0,Baik,0.0,1.0,4.0,0.0,,,,,,,Tahunan,40-49
P414,Perempuan,SMA/SMK,Pelaksana,PPPK,V,keduanya,1,Aktif,2026,1,122.0,119.0,117.0,7.33,8.73,18.0,10.0,8.0,55.56,2.0,2.0,,0.0,0.0,0.0,0.0,,,,,,,,,,,,0.0,Baik,0.0,,,,Baik,0.0,Baik,0.0,2.0,0.0,Triwulan (terkini),40-49
P415,Laki-laki,SMA/Sederajat,PNS,Fungsional Umum,Penata Muda Tk. I/IIIb,sistem_lama,0,Tidak Terdaftar,2023,0,,,,,,0.0,0.0,0.0,,0.0,0.0,0.0,0.0,0.0,0.0,0.0,,,,,,,,,,,,0.0,,,,,,,,,,,,,50-59
P415,Laki-laki,SMA/Sederajat,PNS,Fungsional Umum,Penata Muda Tk. I/IIIb,sistem_lama,0,Tidak Terdaftar,2024,0,,,,,,0.0,0.0,0.0,,0.0,0.0,0.0,0.0,0.0,0.0,0.0,,,,,,,,,,,,0.0,,,,,,,,,,,,,50-59
P415,Laki-laki,SMA/Sederajat,PNS,Fungsional Umum,Penata Muda Tk. I/IIIb,sistem_lama,0,Tidak Terdaftar,2025,0,0.0,0.0,0.0,,,0.0,0.0,0.0,,0.0,0.0,0.0,0.0,0.0,0.0,0.0,,,,,,,,,,,,0.0,,,,,,,,,,,,,50-59
P415,Laki-laki,SMA/Sederajat,PNS,Fungsional Umum,Penata Muda Tk. I/IIIb,sistem_lama,0,Tidak Terdaftar,2026,0,0.0,0.0,0.0,,,0.0,0.0,0.0,,0.0,0.0,,0.0,0.0,0.0,0.0,,,,,,,,,,,,0.0,,,,,,,,,,0.0,,,50-59
P416,Perempuan,S1/D4,PNS,Pelaksana,Penata Tk. I/IIId,sistem_lama,0,Tidak Terdaftar,2023,1,,,,,,28.0,21.0,7.0,75.0,13.0,13.0,13.0,0.0,0.0,0.0,0.0,,,,,,,,,,,,0.0,,,,,,,,,,,,,50-59
P416,Perempuan,S1/D4,PNS,Pelaksana,Penata Tk. I/IIId,sistem_lama,0,Tidak Terdaftar,2024,1,,,,,,43.0,40.0,3.0,93.02,14.0,14.0,14.0,0.0,0.0,0.0,0.0,,,,,,,,,,,,0.0,Sangat Baik,1.0,1.0,12.0,0.0,,,,,,,Tahunan,50-59
P416,Perempuan,S1/D4,PNS,Pelaksana,Penata Tk. I/IIId,sistem_lama,0,Tidak Terdaftar,2025,1,38.0,38.0,37.0,7.16,8.91,7.0,7.0,0.0,100.0,0.0,0.0,0.0,0.0,0.0,0.0,0.0,,,,,,,,,,,,0.0,Baik,0.0,1.0,2.0,0.0,,,,,,,Tahunan,50-59
P416,Perempuan,S1/D4,PNS,Pelaksana,Penata Tk. I/IIId,sistem_lama,0,Tidak Terdaftar,2026,0,0.0,0.0,0.0,,,0.0,0.0,0.0,,0.0,0.0,,0.0,0.0,0.0,0.0,,,,,,,,,,,,0.0,,,,,,,,,,0.0,,,50-59
P417,Perempuan,D3,Fungsional,PPPK,VII,keduanya,1,Aktif,2023,1,,,,,,28.0,17.0,11.0,60.71,5.0,5.0,5.0,0.0,0.0,0.0,0.0,2.0,2.0,2.0,1.0,2.0,1.0,1.0,1.0,1.0,13.0,48.15,1.0,,,,,,,,,,,,,30-39
P417,Perempuan,D3,Fungsional,PPPK,VII,keduanya,1,Aktif,2024,1,,,,,,43.0,36.0,7.0,83.72,16.0,16.0,16.0,5.0,5.0,5.0,0.0,2.0,2.0,2.0,1.0,2.0,1.0,1.0,1.0,1.0,13.0,48.15,1.0,Baik,0.0,1.0,4.0,0.0,,,,,,,Tahunan,30-39
P417,Perempuan,D3,Fungsional,PPPK,VII,keduanya,1,Aktif,2025,1,187.0,184.0,176.0,7.54,9.28,34.0,31.0,3.0,91.18,6.0,6.0,6.0,2.0,2.0,7.0,0.0,2.0,2.0,2.0,1.0,2.0,1.0,1.0,1.0,1.0,13.0,48.15,1.0,Baik,0.0,1.0,11.0,0.0,,,,,,,Tahunan,30-39
P417,Perempuan,D3,Fungsional,PPPK,VII,keduanya,1,Aktif,2026,1,124.0,120.0,115.0,7.44,9.77,18.0,17.0,1.0,94.44,7.0,7.0,,0.0,0.0,7.0,0.0,2.0,2.0,2.0,1.0,2.0,1.0,1.0,1.0,1.0,13.0,48.15,1.0,Sangat Baik,1.0,,,,Sangat Baik,1.0,Sangat Baik,1.0,2.0,1.0,Triwulan (terkini),30-39
P418,Perempuan,SMA/SMK,Pelaksana,PPPK PW,,sistem_baru,1,Aktif,2023,1,,,,,,28.0,24.0,4.0,85.71,0.0,0.0,0.0,0.0,0.0,0.0,0.0,,,,,,,,,,,,0.0,,,,,,,,,,,,,40-49
P418,Perempuan,SMA/SMK,Pelaksana,PPPK PW,,sistem_baru,1,Aktif,2024,1,,,,,,43.0,41.0,2.0,95.35,0.0,0.0,0.0,0.0,0.0,0.0,0.0,,,,,,,,,,,,0.0,,,,,,,,,,,,,40-49
P418,Perempuan,SMA/SMK,Pelaksana,PPPK PW,,sistem_baru,1,Aktif,2025,1,0.0,0.0,0.0,,,34.0,34.0,0.0,100.0,0.0,0.0,0.0,0.0,0.0,0.0,0.0,,,,,,,,,,,,0.0,Baik,0.0,1.0,3.0,0.0,,,,,,,Tahunan,40-49
P418,Perempuan,SMA/SMK,Pelaksana,PPPK PW,,sistem_baru,1,Aktif,2026,1,130.0,129.0,125.0,6.66,9.46,18.0,18.0,0.0,100.0,2.0,2.0,,0.0,0.0,0.0,0.0,,,,,,,,,,,,0.0,Baik,0.0,,,,Baik,0.0,Baik,0.0,2.0,0.0,Triwulan (terkini),40-49
P419,Laki-laki,S2,PNS,Fungsional,Pembina Utama Muda/IVc,sistem_lama,0,Tidak Terdaftar,2023,1,,,,,,28.0,21.0,7.0,75.0,26.0,26.0,26.0,0.0,0.0,0.0,0.0,,,,,,,,,,,,0.0,,,,,,,,,,,,,50-59
P419,Laki-laki,S2,PNS,Fungsional,Pembina Utama Muda/IVc,sistem_lama,0,Tidak Terdaftar,2024,1,,,,,,24.0,15.0,9.0,62.5,8.0,8.0,8.0,0.0,0.0,0.0,0.0,,,,,,,,,,,,0.0,,,,,,,,,,,,,50-59
P419,Laki-laki,S2,PNS,Fungsional,Pembina Utama Muda/IVc,sistem_lama,0,Tidak Terdaftar,2025,0,0.0,0.0,0.0,,,0.0,0.0,0.0,,0.0,0.0,0.0,0.0,0.0,0.0,0.0,,,,,,,,,,,,0.0,,,,,,,,,,,,,60+
P419,Laki-laki,S2,PNS,Fungsional,Pembina Utama Muda/IVc,sistem_lama,0,Tidak Terdaftar,2026,0,0.0,0.0,0.0,,,0.0,0.0,0.0,,0.0,0.0,,0.0,0.0,0.0,0.0,,,,,,,,,,,,0.0,,,,,,,,,,0.0,,,60+
P420,Perempuan,S2,PNS,Fungsional,Pembina Tk. I/IVb,sistem_lama,0,Tidak Terdaftar,2023,1,,,,,,26.0,22.0,4.0,84.62,12.0,12.0,12.0,0.0,0.0,0.0,0.0,,,,,,,,,,,,0.0,,,,,,,,,,,,,50-59
P420,Perempuan,S2,PNS,Fungsional,Pembina Tk. I/IVb,sistem_lama,0,Tidak Terdaftar,2024,0,,,,,,0.0,0.0,0.0,,0.0,0.0,0.0,0.0,0.0,0.0,0.0,,,,,,,,,,,,0.0,,,,,,,,,,,,,60+
P420,Perempuan,S2,PNS,Fungsional,Pembina Tk. I/IVb,sistem_lama,0,Tidak Terdaftar,2025,0,0.0,0.0,0.0,,,0.0,0.0,0.0,,0.0,0.0,0.0,0.0,0.0,0.0,0.0,,,,,,,,,,,,0.0,,,,,,,,,,,,,60+
P420,Perempuan,S2,PNS,Fungsional,Pembina Tk. I/IVb,sistem_lama,0,Tidak Terdaftar,2026,0,0.0,0.0,0.0,,,0.0,0.0,0.0,,0.0,0.0,,0.0,0.0,0.0,0.0,,,,,,,,,,,,0.0,,,,,,,,,,0.0,,,60+
P421,Laki-laki,SMA/Sederajat,PPNPN,PPNPN,-,sistem_lama,0,Tidak Terdaftar,2023,1,,,,,,28.0,24.0,4.0,85.71,1.0,1.0,1.0,0.0,0.0,0.0,0.0,,,,,,,,,,,,0.0,,,,,,,,,,,,,40-49
P421,Laki-laki,SMA/Sederajat,PPNPN,PPNPN,-,sistem_lama,0,Tidak Terdaftar,2024,1,,,,,,43.0,41.0,2.0,95.35,2.0,2.0,2.0,0.0,0.0,0.0,0.0,,,,,,,,,,,,0.0,,,,,,,,,,,,,40-49
P421,Laki-laki,SMA/Sederajat,PPNPN,PPNPN,-,sistem_lama,0,Tidak Terdaftar,2025,1,0.0,0.0,0.0,,,34.0,31.0,3.0,91.18,0.0,0.0,0.0,0.0,0.0,0.0,0.0,,,,,,,,,,,,0.0,,,,,,,,,,,,,40-49
P421,Laki-laki,SMA/Sederajat,PPNPN,PPNPN,-,sistem_lama,0,Tidak Terdaftar,2026,0,0.0,0.0,0.0,,,0.0,0.0,0.0,,0.0,0.0,,0.0,0.0,0.0,0.0,,,,,,,,,,,,0.0,,,,,,,,,,0.0,,,40-49
P422,Laki-laki,S1/D4,PNS,Pelaksana,Penata Tk. I/IIId,sistem_lama,0,Tidak Terdaftar,2023,0,,,,,,0.0,0.0,0.0,,0.0,0.0,0.0,0.0,0.0,0.0,0.0,,,,,,,,,,,,0.0,,,,,,,,,,,,,50-59
P422,Laki-laki,S1/D4,PNS,Pelaksana,Penata Tk. I/IIId,sistem_lama,0,Tidak Terdaftar,2024,0,,,,,,0.0,0.0,0.0,,0.0,0.0,0.0,0.0,0.0,0.0,0.0,,,,,,,,,,,,0.0,,,,,,,,,,,,,50-59
P422,Laki-laki,S1/D4,PNS,Pelaksana,Penata Tk. I/IIId,sistem_lama,0,Tidak Terdaftar,2025,0,0.0,0.0,0.0,,,0.0,0.0,0.0,,0.0,0.0,0.0,0.0,0.0,0.0,0.0,,,,,,,,,,,,0.0,,,,,,,,,,,,,50-59
P422,Laki-laki,S1/D4,PNS,Pelaksana,Penata Tk. I/IIId,sistem_lama,0,Tidak Terdaftar,2026,0,0.0,0.0,0.0,,,0.0,0.0,0.0,,0.0,0.0,,0.0,0.0,0.0,0.0,,,,,,,,,,,,0.0,,,,,,,,,,0.0,,,60+
P423,Laki-laki,S2,PNS,Fungsional,Penata Tk. I/IIId,sistem_lama,0,Tidak Terdaftar,2023,1,,,,,,26.0,20.0,6.0,76.92,6.0,6.0,6.0,0.0,0.0,0.0,0.0,,,,,,,,,,,,0.0,,,,,,,,,,,,,50-59
P423,Laki-laki,S2,PNS,Fungsional,Penata Tk. I/IIId,sistem_lama,0,Tidak Terdaftar,2024,0,,,,,,0.0,0.0,0.0,,0.0,0.0,0.0,0.0,0.0,0.0,0.0,,,,,,,,,,,,0.0,,,,,,,,,,,,,60+
P423,Laki-laki,S2,PNS,Fungsional,Penata Tk. I/IIId,sistem_lama,0,Tidak Terdaftar,2025,0,0.0,0.0,0.0,,,0.0,0.0,0.0,,0.0,0.0,0.0,0.0,0.0,0.0,0.0,,,,,,,,,,,,0.0,,,,,,,,,,,,,60+
P423,Laki-laki,S2,PNS,Fungsional,Penata Tk. I/IIId,sistem_lama,0,Tidak Terdaftar,2026,0,0.0,0.0,0.0,,,0.0,0.0,0.0,,0.0,0.0,,0.0,0.0,0.0,0.0,,,,,,,,,,,,0.0,,,,,,,,,,0.0,,,60+
P424,Laki-laki,S2,Fungsional,PNS,IV/c,keduanya,1,Aktif,2023,1,,,,,,28.0,21.0,7.0,75.0,28.0,28.0,28.0,1.0,1.0,37.0,0.0,2.0,2.0,1.0,2.0,1.0,2.0,2.0,2.0,2.0,16.0,59.26,1.0,,,,,,,,,,,,,50-59
P424,Laki-laki,S2,Fungsional,PNS,IV/c,keduanya,1,Aktif,2024,1,,,,,,43.0,37.0,6.0,86.05,27.0,27.0,26.0,3.0,2.0,40.0,0.0,2.0,2.0,1.0,2.0,1.0,2.0,2.0,2.0,2.0,16.0,59.26,1.0,Sangat Baik,1.0,1.0,12.0,0.0,,,,,,,Tahunan,50-59
P424,Laki-laki,S2,Fungsional,PNS,IV/c,keduanya,1,Aktif,2025,1,170.0,169.0,157.0,7.34,9.12,34.0,28.0,6.0,82.35,14.0,14.0,14.0,4.0,4.0,44.0,0.0,2.0,2.0,1.0,2.0,1.0,2.0,2.0,2.0,2.0,16.0,59.26,1.0,Sangat Baik,1.0,1.0,11.0,0.0,,,,,,,Tahunan,50-59
P424,Laki-laki,S2,Fungsional,PNS,IV/c,keduanya,1,Aktif,2026,1,123.0,123.0,118.0,7.37,9.09,18.0,16.0,2.0,88.89,7.0,7.0,,0.0,0.0,44.0,0.0,2.0,2.0,1.0,2.0,1.0,2.0,2.0,2.0,2.0,16.0,59.26,1.0,Sangat Baik,1.0,,,,Sangat Baik,1.0,Sangat Baik,1.0,2.0,1.0,Triwulan (terkini),50-59
P425,Laki-laki,S2,Fungsional,PNS,IV/a,keduanya,1,Aktif,2023,1,,,,,,28.0,20.0,8.0,71.43,16.0,16.0,16.0,4.0,4.0,23.0,0.0,3.0,3.0,3.0,3.0,3.0,3.0,2.0,3.0,2.0,25.0,92.59,1.0,,,,,,,,,,,,,50-59
P425,Laki-laki,S2,Fungsional,PNS,IV/a,keduanya,1,Aktif,2024,1,,,,,,43.0,30.0,13.0,69.77,18.0,18.0,18.0,1.0,0.0,24.0,0.0,3.0,3.0,3.0,3.0,3.0,3.0,2.0,3.0,2.0,25.0,92.59,1.0,Sangat Baik,1.0,1.0,9.0,0.0,,,,,,,Tahunan,50-59
P425,Laki-laki,S2,Fungsional,PNS,IV/a,keduanya,1,Aktif,2025,1,187.0,187.0,171.0,7.53,8.95,34.0,14.0,20.0,41.18,6.0,6.0,6.0,0.0,0.0,24.0,0.0,3.0,3.0,3.0,3.0,3.0,3.0,2.0,3.0,2.0,25.0,92.59,1.0,Sangat Baik,1.0,1.0,11.0,0.0,,,,,,,Tahunan,50-59
P425,Laki-laki,S2,Fungsional,PNS,IV/a,keduanya,1,Aktif,2026,1,118.0,118.0,115.0,7.33,9.05,18.0,13.0,5.0,72.22,6.0,6.0,,0.0,0.0,24.0,0.0,3.0,3.0,3.0,3.0,3.0,3.0,2.0,3.0,2.0,25.0,92.59,1.0,Sangat Baik,1.0,,,,Baik,0.0,Sangat Baik,1.0,2.0,0.0,Triwulan (terkini),50-59
P426,Laki-laki,S2,PNS,Fungsional,Pembina/IVa,sistem_lama,0,Tidak Terdaftar,2023,1,,,,,,28.0,14.0,14.0,50.0,15.0,15.0,15.0,0.0,0.0,0.0,0.0,,,,,,,,,,,,0.0,,,,,,,,,,,,,50-59
P426,Laki-laki,S2,PNS,Fungsional,Pembina/IVa,sistem_lama,0,Tidak Terdaftar,2024,1,,,,,,43.0,31.0,12.0,72.09,19.0,19.0,19.0,0.0,0.0,0.0,0.0,,,,,,,,,,,,0.0,Sangat Baik,1.0,1.0,12.0,0.0,,,,,,,Tahunan,50-59
P426,Laki-laki,S2,PNS,Fungsional,Pembina/IVa,sistem_lama,0,Tidak Terdaftar,2025,1,18.0,18.0,11.0,7.88,8.25,7.0,3.0,4.0,42.86,1.0,1.0,1.0,0.0,0.0,0.0,0.0,,,,,,,,,,,,0.0,Sangat Baik,1.0,1.0,1.0,0.0,,,,,,,Tahunan,50-59
P426,Laki-laki,S2,PNS,Fungsional,Pembina/IVa,sistem_lama,0,Tidak Terdaftar,2026,0,0.0,0.0,0.0,,,0.0,0.0,0.0,,0.0,0.0,,0.0,0.0,0.0,0.0,,,,,,,,,,,,0.0,,,,,,,,,,0.0,,,60+
P427,Perempuan,S1,Fungsional,PNS,-,keduanya,1,Aktif,2023,0,,,,,,0.0,0.0,0.0,,0.0,0.0,0.0,0.0,0.0,0.0,0.0,1.0,1.0,1.0,2.0,1.0,1.0,1.0,2.0,1.0,11.0,40.74,1.0,,,,,,,,,,,,,<30
P427,Perempuan,S1,Fungsional,PNS,-,keduanya,1,Aktif,2024,0,,,,,,0.0,0.0,0.0,,0.0,0.0,0.0,0.0,0.0,0.0,0.0,1.0,1.0,1.0,2.0,1.0,1.0,1.0,2.0,1.0,11.0,40.74,1.0,,,,,,,,,,,,,<30
P427,Perempuan,S1,Fungsional,PNS,-,keduanya,1,Aktif,2025,1,121.0,121.0,106.0,7.22,9.28,22.0,20.0,2.0,90.91,4.0,4.0,4.0,2.0,2.0,2.0,0.0,1.0,1.0,1.0,2.0,1.0,1.0,1.0,2.0,1.0,11.0,40.74,1.0,Baik,0.0,1.0,7.0,0.0,,,,,,,Tahunan,30-39
P427,Perempuan,S1,Fungsional,PNS,-,keduanya,1,Aktif,2026,1,114.0,113.0,110.0,7.43,8.91,18.0,16.0,2.0,88.89,12.0,12.0,,0.0,0.0,2.0,0.0,1.0,1.0,1.0,2.0,1.0,1.0,1.0,2.0,1.0,11.0,40.74,1.0,Sangat Baik,1.0,,,,Sangat Baik,1.0,Sangat Baik,1.0,2.0,1.0,Triwulan (terkini),30-39
P428,Laki-laki,S2,PNS,Fungsional Umum,Penata Tk. I/IIId,sistem_lama,0,Tidak Terdaftar,2023,0,,,,,,0.0,0.0,0.0,,0.0,0.0,0.0,0.0,0.0,0.0,0.0,,,,,,,,,,,,0.0,,,,,,,,,,,,,50-59
P428,Laki-laki,S2,PNS,Fungsional Umum,Penata Tk. I/IIId,sistem_lama,0,Tidak Terdaftar,2024,0,,,,,,0.0,0.0,0.0,,0.0,0.0,0.0,0.0,0.0,0.0,0.0,,,,,,,,,,,,0.0,,,,,,,,,,,,,50-59
P428,Laki-laki,S2,PNS,Fungsional Umum,Penata Tk. I/IIId,sistem_lama,0,Tidak Terdaftar,2025,0,0.0,0.0,0.0,,,0.0,0.0,0.0,,0.0,0.0,0.0,0.0,0.0,0.0,0.0,,,,,,,,,,,,0.0,,,,,,,,,,,,,60+
P428,Laki-laki,S2,PNS,Fungsional Umum,Penata Tk. I/IIId,sistem_lama,0,Tidak Terdaftar,2026,0,0.0,0.0,0.0,,,0.0,0.0,0.0,,0.0,0.0,,0.0,0.0,0.0,0.0,,,,,,,,,,,,0.0,,,,,,,,,,0.0,,,60+
P429,Laki-laki,S1,Pelaksana,PNS,III/d,keduanya,1,Aktif,2023,1,,,,,,28.0,25.0,3.0,89.29,7.0,7.0,7.0,1.0,1.0,2.0,0.0,2.0,1.0,1.0,1.0,1.0,1.0,1.0,2.0,2.0,12.0,44.44,1.0,,,,,,,,,,,,,50-59
P429,Laki-laki,S1,Pelaksana,PNS,III/d,keduanya,1,Aktif,2024,1,,,,,,43.0,24.0,19.0,55.81,13.0,13.0,13.0,2.0,2.0,4.0,0.0,2.0,1.0,1.0,1.0,1.0,1.0,1.0,2.0,2.0,12.0,44.44,1.0,Baik,0.0,1.0,12.0,0.0,,,,,,,Tahunan,50-59
P429,Laki-laki,S1,Pelaksana,PNS,III/d,keduanya,1,Aktif,2025,1,185.0,178.0,165.0,7.78,8.95,34.0,14.0,20.0,41.18,8.0,8.0,8.0,0.0,0.0,4.0,0.0,2.0,1.0,1.0,1.0,1.0,1.0,1.0,2.0,2.0,12.0,44.44,1.0,Baik,0.0,1.0,11.0,0.0,,,,,,,Tahunan,50-59
P429,Laki-laki,S1,Pelaksana,PNS,III/d,keduanya,1,Aktif,2026,1,126.0,124.0,119.0,7.55,9.54,18.0,8.0,10.0,44.44,6.0,6.0,,0.0,0.0,4.0,0.0,2.0,1.0,1.0,1.0,1.0,1.0,1.0,2.0,2.0,12.0,44.44,1.0,Sangat Baik,1.0,,,,Sangat Baik,1.0,Sangat Baik,1.0,2.0,1.0,Triwulan (terkini),50-59
P430,Perempuan,S1,Fungsional,PNS,III/d,keduanya,1,Aktif,2023,1,,,,,,28.0,24.0,4.0,85.71,12.0,12.0,12.0,5.0,5.0,26.0,0.0,1.0,2.0,1.0,1.0,2.0,2.0,1.0,2.0,2.0,14.0,51.85,1.0,,,,,,,,,,,,,40-49
P430,Perempuan,S1,Fungsional,PNS,III/d,keduanya,1,Aktif,2024,1,,,,,,43.0,38.0,5.0,88.37,13.0,13.0,13.0,0.0,0.0,26.0,0.0,1.0,2.0,1.0,1.0,2.0,2.0,1.0,2.0,2.0,14.0,51.85,1.0,Sangat Baik,1.0,1.0,12.0,0.0,,,,,,,Tahunan,40-49
P430,Perempuan,S1,Fungsional,PNS,III/d,keduanya,1,Aktif,2025,1,182.0,180.0,165.0,7.21,8.94,34.0,25.0,9.0,73.53,8.0,8.0,8.0,2.0,2.0,28.0,0.0,1.0,2.0,1.0,1.0,2.0,2.0,1.0,2.0,2.0,14.0,51.85,1.0,Sangat Baik,1.0,1.0,11.0,0.0,,,,,,,Tahunan,40-49
P430,Perempuan,S1,Fungsional,PNS,III/d,keduanya,1,Aktif,2026,1,123.0,119.0,119.0,6.98,9.12,18.0,16.0,2.0,88.89,2.0,2.0,,0.0,0.0,28.0,0.0,1.0,2.0,1.0,1.0,2.0,2.0,1.0,2.0,2.0,14.0,51.85,1.0,Sangat Baik,1.0,,,,Sangat Baik,1.0,Sangat Baik,1.0,2.0,1.0,Triwulan (terkini),40-49
P431,Laki-laki,S1/D4,PNS,Fungsional Umum,Penata Tk. I/IIId,sistem_lama,0,Tidak Terdaftar,2023,0,,,,,,0.0,0.0,0.0,,0.0,0.0,0.0,0.0,0.0,0.0,0.0,,,,,,,,,,,,0.0,,,,,,,,,,,,,50-59
P431,Laki-laki,S1/D4,PNS,Fungsional Umum,Penata Tk. I/IIId,sistem_lama,0,Tidak Terdaftar,2024,0,,,,,,0.0,0.0,0.0,,0.0,0.0,0.0,0.0,0.0,0.0,0.0,,,,,,,,,,,,0.0,,,,,,,,,,,,,60+
P431,Laki-laki,S1/D4,PNS,Fungsional Umum,Penata Tk. I/IIId,sistem_lama,0,Tidak Terdaftar,2025,0,0.0,0.0,0.0,,,0.0,0.0,0.0,,0.0,0.0,0.0,0.0,0.0,0.0,0.0,,,,,,,,,,,,0.0,,,,,,,,,,,,,60+
P431,Laki-laki,S1/D4,PNS,Fungsional Umum,Penata Tk. I/IIId,sistem_lama,0,Tidak Terdaftar,2026,0,0.0,0.0,0.0,,,0.0,0.0,0.0,,0.0,0.0,,0.0,0.0,0.0,0.0,,,,,,,,,,,,0.0,,,,,,,,,,0.0,,,60+
P432,Laki-laki,SMA/SMK,Pelaksana,PNS,III/b,keduanya,1,Aktif,2023,1,,,,,,28.0,25.0,3.0,89.29,5.0,5.0,5.0,1.0,1.0,1.0,1.0,2.0,1.0,1.0,1.0,1.0,1.0,1.0,1.0,2.0,11.0,40.74,1.0,,,,,,,,,,,,,50-59
P432,Laki-laki,SMA/SMK,Pelaksana,PNS,III/b,keduanya,1,Aktif,2024,1,,,,,,43.0,40.0,3.0,93.02,3.0,3.0,3.0,1.0,1.0,2.0,1.0,2.0,1.0,1.0,1.0,1.0,1.0,1.0,1.0,2.0,11.0,40.74,1.0,Baik,0.0,1.0,12.0,0.0,,,,,,,Tahunan,50-59
P432,Laki-laki,SMA/SMK,Pelaksana,PNS,III/b,keduanya,1,Aktif,2025,1,215.0,210.0,201.0,7.78,8.93,34.0,27.0,7.0,79.41,1.0,1.0,1.0,0.0,0.0,2.0,1.0,2.0,1.0,1.0,1.0,1.0,1.0,1.0,1.0,2.0,11.0,40.74,1.0,Baik,0.0,1.0,11.0,0.0,,,,,,,Tahunan,50-59
P432,Laki-laki,SMA/SMK,Pelaksana,PNS,III/b,keduanya,1,Aktif,2026,1,141.0,141.0,138.0,7.54,9.16,18.0,16.0,2.0,88.89,2.0,2.0,,0.0,0.0,2.0,1.0,2.0,1.0,1.0,1.0,1.0,1.0,1.0,1.0,2.0,11.0,40.74,1.0,Baik,0.0,,,,Baik,0.0,Baik,0.0,2.0,0.0,Triwulan (terkini),50-59
P433,Perempuan,SMA/Sederajat,PPNPN,PPNPN,-,sistem_lama,0,Tidak Terdaftar,2023,1,,,,,,28.0,27.0,1.0,96.43,1.0,1.0,1.0,0.0,0.0,0.0,0.0,,,,,,,,,,,,0.0,,,,,,,,,,,,,30-39
P433,Perempuan,SMA/Sederajat,PPNPN,PPNPN,-,sistem_lama,0,Tidak Terdaftar,2024,1,,,,,,43.0,41.0,2.0,95.35,2.0,2.0,2.0,0.0,0.0,0.0,0.0,,,,,,,,,,,,0.0,,,,,,,,,,,,,30-39
P433,Perempuan,SMA/Sederajat,PPNPN,PPNPN,-,sistem_lama,0,Tidak Terdaftar,2025,1,0.0,0.0,0.0,,,34.0,34.0,0.0,100.0,0.0,0.0,0.0,0.0,0.0,0.0,0.0,,,,,,,,,,,,0.0,,,,,,,,,,,,,30-39
P433,Perempuan,SMA/Sederajat,PPNPN,PPNPN,-,sistem_lama,0,Tidak Terdaftar,2026,0,0.0,0.0,0.0,,,0.0,0.0,0.0,,0.0,0.0,,0.0,0.0,0.0,0.0,,,,,,,,,,,,0.0,,,,,,,,,,0.0,,,30-39
P434,Laki-laki,SMA/Sederajat,PNS,Pelaksana,Penata Muda Tk. I/IIIb,sistem_lama,0,Tidak Terdaftar,2023,1,,,,,,28.0,19.0,9.0,67.86,5.0,5.0,5.0,0.0,0.0,0.0,0.0,,,,,,,,,,,,0.0,,,,,,,,,,,,,50-59
P434,Laki-laki,SMA/Sederajat,PNS,Pelaksana,Penata Muda Tk. I/IIIb,sistem_lama,0,Tidak Terdaftar,2024,1,,,,,,43.0,33.0,10.0,76.74,5.0,5.0,5.0,0.0,0.0,0.0,0.0,,,,,,,,,,,,0.0,,,,,,,,,,,,,50-59
P434,Laki-laki,SMA/Sederajat,PNS,Pelaksana,Penata Muda Tk. I/IIIb,sistem_lama,0,Tidak Terdaftar,2025,0,0.0,0.0,0.0,,,0.0,0.0,0.0,,0.0,0.0,0.0,0.0,0.0,0.0,0.0,,,,,,,,,,,,0.0,,,,,,,,,,,,,50-59
P434,Laki-laki,SMA/Sederajat,PNS,Pelaksana,Penata Muda Tk. I/IIIb,sistem_lama,0,Tidak Terdaftar,2026,0,0.0,0.0,0.0,,,0.0,0.0,0.0,,0.0,0.0,,0.0,0.0,0.0,0.0,,,,,,,,,,,,0.0,,,,,,,,,,0.0,,,50-59
P435,Perempuan,S1,Pelaksana,PNS,-,keduanya,1,Aktif,2023,0,,,,,,0.0,0.0,0.0,,0.0,0.0,0.0,0.0,0.0,0.0,0.0,1.0,1.0,1.0,2.0,1.0,2.0,2.0,1.0,2.0,13.0,48.15,1.0,,,,,,,,,,,,,<30
P435,Perempuan,S1,Pelaksana,PNS,-,keduanya,1,Aktif,2024,0,,,,,,0.0,0.0,0.0,,0.0,0.0,0.0,0.0,0.0,0.0,0.0,1.0,1.0,1.0,2.0,1.0,2.0,2.0,1.0,2.0,13.0,48.15,1.0,,,,,,,,,,,,,<30
P435,Perempuan,S1,Pelaksana,PNS,-,keduanya,1,Aktif,2025,1,121.0,120.0,112.0,7.23,9.13,22.0,20.0,2.0,90.91,4.0,4.0,4.0,0.0,0.0,0.0,0.0,1.0,1.0,1.0,2.0,1.0,2.0,2.0,1.0,2.0,13.0,48.15,1.0,Baik,0.0,1.0,7.0,0.0,,,,,,,Tahunan,<30
P435,Perempuan,S1,Pelaksana,PNS,-,keduanya,1,Aktif,2026,1,116.0,115.0,114.0,7.06,9.25,18.0,16.0,2.0,88.89,8.0,8.0,,0.0,0.0,0.0,0.0,1.0,1.0,1.0,2.0,1.0,2.0,2.0,1.0,2.0,13.0,48.15,1.0,Baik,0.0,,,,Baik,0.0,Baik,0.0,2.0,0.0,Triwulan (terkini),<30
P436,Laki-laki,S1/D4,PNS,Fungsional Umum,Penata Tk. I/IIId,sistem_lama,0,Tidak Terdaftar,2023,0,,,,,,0.0,0.0,0.0,,0.0,0.0,0.0,0.0,0.0,0.0,0.0,,,,,,,,,,,,0.0,,,,,,,,,,,,,50-59
P436,Laki-laki,S1/D4,PNS,Fungsional Umum,Penata Tk. I/IIId,sistem_lama,0,Tidak Terdaftar,2024,0,,,,,,0.0,0.0,0.0,,0.0,0.0,0.0,0.0,0.0,0.0,0.0,,,,,,,,,,,,0.0,,,,,,,,,,,,,60+
P436,Laki-laki,S1/D4,PNS,Fungsional Umum,Penata Tk. I/IIId,sistem_lama,0,Tidak Terdaftar,2025,0,0.0,0.0,0.0,,,0.0,0.0,0.0,,0.0,0.0,0.0,0.0,0.0,0.0,0.0,,,,,,,,,,,,0.0,,,,,,,,,,,,,60+
P436,Laki-laki,S1/D4,PNS,Fungsional Umum,Penata Tk. I/IIId,sistem_lama,0,Tidak Terdaftar,2026,0,0.0,0.0,0.0,,,0.0,0.0,0.0,,0.0,0.0,,0.0,0.0,0.0,0.0,,,,,,,,,,,,0.0,,,,,,,,,,0.0,,,60+
P437,Perempuan,S1/D4,PNS,Pelaksana,Penata Tk. I/IIId,sistem_lama,0,Tidak Terdaftar,2023,1,,,,,,28.0,27.0,1.0,96.43,7.0,7.0,7.0,0.0,0.0,0.0,0.0,,,,,,,,,,,,0.0,,,,,,,,,,,,,50-59
P437,Perempuan,S1/D4,PNS,Pelaksana,Penata Tk. I/IIId,sistem_lama,0,Tidak Terdaftar,2024,1,,,,,,6.0,5.0,1.0,83.33,3.0,3.0,3.0,0.0,0.0,0.0,0.0,,,,,,,,,,,,0.0,,,,,,,,,,,,,50-59
P437,Perempuan,S1/D4,PNS,Pelaksana,Penata Tk. I/IIId,sistem_lama,0,Tidak Terdaftar,2025,0,0.0,0.0,0.0,,,0.0,0.0,0.0,,0.0,0.0,0.0,0.0,0.0,0.0,0.0,,,,,,,,,,,,0.0,,,,,,,,,,,,,50-59
P437,Perempuan,S1/D4,PNS,Pelaksana,Penata Tk. I/IIId,sistem_lama,0,Tidak Terdaftar,2026,0,0.0,0.0,0.0,,,0.0,0.0,0.0,,0.0,0.0,,0.0,0.0,0.0,0.0,,,,,,,,,,,,0.0,,,,,,,,,,0.0,,,50-59
P438,Laki-laki,SMA/Sederajat,PPNPN,PPNPN,-,sistem_lama,0,Tidak Terdaftar,2023,1,,,,,,28.0,15.0,13.0,53.57,1.0,1.0,1.0,0.0,0.0,0.0,0.0,,,,,,,,,,,,0.0,,,,,,,,,,,,,60+
P438,Laki-laki,SMA/Sederajat,PPNPN,PPNPN,-,sistem_lama,0,Tidak Terdaftar,2024,1,,,,,,43.0,24.0,19.0,55.81,3.0,3.0,3.0,0.0,0.0,0.0,0.0,,,,,,,,,,,,0.0,,,,,,,,,,,,,60+
P438,Laki-laki,SMA/Sederajat,PPNPN,PPNPN,-,sistem_lama,0,Tidak Terdaftar,2025,1,0.0,0.0,0.0,,,34.0,16.0,18.0,47.06,0.0,0.0,0.0,0.0,0.0,0.0,0.0,,,,,,,,,,,,0.0,,,,,,,,,,,,,60+
P438,Laki-laki,SMA/Sederajat,PPNPN,PPNPN,-,sistem_lama,0,Tidak Terdaftar,2026,0,0.0,0.0,0.0,,,0.0,0.0,0.0,,0.0,0.0,,0.0,0.0,0.0,0.0,,,,,,,,,,,,0.0,,,,,,,,,,0.0,,,60+
P439,Perempuan,S2,Fungsional,PNS,IV/a,keduanya,1,Aktif,2023,1,,,,,,28.0,22.0,6.0,78.57,17.0,17.0,17.0,1.0,1.0,13.0,0.0,1.0,2.0,3.0,3.0,1.0,2.0,2.0,2.0,2.0,18.0,66.67,1.0,,,,,,,,,,,,,40-49
P439,Perempuan,S2,Fungsional,PNS,IV/a,keduanya,1,Aktif,2024,1,,,,,,43.0,29.0,14.0,67.44,24.0,24.0,23.0,1.0,0.0,14.0,0.0,1.0,2.0,3.0,3.0,1.0,2.0,2.0,2.0,2.0,18.0,66.67,1.0,Sangat Baik,1.0,1.0,12.0,0.0,,,,,,,Tahunan,40-49
P439,Perempuan,S2,Fungsional,PNS,IV/a,keduanya,1,Aktif,2025,1,162.0,154.0,150.0,7.7,8.79,34.0,18.0,16.0,52.94,14.0,14.0,13.0,1.0,1.0,15.0,0.0,1.0,2.0,3.0,3.0,1.0,2.0,2.0,2.0,2.0,18.0,66.67,1.0,Sangat Baik,1.0,1.0,11.0,0.0,,,,,,,Tahunan,40-49
P439,Perempuan,S2,Fungsional,PNS,IV/a,keduanya,1,Aktif,2026,1,112.0,108.0,110.0,7.41,8.86,18.0,10.0,8.0,55.56,4.0,4.0,,0.0,0.0,15.0,0.0,1.0,2.0,3.0,3.0,1.0,2.0,2.0,2.0,2.0,18.0,66.67,1.0,Sangat Baik,1.0,,,,Sangat Baik,1.0,Sangat Baik,1.0,2.0,1.0,Triwulan (terkini),40-49
P440,Laki-laki,S2,Pelaksana,PNS,III/d,keduanya,1,Aktif,2023,1,,,,,,28.0,26.0,2.0,92.86,10.0,10.0,10.0,1.0,1.0,10.0,0.0,1.0,1.0,2.0,2.0,2.0,2.0,1.0,2.0,1.0,14.0,51.85,1.0,,,,,,,,,,,,,50-59
P440,Laki-laki,S2,Pelaksana,PNS,III/d,keduanya,1,Aktif,2024,1,,,,,,43.0,37.0,6.0,86.05,13.0,13.0,13.0,0.0,0.0,10.0,0.0,1.0,1.0,2.0,2.0,2.0,2.0,1.0,2.0,1.0,14.0,51.85,1.0,Baik,0.0,1.0,12.0,0.0,,,,,,,Tahunan,50-59
P440,Laki-laki,S2,Pelaksana,PNS,III/d,keduanya,1,Aktif,2025,1,217.0,217.0,203.0,6.96,9.31,34.0,34.0,0.0,100.0,1.0,1.0,1.0,0.0,0.0,10.0,0.0,1.0,1.0,2.0,2.0,2.0,2.0,1.0,2.0,1.0,14.0,51.85,1.0,Sangat Baik,1.0,1.0,11.0,0.0,,,,,,,Tahunan,50-59
P440,Laki-laki,S2,Pelaksana,PNS,III/d,keduanya,1,Aktif,2026,1,142.0,142.0,140.0,6.9,9.35,18.0,18.0,0.0,100.0,3.0,3.0,,0.0,0.0,10.0,0.0,1.0,1.0,2.0,2.0,2.0,2.0,1.0,2.0,1.0,14.0,51.85,1.0,Baik,0.0,,,,Baik,0.0,Baik,0.0,2.0,0.0,Triwulan (terkini),50-59
P441,Perempuan,SMA/SMK,Pelaksana,PNS,III/b,keduanya,1,Aktif,2023,1,,,,,,28.0,26.0,2.0,92.86,3.0,3.0,3.0,1.0,1.0,1.0,2.0,2.0,1.0,1.0,1.0,1.0,1.0,1.0,1.0,3.0,12.0,44.44,1.0,,,,,,,,,,,,,50-59
P441,Perempuan,SMA/SMK,Pelaksana,PNS,III/b,keduanya,1,Aktif,2024,1,,,,,,43.0,40.0,3.0,93.02,8.0,8.0,8.0,2.0,2.0,3.0,2.0,2.0,1.0,1.0,1.0,1.0,1.0,1.0,1.0,3.0,12.0,44.44,1.0,Baik,0.0,1.0,12.0,0.0,,,,,,,Tahunan,50-59
P441,Perempuan,SMA/SMK,Pelaksana,PNS,III/b,keduanya,1,Aktif,2025,1,192.0,192.0,182.0,7.44,8.66,34.0,31.0,3.0,91.18,4.0,4.0,4.0,0.0,0.0,3.0,2.0,2.0,1.0,1.0,1.0,1.0,1.0,1.0,1.0,3.0,12.0,44.44,1.0,Baik,0.0,1.0,11.0,0.0,,,,,,,Tahunan,50-59
P441,Perempuan,SMA/SMK,Pelaksana,PNS,III/b,keduanya,1,Aktif,2026,1,126.0,125.0,123.0,7.34,8.91,18.0,15.0,3.0,83.33,3.0,3.0,,0.0,0.0,3.0,2.0,2.0,1.0,1.0,1.0,1.0,1.0,1.0,1.0,3.0,12.0,44.44,1.0,Baik,0.0,,,,Baik,0.0,Baik,0.0,2.0,0.0,Triwulan (terkini),50-59
P442,Laki-laki,SMA/SMK,Pelaksana,PPPK PW,,sistem_baru,1,Aktif,2023,1,,,,,,28.0,16.0,12.0,57.14,0.0,0.0,0.0,0.0,0.0,0.0,0.0,,,,,,,,,,,,0.0,,,,,,,,,,,,,40-49
P442,Laki-laki,SMA/SMK,Pelaksana,PPPK PW,,sistem_baru,1,Aktif,2024,1,,,,,,43.0,42.0,1.0,97.67,0.0,0.0,0.0,0.0,0.0,0.0,0.0,,,,,,,,,,,,0.0,,,,,,,,,,,,,40-49
P442,Laki-laki,SMA/SMK,Pelaksana,PPPK PW,,sistem_baru,1,Aktif,2025,1,0.0,0.0,0.0,,,34.0,33.0,1.0,97.06,0.0,0.0,0.0,0.0,0.0,0.0,0.0,,,,,,,,,,,,0.0,Baik,0.0,1.0,3.0,0.0,,,,,,,Tahunan,40-49
P442,Laki-laki,SMA/SMK,Pelaksana,PPPK PW,,sistem_baru,1,Aktif,2026,1,97.0,95.0,39.0,7.0,12.06,18.0,15.0,3.0,83.33,2.0,2.0,,0.0,0.0,0.0,0.0,,,,,,,,,,,,0.0,Baik,0.0,,,,Baik,0.0,Baik,0.0,2.0,0.0,Triwulan (terkini),40-49
P443,Laki-laki,S2,PNS,Struktural,Pembina/IVa,sistem_lama,0,Tidak Terdaftar,2023,0,,,,,,0.0,0.0,0.0,,0.0,0.0,0.0,0.0,0.0,0.0,0.0,,,,,,,,,,,,0.0,,,,,,,,,,,,,60+
P443,Laki-laki,S2,PNS,Struktural,Pembina/IVa,sistem_lama,0,Tidak Terdaftar,2024,0,,,,,,0.0,0.0,0.0,,0.0,0.0,0.0,0.0,0.0,0.0,0.0,,,,,,,,,,,,0.0,,,,,,,,,,,,,60+
P443,Laki-laki,S2,PNS,Struktural,Pembina/IVa,sistem_lama,0,Tidak Terdaftar,2025,0,0.0,0.0,0.0,,,0.0,0.0,0.0,,0.0,0.0,0.0,0.0,0.0,0.0,0.0,,,,,,,,,,,,0.0,,,,,,,,,,,,,60+
P443,Laki-laki,S2,PNS,Struktural,Pembina/IVa,sistem_lama,0,Tidak Terdaftar,2026,0,0.0,0.0,0.0,,,0.0,0.0,0.0,,0.0,0.0,,0.0,0.0,0.0,0.0,,,,,,,,,,,,0.0,,,,,,,,,,0.0,,,60+
P444,Laki-laki,SMA/SMK,Pelaksana,PPPK PW,,sistem_baru,1,Aktif,2023,1,,,,,,28.0,26.0,2.0,92.86,0.0,0.0,0.0,0.0,0.0,0.0,0.0,,,,,,,,,,,,0.0,,,,,,,,,,,,,40-49
P444,Laki-laki,SMA/SMK,Pelaksana,PPPK PW,,sistem_baru,1,Aktif,2024,1,,,,,,43.0,40.0,3.0,93.02,0.0,0.0,0.0,0.0,0.0,0.0,0.0,,,,,,,,,,,,0.0,,,,,,,,,,,,,40-49
P444,Laki-laki,SMA/SMK,Pelaksana,PPPK PW,,sistem_baru,1,Aktif,2025,1,0.0,0.0,0.0,,,34.0,33.0,1.0,97.06,0.0,0.0,0.0,0.0,0.0,0.0,0.0,,,,,,,,,,,,0.0,Baik,0.0,1.0,3.0,0.0,,,,,,,Tahunan,40-49
P444,Laki-laki,SMA/SMK,Pelaksana,PPPK PW,,sistem_baru,1,Aktif,2026,1,139.0,138.0,134.0,6.44,8.84,18.0,18.0,0.0,100.0,2.0,2.0,,0.0,0.0,0.0,0.0,,,,,,,,,,,,0.0,Baik,0.0,,,,Baik,0.0,Baik,0.0,2.0,0.0,Triwulan (terkini),40-49
P445,Laki-laki,S1/D4,PNS,Fungsional Umum,Penata Tk. I/IIId,sistem_lama,0,Tidak Terdaftar,2023,0,,,,,,0.0,0.0,0.0,,0.0,0.0,0.0,0.0,0.0,0.0,0.0,,,,,,,,,,,,0.0,,,,,,,,,,,,,60+
P445,Laki-laki,S1/D4,PNS,Fungsional Umum,Penata Tk. I/IIId,sistem_lama,0,Tidak Terdaftar,2024,0,,,,,,0.0,0.0,0.0,,0.0,0.0,0.0,0.0,0.0,0.0,0.0,,,,,,,,,,,,0.0,,,,,,,,,,,,,60+
P445,Laki-laki,S1/D4,PNS,Fungsional Umum,Penata Tk. I/IIId,sistem_lama,0,Tidak Terdaftar,2025,0,0.0,0.0,0.0,,,0.0,0.0,0.0,,0.0,0.0,0.0,0.0,0.0,0.0,0.0,,,,,,,,,,,,0.0,,,,,,,,,,,,,60+
P445,Laki-laki,S1/D4,PNS,Fungsional Umum,Penata Tk. I/IIId,sistem_lama,0,Tidak Terdaftar,2026,0,0.0,0.0,0.0,,,0.0,0.0,0.0,,0.0,0.0,,0.0,0.0,0.0,0.0,,,,,,,,,,,,0.0,,,,,,,,,,0.0,,,60+
P446,Perempuan,S2,PNS,Fungsional,Penata/IIIc,sistem_lama,0,Tidak Terdaftar,2023,0,,,,,,0.0,0.0,0.0,,0.0,0.0,0.0,0.0,0.0,0.0,0.0,,,,,,,,,,,,0.0,,,,,,,,,,,,,50-59
P446,Perempuan,S2,PNS,Fungsional,Penata/IIIc,sistem_lama,0,Tidak Terdaftar,2024,0,,,,,,0.0,0.0,0.0,,0.0,0.0,0.0,0.0,0.0,0.0,0.0,,,,,,,,,,,,0.0,,,,,,,,,,,,,50-59
P446,Perempuan,S2,PNS,Fungsional,Penata/IIIc,sistem_lama,0,Tidak Terdaftar,2025,0,0.0,0.0,0.0,,,0.0,0.0,0.0,,0.0,0.0,0.0,0.0,0.0,0.0,0.0,,,,,,,,,,,,0.0,,,,,,,,,,,,,50-59
P446,Perempuan,S2,PNS,Fungsional,Penata/IIIc,sistem_lama,0,Tidak Terdaftar,2026,0,0.0,0.0,0.0,,,0.0,0.0,0.0,,0.0,0.0,,0.0,0.0,0.0,0.0,,,,,,,,,,,,0.0,,,,,,,,,,0.0,,,60+
P447,Perempuan,S2,Fungsional,PNS,III/d,keduanya,1,Aktif,2023,1,,,,,,28.0,19.0,9.0,67.86,13.0,13.0,13.0,1.0,1.0,10.0,6.0,,,,,,,,,,,,0.0,,,,,,,,,,,,,50-59
P447,Perempuan,S2,Fungsional,PNS,III/d,keduanya,1,Aktif,2024,1,,,,,,43.0,30.0,13.0,69.77,19.0,19.0,18.0,1.0,1.0,11.0,6.0,,,,,,,,,,,,0.0,Sangat Baik,1.0,1.0,12.0,0.0,,,,,,,Tahunan,50-59
P447,Perempuan,S2,Fungsional,PNS,III/d,keduanya,1,Aktif,2025,1,184.0,183.0,165.0,7.25,9.19,34.0,12.0,22.0,35.29,10.0,10.0,10.0,0.0,0.0,11.0,6.0,,,,,,,,,,,,0.0,Sangat Baik,1.0,2.0,11.0,0.0,,,,,,,Tahunan,50-59
P447,Perempuan,S2,Fungsional,PNS,III/d,keduanya,1,Aktif,2026,1,33.0,33.0,31.0,7.01,9.61,18.0,6.0,12.0,33.33,6.0,6.0,,0.0,0.0,11.0,6.0,,,,,,,,,,,,0.0,Baik,0.0,,,,Baik,0.0,Baik,0.0,2.0,0.0,Triwulan (terkini),50-59
P448,Perempuan,SMA/Sederajat,PNS,Fungsional Umum,Penata Muda Tk. I/IIIb,sistem_lama,0,Tidak Terdaftar,2023,0,,,,,,0.0,0.0,0.0,,0.0,0.0,0.0,0.0,0.0,0.0,0.0,,,,,,,,,,,,0.0,,,,,,,,,,,,,50-59
P448,Perempuan,SMA/Sederajat,PNS,Fungsional Umum,Penata Muda Tk. I/IIIb,sistem_lama,0,Tidak Terdaftar,2024,0,,,,,,0.0,0.0,0.0,,0.0,0.0,0.0,0.0,0.0,0.0,0.0,,,,,,,,,,,,0.0,,,,,,,,,,,,,50-59
P448,Perempuan,SMA/Sederajat,PNS,Fungsional Umum,Penata Muda Tk. I/IIIb,sistem_lama,0,Tidak Terdaftar,2025,0,0.0,0.0,0.0,,,0.0,0.0,0.0,,0.0,0.0,0.0,0.0,0.0,0.0,0.0,,,,,,,,,,,,0.0,,,,,,,,,,,,,60+
P448,Perempuan,SMA/Sederajat,PNS,Fungsional Umum,Penata Muda Tk. I/IIIb,sistem_lama,0,Tidak Terdaftar,2026,0,0.0,0.0,0.0,,,0.0,0.0,0.0,,0.0,0.0,,0.0,0.0,0.0,0.0,,,,,,,,,,,,0.0,,,,,,,,,,0.0,,,60+
P449,Laki-laki,S2,Fungsional,PNS,IV/c,keduanya,1,Aktif,2023,1,,,,,,28.0,21.0,7.0,75.0,18.0,18.0,18.0,2.0,2.0,14.0,1.0,2.0,1.0,1.0,2.0,1.0,2.0,2.0,2.0,2.0,15.0,55.56,1.0,,,,,,,,,,,,,40-49
P449,Laki-laki,S2,Fungsional,PNS,IV/c,keduanya,1,Aktif,2024,1,,,,,,43.0,37.0,6.0,86.05,18.0,18.0,18.0,1.0,1.0,15.0,1.0,2.0,1.0,1.0,2.0,1.0,2.0,2.0,2.0,2.0,15.0,55.56,1.0,Sangat Baik,1.0,1.0,12.0,0.0,,,,,,,Tahunan,40-49
P449,Laki-laki,S2,Fungsional,PNS,IV/c,keduanya,1,Aktif,2025,1,172.0,171.0,144.0,7.08,9.7,34.0,24.0,10.0,70.59,6.0,6.0,5.0,0.0,0.0,15.0,1.0,2.0,1.0,1.0,2.0,1.0,2.0,2.0,2.0,2.0,15.0,55.56,1.0,Baik,0.0,1.0,11.0,0.0,,,,,,,Tahunan,40-49
P449,Laki-laki,S2,Fungsional,PNS,IV/c,keduanya,1,Aktif,2026,1,132.0,132.0,128.0,6.87,10.16,18.0,16.0,2.0,88.89,8.0,8.0,,0.0,0.0,15.0,1.0,2.0,1.0,1.0,2.0,1.0,2.0,2.0,2.0,2.0,15.0,55.56,1.0,Baik,0.0,,,,Baik,0.0,Baik,0.0,2.0,0.0,Triwulan (terkini),40-49
